2026-06-15 09:43:06,592 | INFO | Flight booking request received | user=Test | flight_id=9999 | passengers=1
2026-06-15 09:43:06,593 | WARNING | Flight booking failed | reason=Flight Not Found | flight_id=9999
2026-06-15 09:43:06,599 | INFO | HTTP Request: POST http://testserver/book "HTTP/1.1 200 OK"
2026-06-15 09:43:06,614 | INFO | HTTP Request: GET http://testserver/flights "HTTP/1.1 200 OK"
2026-06-15 09:43:06,632 | INFO | Hotels fetched | count=8
2026-06-15 09:43:06,635 | INFO | HTTP Request: GET http://testserver/hotels "HTTP/1.1 200 OK"
2026-06-15 09:43:06,651 | INFO | HTTP Request: GET http://testserver/flights "HTTP/1.1 200 OK"
2026-06-15 09:43:06,678 | INFO | HTTP Request: GET http://testserver/buses "HTTP/1.1 200 OK"
2026-06-15 09:43:06,705 | INFO | HTTP Request: GET http://testserver/trains "HTTP/1.1 200 OK"
2026-06-15 09:43:06,717 | INFO | Hotels fetched | count=8
2026-06-15 09:43:06,720 | INFO | HTTP Request: GET http://testserver/hotels "HTTP/1.1 200 OK"
2026-06-15 09:43:06,730 | INFO | Flight booking request received | user=Test User | flight_id=1 | passengers=1
2026-06-15 09:43:06,740 | INFO | Flight booked successfully | booking_id=BK8614 | pnr=MMT87945 | user=Test User | remaining_seats=37
2026-06-15 09:43:06,745 | INFO | HTTP Request: POST http://testserver/book "HTTP/1.1 200 OK"
2026-06-15 09:43:06,774 | INFO | HTTP Request: POST http://testserver/book-bus "HTTP/1.1 200 OK"
2026-06-15 09:43:06,803 | INFO | HTTP Request: POST http://testserver/book-train "HTTP/1.1 200 OK"
2026-06-15 09:43:06,818 | INFO | Hotel booking request received | user=Test User | hotel_id=1 | rooms_requested=1
2026-06-15 09:43:06,830 | INFO | Hotel booked successfully | booking_id=HTBK5509 | pnr=HTL47570 | user=Test User | remaining_rooms=16
2026-06-15 09:43:06,835 | INFO | HTTP Request: POST http://testserver/book-hotel "HTTP/1.1 200 OK"
2026-06-17 08:26:00,905 | INFO | Flight booking request received | user=Test | flight_id=9999 | passengers=1
2026-06-17 08:26:00,907 | WARNING | Flight booking failed | reason=Flight Not Found | flight_id=9999
2026-06-17 08:26:00,912 | INFO | HTTP Request: POST http://testserver/book "HTTP/1.1 200 OK"
2026-06-17 08:26:01,306 | INFO | HTTP Request: GET http://testserver/flights "HTTP/1.1 200 OK"
2026-06-17 08:26:01,324 | INFO | Hotels fetched | count=8
2026-06-17 08:26:01,330 | INFO | HTTP Request: GET http://testserver/hotels "HTTP/1.1 200 OK"
2026-06-17 08:26:01,347 | INFO | HTTP Request: GET http://testserver/flights "HTTP/1.1 200 OK"
2026-06-17 08:26:01,369 | INFO | HTTP Request: GET http://testserver/buses "HTTP/1.1 200 OK"
2026-06-17 08:26:01,388 | INFO | HTTP Request: GET http://testserver/trains "HTTP/1.1 200 OK"
2026-06-17 08:26:01,400 | INFO | Hotels fetched | count=8
2026-06-17 08:26:01,404 | INFO | HTTP Request: GET http://testserver/hotels "HTTP/1.1 200 OK"
2026-06-17 08:26:01,414 | INFO | Flight booking request received | user=Test User | flight_id=1 | passengers=1
2026-06-17 08:26:01,427 | INFO | Flight booked successfully | booking_id=BK7028 | pnr=MMT36092 | user=Test User | remaining_seats=36
2026-06-17 08:26:01,431 | INFO | HTTP Request: POST http://testserver/book "HTTP/1.1 200 OK"
2026-06-17 08:26:01,459 | INFO | HTTP Request: POST http://testserver/book-bus "HTTP/1.1 200 OK"
2026-06-17 08:26:01,489 | INFO | HTTP Request: POST http://testserver/book-train "HTTP/1.1 200 OK"
2026-06-17 08:26:01,502 | INFO | Hotel booking request received | user=Test User | hotel_id=1 | rooms_requested=1
2026-06-17 08:26:01,512 | INFO | Hotel booked successfully | booking_id=HTBK2897 | pnr=HTL94924 | user=Test User | remaining_rooms=15
2026-06-17 08:26:01,517 | INFO | HTTP Request: POST http://testserver/book-hotel "HTTP/1.1 200 OK"
2026-06-17 08:27:49,628 | INFO | Flight booking request received | user=Test | flight_id=9999 | passengers=1
2026-06-17 08:27:49,629 | WARNING | Flight booking failed | reason=Flight Not Found | flight_id=9999
2026-06-17 08:27:49,635 | INFO | HTTP Request: POST http://testserver/book "HTTP/1.1 200 OK"
2026-06-17 08:27:49,650 | INFO | Flight booking request received | user=Tester | flight_id=9999 | passengers=1
2026-06-17 08:27:49,651 | WARNING | Flight booking failed | reason=Flight Not Found | flight_id=9999
2026-06-17 08:27:49,654 | INFO | HTTP Request: POST http://testserver/book "HTTP/1.1 200 OK"
2026-06-17 08:27:49,671 | INFO | Hotel booking request received | user=Tester | hotel_id=1 | rooms_requested=1000
2026-06-17 08:27:49,672 | WARNING | Hotel booking failed | reason=Not Enough Rooms | available=15 | requested=1000
2026-06-17 08:27:49,677 | INFO | HTTP Request: POST http://testserver/book-hotel "HTTP/1.1 200 OK"
2026-06-17 08:27:49,702 | INFO | HTTP Request: POST http://testserver/book-bus "HTTP/1.1 200 OK"
2026-06-17 08:27:49,725 | INFO | HTTP Request: POST http://testserver/book-train "HTTP/1.1 200 OK"
2026-06-17 08:27:49,743 | INFO | HTTP Request: GET http://testserver/flights "HTTP/1.1 200 OK"
2026-06-17 08:27:49,759 | INFO | Hotels fetched | count=8
2026-06-17 08:27:49,764 | INFO | HTTP Request: GET http://testserver/hotels "HTTP/1.1 200 OK"
2026-06-17 08:27:49,784 | INFO | HTTP Request: GET http://testserver/flights "HTTP/1.1 200 OK"
2026-06-17 08:27:49,904 | INFO | HTTP Request: GET http://testserver/buses "HTTP/1.1 200 OK"
2026-06-17 08:27:49,920 | INFO | HTTP Request: GET http://testserver/trains "HTTP/1.1 200 OK"
2026-06-17 08:27:49,943 | INFO | Hotels fetched | count=8
2026-06-17 08:27:49,947 | INFO | HTTP Request: GET http://testserver/hotels "HTTP/1.1 200 OK"
2026-06-17 08:27:49,957 | INFO | Flight booking request received | user=Test User | flight_id=1 | passengers=1
2026-06-17 08:27:49,966 | INFO | Flight booked successfully | booking_id=BK1132 | pnr=MMT35969 | user=Test User | remaining_seats=35
2026-06-17 08:27:49,969 | INFO | HTTP Request: POST http://testserver/book "HTTP/1.1 200 OK"
2026-06-17 08:27:49,988 | INFO | HTTP Request: POST http://testserver/book-bus "HTTP/1.1 200 OK"
2026-06-17 08:27:50,019 | INFO | HTTP Request: POST http://testserver/book-train "HTTP/1.1 200 OK"
2026-06-17 08:27:50,034 | INFO | Hotel booking request received | user=Test User | hotel_id=1 | rooms_requested=1
2026-06-17 08:27:50,046 | INFO | Hotel booked successfully | booking_id=HTBK4715 | pnr=HTL44226 | user=Test User | remaining_rooms=14
2026-06-17 08:27:50,050 | INFO | HTTP Request: POST http://testserver/book-hotel "HTTP/1.1 200 OK"
2026-06-17 08:38:45,497 | INFO | Flight booking request received | user=Test | flight_id=9999 | passengers=1
2026-06-17 08:38:45,500 | WARNING | Flight booking failed | reason=Flight Not Found | flight_id=9999
2026-06-17 08:38:45,508 | INFO | HTTP Request: POST http://testserver/book "HTTP/1.1 200 OK"
2026-06-17 08:38:45,532 | INFO | Flight booking request received | user=Tester | flight_id=9999 | passengers=1
2026-06-17 08:38:45,533 | WARNING | Flight booking failed | reason=Flight Not Found | flight_id=9999
2026-06-17 08:38:45,540 | INFO | HTTP Request: POST http://testserver/book "HTTP/1.1 200 OK"
2026-06-17 08:38:45,626 | INFO | Hotel booking request received | user=Tester | hotel_id=1 | rooms_requested=1000
2026-06-17 08:38:45,627 | WARNING | Hotel booking failed | reason=Not Enough Rooms | available=14 | requested=1000
2026-06-17 08:38:45,634 | INFO | HTTP Request: POST http://testserver/book-hotel "HTTP/1.1 200 OK"
2026-06-17 08:38:45,668 | INFO | Bus booking request received | user=Tester | bus_id=1 | passengers=100
2026-06-17 08:38:45,670 | WARNING | Bus booking failed | reason=Not Enough Seats | available=12 | requested=100
2026-06-17 08:38:45,676 | INFO | HTTP Request: POST http://testserver/book-bus "HTTP/1.1 200 OK"
2026-06-17 08:38:45,721 | INFO | Train booking request received | user=Tester | train_id=1 | passengers=1000
2026-06-17 08:38:45,722 | WARNING | Train booking failed | reason=Not Enough Seats | available=114 | requested=1000
2026-06-17 08:38:45,731 | INFO | HTTP Request: POST http://testserver/book-train "HTTP/1.1 200 OK"
2026-06-17 08:38:45,763 | INFO | Flights fetched
2026-06-17 08:38:45,773 | INFO | HTTP Request: GET http://testserver/flights "HTTP/1.1 200 OK"
2026-06-17 08:38:45,807 | INFO | Hotels fetched | count=8
2026-06-17 08:38:45,818 | INFO | HTTP Request: GET http://testserver/hotels "HTTP/1.1 200 OK"
2026-06-17 08:38:45,834 | INFO | Flights fetched
2026-06-17 08:38:45,838 | INFO | HTTP Request: GET http://testserver/flights "HTTP/1.1 200 OK"
2026-06-17 08:38:48,722 | INFO | Hotels fetched | count=8
2026-06-17 08:38:48,724 | INFO | HTTP Request: GET http://testserver/hotels "HTTP/1.1 200 OK"
2026-06-17 08:38:48,733 | INFO | Flight booking request received | user=Test User | flight_id=1 | passengers=1
2026-06-17 08:38:48,746 | INFO | Flight booked successfully | booking_id=BK6226 | pnr=MMT26145 | user=Test User | remaining_seats=34
2026-06-17 08:38:48,749 | INFO | HTTP Request: POST http://testserver/book "HTTP/1.1 200 OK"
2026-06-17 08:38:48,760 | INFO | Bus booking request received | user=Test User | bus_id=1 | passengers=1
2026-06-17 08:38:48,770 | INFO | Bus booked successfully | booking_id=BUSBK9193 | pnr=BUS75963 | remaining_seats=11
2026-06-17 08:38:48,773 | INFO | HTTP Request: POST http://testserver/book-bus "HTTP/1.1 200 OK"
2026-06-17 08:38:48,783 | INFO | Train booking request received | user=Test User | train_id=1 | passengers=1
2026-06-17 08:38:48,794 | INFO | Train booked successfully | booking_id=TRBK5861 | pnr=TRN95260 | remaining_seats=113
2026-06-17 08:38:48,797 | INFO | HTTP Request: POST http://testserver/book-train "HTTP/1.1 200 OK"
2026-06-17 08:38:48,809 | INFO | Hotel booking request received | user=Test User | hotel_id=1 | rooms_requested=1
2026-06-17 08:38:48,819 | INFO | Hotel booked successfully | booking_id=HTBK7884 | pnr=HTL97263 | user=Test User | remaining_rooms=13
2026-06-17 08:38:48,823 | INFO | HTTP Request: POST http://testserver/book-hotel "HTTP/1.1 200 OK"
2026-06-17 08:38:56,115 | INFO | Flight booking request received | user=Test | flight_id=9999 | passengers=1
2026-06-17 08:38:56,116 | WARNING | Flight booking failed | reason=Flight Not Found | flight_id=9999
2026-06-17 08:38:56,121 | INFO | HTTP Request: POST http://testserver/book "HTTP/1.1 200 OK"
2026-06-17 08:38:56,133 | INFO | Flight booking request received | user=Tester | flight_id=9999 | passengers=1
2026-06-17 08:38:56,134 | WARNING | Flight booking failed | reason=Flight Not Found | flight_id=9999
2026-06-17 08:38:56,137 | INFO | HTTP Request: POST http://testserver/book "HTTP/1.1 200 OK"
2026-06-17 08:38:56,156 | INFO | Hotel booking request received | user=Tester | hotel_id=1 | rooms_requested=1000
2026-06-17 08:38:56,157 | WARNING | Hotel booking failed | reason=Not Enough Rooms | available=13 | requested=1000
2026-06-17 08:38:56,160 | INFO | HTTP Request: POST http://testserver/book-hotel "HTTP/1.1 200 OK"
2026-06-17 08:38:56,178 | INFO | Bus booking request received | user=Tester | bus_id=1 | passengers=100
2026-06-17 08:38:56,178 | WARNING | Bus booking failed | reason=Not Enough Seats | available=11 | requested=100
2026-06-17 08:38:56,182 | INFO | HTTP Request: POST http://testserver/book-bus "HTTP/1.1 200 OK"
2026-06-17 08:38:56,201 | INFO | Train booking request received | user=Tester | train_id=1 | passengers=1000
2026-06-17 08:38:56,202 | WARNING | Train booking failed | reason=Not Enough Seats | available=113 | requested=1000
2026-06-17 08:38:56,205 | INFO | HTTP Request: POST http://testserver/book-train "HTTP/1.1 200 OK"
2026-06-17 08:38:56,219 | INFO | Flights fetched
2026-06-17 08:38:56,223 | INFO | HTTP Request: GET http://testserver/flights "HTTP/1.1 200 OK"
2026-06-17 08:38:56,233 | INFO | Hotels fetched | count=8
2026-06-17 08:38:56,238 | INFO | HTTP Request: GET http://testserver/hotels "HTTP/1.1 200 OK"
2026-06-17 08:38:56,251 | INFO | Flights fetched
2026-06-17 08:38:56,257 | INFO | HTTP Request: GET http://testserver/flights "HTTP/1.1 200 OK"
2026-06-17 08:38:58,071 | INFO | Hotels fetched | count=8
2026-06-17 08:38:58,073 | INFO | HTTP Request: GET http://testserver/hotels "HTTP/1.1 200 OK"
2026-06-17 08:38:58,084 | INFO | Flight booking request received | user=Test User | flight_id=1 | passengers=1
2026-06-17 08:38:58,095 | INFO | Flight booked successfully | booking_id=BK2468 | pnr=MMT32438 | user=Test User | remaining_seats=33
2026-06-17 08:38:58,099 | INFO | HTTP Request: POST http://testserver/book "HTTP/1.1 200 OK"
2026-06-17 08:38:58,108 | INFO | Bus booking request received | user=Test User | bus_id=1 | passengers=1
2026-06-17 08:38:58,118 | INFO | Bus booked successfully | booking_id=BUSBK1820 | pnr=BUS94090 | remaining_seats=10
2026-06-17 08:38:58,122 | INFO | HTTP Request: POST http://testserver/book-bus "HTTP/1.1 200 OK"
2026-06-17 08:38:58,132 | INFO | Train booking request received | user=Test User | train_id=1 | passengers=1
2026-06-17 08:38:58,142 | INFO | Train booked successfully | booking_id=TRBK5150 | pnr=TRN51188 | remaining_seats=112
2026-06-17 08:38:58,147 | INFO | HTTP Request: POST http://testserver/book-train "HTTP/1.1 200 OK"
2026-06-17 08:38:58,159 | INFO | Hotel booking request received | user=Test User | hotel_id=1 | rooms_requested=1
2026-06-17 08:38:58,168 | INFO | Hotel booked successfully | booking_id=HTBK1266 | pnr=HTL84635 | user=Test User | remaining_rooms=12
2026-06-17 08:38:58,172 | INFO | HTTP Request: POST http://testserver/book-hotel "HTTP/1.1 200 OK"
2026-06-17 08:41:29,750 | INFO | Flight booking request received | user=Test | flight_id=9999 | passengers=1
2026-06-17 08:41:29,751 | WARNING | Flight booking failed | reason=Flight Not Found | flight_id=9999
2026-06-17 08:41:29,755 | INFO | HTTP Request: POST http://testserver/book "HTTP/1.1 200 OK"
2026-06-17 08:41:29,767 | INFO | Flight booking request received | user=Tester | flight_id=9999 | passengers=1
2026-06-17 08:41:29,768 | WARNING | Flight booking failed | reason=Flight Not Found | flight_id=9999
2026-06-17 08:41:29,772 | INFO | HTTP Request: POST http://testserver/book "HTTP/1.1 200 OK"
2026-06-17 08:41:29,791 | INFO | Hotel booking request received | user=Tester | hotel_id=1 | rooms_requested=1000
2026-06-17 08:41:29,791 | WARNING | Hotel booking failed | reason=Not Enough Rooms | available=12 | requested=1000
2026-06-17 08:41:29,795 | INFO | HTTP Request: POST http://testserver/book-hotel "HTTP/1.1 200 OK"
2026-06-17 08:41:29,816 | INFO | Bus booking request received | user=Tester | bus_id=1 | passengers=100
2026-06-17 08:41:29,817 | WARNING | Bus booking failed | reason=Not Enough Seats | available=10 | requested=100
2026-06-17 08:41:29,820 | INFO | HTTP Request: POST http://testserver/book-bus "HTTP/1.1 200 OK"
2026-06-17 08:41:29,837 | INFO | HTTP Request: POST http://testserver/book-train "HTTP/1.1 404 Not Found"
2026-06-17 08:41:30,109 | INFO | Flights fetched
2026-06-17 08:41:30,113 | INFO | HTTP Request: GET http://testserver/flights "HTTP/1.1 200 OK"
2026-06-17 08:41:30,124 | INFO | Hotels fetched | count=8
2026-06-17 08:41:30,128 | INFO | HTTP Request: GET http://testserver/hotels "HTTP/1.1 200 OK"
2026-06-17 08:41:30,141 | INFO | Flights fetched
2026-06-17 08:41:30,145 | INFO | HTTP Request: GET http://testserver/flights "HTTP/1.1 200 OK"
2026-06-17 08:41:30,159 | INFO | Buses fetched | count=6
2026-06-17 08:41:30,163 | INFO | HTTP Request: GET http://testserver/buses "HTTP/1.1 200 OK"
2026-06-17 08:41:30,177 | INFO | Trains fetched | count=10
2026-06-17 08:41:30,184 | INFO | HTTP Request: GET http://testserver/trains "HTTP/1.1 200 OK"
2026-06-17 08:41:30,196 | INFO | Hotels fetched | count=8
2026-06-17 08:41:30,201 | INFO | HTTP Request: GET http://testserver/hotels "HTTP/1.1 200 OK"
2026-06-17 08:41:30,211 | INFO | Flight booking request received | user=Test User | flight_id=1 | passengers=1
2026-06-17 08:41:30,223 | INFO | Flight booked successfully | booking_id=BK8524 | pnr=MMT40877 | user=Test User | remaining_seats=32
2026-06-17 08:41:30,227 | INFO | HTTP Request: POST http://testserver/book "HTTP/1.1 200 OK"
2026-06-17 08:41:30,241 | INFO | Bus booking request received | user=Test User | bus_id=1 | passengers=1
2026-06-17 08:41:30,251 | INFO | Bus booked successfully | booking_id=BUSBK1996 | pnr=BUS78242 | remaining_seats=9
2026-06-17 08:41:30,256 | INFO | HTTP Request: POST http://testserver/book-bus "HTTP/1.1 200 OK"
2026-06-17 08:41:30,268 | INFO | HTTP Request: POST http://testserver/book-train "HTTP/1.1 404 Not Found"
2026-06-17 08:41:30,291 | INFO | Hotel booking request received | user=Test User | hotel_id=1 | rooms_requested=1
2026-06-17 08:41:30,301 | INFO | Hotel booked successfully | booking_id=HTBK8039 | pnr=HTL34802 | user=Test User | remaining_rooms=11
2026-06-17 08:41:30,305 | INFO | HTTP Request: POST http://testserver/book-hotel "HTTP/1.1 200 OK"
2026-06-17 08:43:44,376 | INFO | Flight booking request received | user=Test | flight_id=9999 | passengers=1
2026-06-17 08:43:44,376 | WARNING | Flight booking failed | reason=Flight Not Found | flight_id=9999
2026-06-17 08:43:44,380 | INFO | HTTP Request: POST http://testserver/book "HTTP/1.1 200 OK"
2026-06-17 08:43:44,391 | INFO | Flight booking request received | user=Tester | flight_id=9999 | passengers=1
2026-06-17 08:43:44,391 | WARNING | Flight booking failed | reason=Flight Not Found | flight_id=9999
2026-06-17 08:43:44,395 | INFO | HTTP Request: POST http://testserver/book "HTTP/1.1 200 OK"
2026-06-17 08:43:44,414 | INFO | Hotel booking request received | user=Tester | hotel_id=1 | rooms_requested=1000
2026-06-17 08:43:44,415 | WARNING | Hotel booking failed | reason=Not Enough Rooms | available=11 | requested=1000
2026-06-17 08:43:44,418 | INFO | HTTP Request: POST http://testserver/book-hotel "HTTP/1.1 200 OK"
2026-06-17 08:43:44,436 | INFO | Bus booking request received | user=Tester | bus_id=1 | passengers=100
2026-06-17 08:43:44,436 | WARNING | Bus booking failed | reason=Not Enough Seats | available=9 | requested=100
2026-06-17 08:43:44,439 | INFO | HTTP Request: POST http://testserver/book-bus "HTTP/1.1 200 OK"
2026-06-17 08:43:44,459 | INFO | Train booking request received | user=Tester | train_id=1 | passengers=1000
2026-06-17 08:43:44,460 | WARNING | Train booking failed | reason=Not Enough Seats | available=112 | requested=1000
2026-06-17 08:43:44,464 | INFO | HTTP Request: POST http://testserver/book-train "HTTP/1.1 200 OK"
2026-06-17 08:43:44,477 | INFO | Flights fetched
2026-06-17 08:43:44,482 | INFO | HTTP Request: GET http://testserver/flights "HTTP/1.1 200 OK"
2026-06-17 08:43:44,492 | INFO | Hotels fetched | count=8
2026-06-17 08:43:44,496 | INFO | HTTP Request: GET http://testserver/hotels "HTTP/1.1 200 OK"
2026-06-17 08:43:44,507 | INFO | Flights fetched
2026-06-17 08:43:44,512 | INFO | HTTP Request: GET http://testserver/flights "HTTP/1.1 200 OK"
2026-06-17 08:43:44,526 | INFO | Buses fetched | count=6
2026-06-17 08:43:44,531 | INFO | HTTP Request: GET http://testserver/buses "HTTP/1.1 200 OK"
2026-06-17 08:43:44,546 | INFO | Trains fetched | count=10
2026-06-17 08:43:44,550 | INFO | HTTP Request: GET http://testserver/trains "HTTP/1.1 200 OK"
2026-06-17 08:43:44,562 | INFO | Hotels fetched | count=8
2026-06-17 08:43:44,566 | INFO | HTTP Request: GET http://testserver/hotels "HTTP/1.1 200 OK"
2026-06-17 08:43:44,576 | INFO | Flight booking request received | user=Test User | flight_id=1 | passengers=1
2026-06-17 08:43:44,589 | INFO | Flight booked successfully | booking_id=BK7952 | pnr=MMT31985 | user=Test User | remaining_seats=31
2026-06-17 08:43:44,592 | INFO | HTTP Request: POST http://testserver/book "HTTP/1.1 200 OK"
2026-06-17 08:43:44,604 | INFO | Bus booking request received | user=Test User | bus_id=1 | passengers=1
2026-06-17 08:43:44,615 | INFO | Bus booked successfully | booking_id=BUSBK1124 | pnr=BUS29252 | remaining_seats=8
2026-06-17 08:43:44,618 | INFO | HTTP Request: POST http://testserver/book-bus "HTTP/1.1 200 OK"
2026-06-17 08:43:44,631 | INFO | Train booking request received | user=Test User | train_id=1 | passengers=1
2026-06-17 08:43:44,641 | INFO | Train booked successfully | booking_id=TRBK3393 | pnr=TRN22249 | remaining_seats=111
2026-06-17 08:43:44,646 | INFO | HTTP Request: POST http://testserver/book-train "HTTP/1.1 200 OK"
2026-06-17 08:43:44,658 | INFO | Hotel booking request received | user=Test User | hotel_id=1 | rooms_requested=1
2026-06-17 08:43:44,669 | INFO | Hotel booked successfully | booking_id=HTBK7082 | pnr=HTL97234 | user=Test User | remaining_rooms=10
2026-06-17 08:43:44,673 | INFO | HTTP Request: POST http://testserver/book-hotel "HTTP/1.1 200 OK"
2026-06-17 08:52:30,037 | INFO | Flight booking request received | user=Test | flight_id=9999 | passengers=1
2026-06-17 08:52:30,038 | WARNING | Flight booking failed | reason=Flight Not Found | flight_id=9999
2026-06-17 08:52:30,042 | INFO | HTTP Request: POST http://testserver/book "HTTP/1.1 200 OK"
2026-06-17 08:52:30,055 | INFO | Flight booking request received | user=Tester | flight_id=9999 | passengers=1
2026-06-17 08:52:30,056 | WARNING | Flight booking failed | reason=Flight Not Found | flight_id=9999
2026-06-17 08:52:30,060 | INFO | HTTP Request: POST http://testserver/book "HTTP/1.1 200 OK"
2026-06-17 08:52:30,079 | INFO | Hotel booking request received | user=Tester | hotel_id=1 | rooms_requested=1000
2026-06-17 08:52:30,080 | WARNING | Hotel booking failed | reason=Not Enough Rooms | available=10 | requested=1000
2026-06-17 08:52:30,082 | INFO | HTTP Request: POST http://testserver/book-hotel "HTTP/1.1 200 OK"
2026-06-17 08:52:30,105 | INFO | Bus booking request received | user=Tester | bus_id=1 | passengers=100
2026-06-17 08:52:30,105 | WARNING | Bus booking failed | reason=Not Enough Seats | available=8 | requested=100
2026-06-17 08:52:30,110 | INFO | HTTP Request: POST http://testserver/book-bus "HTTP/1.1 200 OK"
2026-06-17 08:52:30,130 | INFO | Train booking request received | user=Tester | train_id=1 | passengers=1000
2026-06-17 08:52:30,131 | WARNING | Train booking failed | reason=Not Enough Seats | available=111 | requested=1000
2026-06-17 08:52:30,133 | INFO | HTTP Request: POST http://testserver/book-train "HTTP/1.1 200 OK"
2026-06-17 08:52:30,145 | INFO | Flights fetched
2026-06-17 08:52:30,149 | INFO | HTTP Request: GET http://testserver/flights "HTTP/1.1 200 OK"
2026-06-17 08:52:30,164 | INFO | Hotels fetched | count=8
2026-06-17 08:52:30,168 | INFO | HTTP Request: GET http://testserver/hotels "HTTP/1.1 200 OK"
2026-06-17 08:52:30,180 | INFO | Flights fetched
2026-06-17 08:52:30,186 | INFO | HTTP Request: GET http://testserver/flights "HTTP/1.1 200 OK"
2026-06-17 08:52:30,196 | INFO | Buses fetched | count=6
2026-06-17 08:52:30,200 | INFO | HTTP Request: GET http://testserver/buses "HTTP/1.1 200 OK"
2026-06-17 08:52:30,210 | INFO | Trains fetched | count=10
2026-06-17 08:52:30,213 | INFO | HTTP Request: GET http://testserver/trains "HTTP/1.1 200 OK"
2026-06-17 08:52:30,222 | INFO | Hotels fetched | count=8
2026-06-17 08:52:30,225 | INFO | HTTP Request: GET http://testserver/hotels "HTTP/1.1 200 OK"
2026-06-17 08:52:30,235 | INFO | Flight booking request received | user=Test User | flight_id=1 | passengers=1
2026-06-17 08:52:30,245 | INFO | Flight booked successfully | booking_id=BK4903 | pnr=MMT89117 | user=Test User | remaining_seats=30
2026-06-17 08:52:30,248 | INFO | HTTP Request: POST http://testserver/book "HTTP/1.1 200 OK"
2026-06-17 08:52:30,257 | INFO | Bus booking request received | user=Test User | bus_id=1 | passengers=1
2026-06-17 08:52:30,265 | INFO | Bus booked successfully | booking_id=BUSBK5186 | pnr=BUS37049 | remaining_seats=7
2026-06-17 08:52:30,268 | INFO | HTTP Request: POST http://testserver/book-bus "HTTP/1.1 200 OK"
2026-06-17 08:52:30,276 | INFO | Train booking request received | user=Test User | train_id=1 | passengers=1
2026-06-17 08:52:30,284 | INFO | Train booked successfully | booking_id=TRBK3100 | pnr=TRN98710 | remaining_seats=110
2026-06-17 08:52:30,287 | INFO | HTTP Request: POST http://testserver/book-train "HTTP/1.1 200 OK"
2026-06-17 08:52:30,296 | INFO | Hotel booking request received | user=Test User | hotel_id=1 | rooms_requested=1
2026-06-17 08:52:30,304 | INFO | Hotel booked successfully | booking_id=HTBK4947 | pnr=HTL60824 | user=Test User | remaining_rooms=9
2026-06-17 08:52:30,307 | INFO | HTTP Request: POST http://testserver/book-hotel "HTTP/1.1 200 OK"
2026-06-17 08:54:51,816 | INFO | Flight booking request received | user=Test | flight_id=9999 | passengers=1
2026-06-17 08:54:51,817 | WARNING | Flight booking failed | reason=Flight Not Found | flight_id=9999
2026-06-17 08:54:51,824 | INFO | HTTP Request: POST http://testserver/book "HTTP/1.1 200 OK"
2026-06-17 08:54:51,834 | INFO | Flight booking request received | user=Bug Tester | flight_id=1 | passengers=-5
2026-06-17 08:54:51,835 | WARNING | Flight booking failed | reason=Invalid Passenger Count | requested=-5
2026-06-17 08:54:51,838 | INFO | HTTP Request: POST http://testserver/book "HTTP/1.1 200 OK"
2026-06-17 08:54:51,860 | INFO | Bus booking request received | user=Bug Tester | bus_id=1 | passengers=-2
2026-06-17 08:54:51,862 | WARNING | Bus booking failed | reason=Invalid Passenger Count | requested=-2
2026-06-17 08:54:51,865 | INFO | HTTP Request: POST http://testserver/book-bus "HTTP/1.1 200 OK"
2026-06-17 08:54:51,883 | INFO | Train booking request received | user=Bug Tester | train_id=1 | passengers=-10
2026-06-17 08:54:51,883 | WARNING | Train booking failed | reason=Invalid Passenger Count | requested=-10
2026-06-17 08:54:51,886 | INFO | HTTP Request: POST http://testserver/book-train "HTTP/1.1 200 OK"
2026-06-17 08:54:51,900 | INFO | Hotel booking request received | user=Bug Tester | hotel_id=1 | rooms_requested=-1
2026-06-17 08:54:51,900 | WARNING | Hotel booking failed | reason=Invalid Room Count | requested=-1
2026-06-17 08:54:51,905 | INFO | HTTP Request: POST http://testserver/book-hotel "HTTP/1.1 200 OK"
2026-06-17 08:54:51,917 | INFO | Flight booking request received | user=Tester | flight_id=9999 | passengers=1
2026-06-17 08:54:51,917 | WARNING | Flight booking failed | reason=Flight Not Found | flight_id=9999
2026-06-17 08:54:51,922 | INFO | HTTP Request: POST http://testserver/book "HTTP/1.1 200 OK"
2026-06-17 08:54:51,934 | INFO | Hotel booking request received | user=Tester | hotel_id=1 | rooms_requested=1000
2026-06-17 08:54:51,935 | WARNING | Hotel booking failed | reason=Not Enough Rooms | available=9 | requested=1000
2026-06-17 08:54:51,939 | INFO | HTTP Request: POST http://testserver/book-hotel "HTTP/1.1 200 OK"
2026-06-17 08:54:51,951 | INFO | Bus booking request received | user=Tester | bus_id=1 | passengers=100
2026-06-17 08:54:51,952 | WARNING | Bus booking failed | reason=Not Enough Seats | available=7 | requested=100
2026-06-17 08:54:51,957 | INFO | HTTP Request: POST http://testserver/book-bus "HTTP/1.1 200 OK"
2026-06-17 08:54:51,969 | INFO | Train booking request received | user=Tester | train_id=1 | passengers=1000
2026-06-17 08:54:51,969 | WARNING | Train booking failed | reason=Not Enough Seats | available=110 | requested=1000
2026-06-17 08:54:51,974 | INFO | HTTP Request: POST http://testserver/book-train "HTTP/1.1 200 OK"
2026-06-17 08:54:51,988 | INFO | Flights fetched
2026-06-17 08:54:51,993 | INFO | HTTP Request: GET http://testserver/flights "HTTP/1.1 200 OK"
2026-06-17 08:54:52,006 | INFO | Hotels fetched | count=8
2026-06-17 08:54:52,011 | INFO | HTTP Request: GET http://testserver/hotels "HTTP/1.1 200 OK"
2026-06-17 08:54:52,020 | INFO | Flights fetched
2026-06-17 08:54:52,024 | INFO | HTTP Request: GET http://testserver/flights "HTTP/1.1 200 OK"
2026-06-17 08:54:52,037 | INFO | Buses fetched | count=6
2026-06-17 08:54:52,043 | INFO | HTTP Request: GET http://testserver/buses "HTTP/1.1 200 OK"
2026-06-17 08:54:52,055 | INFO | Trains fetched | count=10
2026-06-17 08:54:52,061 | INFO | HTTP Request: GET http://testserver/trains "HTTP/1.1 200 OK"
2026-06-17 08:54:52,070 | INFO | Hotels fetched | count=8
2026-06-17 08:54:52,073 | INFO | HTTP Request: GET http://testserver/hotels "HTTP/1.1 200 OK"
2026-06-17 08:54:52,085 | INFO | Flight booking request received | user=Test User | flight_id=1 | passengers=1
2026-06-17 08:54:52,097 | INFO | Flight booked successfully | booking_id=BK4833 | pnr=MMT99567 | user=Test User | remaining_seats=29
2026-06-17 08:54:52,101 | INFO | HTTP Request: POST http://testserver/book "HTTP/1.1 200 OK"
2026-06-17 08:54:52,115 | INFO | Bus booking request received | user=Test User | bus_id=1 | passengers=1
2026-06-17 08:54:52,125 | INFO | Bus booked successfully | booking_id=BUSBK7103 | pnr=BUS94086 | remaining_seats=6
2026-06-17 08:54:52,129 | INFO | HTTP Request: POST http://testserver/book-bus "HTTP/1.1 200 OK"
2026-06-17 08:54:52,142 | INFO | Train booking request received | user=Test User | train_id=1 | passengers=1
2026-06-17 08:54:52,151 | INFO | Train booked successfully | booking_id=TRBK9994 | pnr=TRN88428 | remaining_seats=109
2026-06-17 08:54:52,156 | INFO | HTTP Request: POST http://testserver/book-train "HTTP/1.1 200 OK"
2026-06-17 08:54:52,167 | INFO | Hotel booking request received | user=Test User | hotel_id=1 | rooms_requested=1
2026-06-17 08:54:52,177 | INFO | Hotel booked successfully | booking_id=HTBK3798 | pnr=HTL92797 | user=Test User | remaining_rooms=8
2026-06-17 08:54:52,181 | INFO | HTTP Request: POST http://testserver/book-hotel "HTTP/1.1 200 OK"
2026-06-17 09:00:24,321 | INFO | Flight booking request received | user=Agent User | flight_id=1 | passengers=-5
2026-06-17 09:00:24,321 | WARNING | Flight booking failed | reason=Invalid Passenger Count | requested=-5
2026-06-17 09:00:24,325 | INFO | HTTP Request: POST http://testserver/book "HTTP/1.1 200 OK"
2026-06-17 09:00:24,329 | INFO | Flight booking request received | user=Agent User | flight_id=1 | passengers=1
2026-06-17 09:00:24,339 | INFO | Flight booked successfully | booking_id=BK6889 | pnr=MMT34454 | user=Agent User | remaining_seats=28
2026-06-17 09:00:24,342 | INFO | HTTP Request: POST http://testserver/book "HTTP/1.1 200 OK"
2026-06-17 09:05:31,131 | INFO | Flight booking request received | user=Agent User | flight_id=1 | passengers=-5
2026-06-17 09:05:31,131 | WARNING | Flight booking failed | reason=Invalid Passenger Count | requested=-5
2026-06-17 09:05:31,134 | INFO | HTTP Request: POST http://testserver/book "HTTP/1.1 200 OK"
2026-06-17 09:05:31,138 | INFO | Flight booking request received | user=Agent User | flight_id=1 | passengers=1
2026-06-17 09:05:31,149 | INFO | Flight booked successfully | booking_id=BK9494 | pnr=MMT50740 | user=Agent User | remaining_seats=27
2026-06-17 09:05:31,152 | INFO | HTTP Request: POST http://testserver/book "HTTP/1.1 200 OK"
2026-06-17 09:05:31,160 | INFO | Hotel booking request received | user=Agent User | hotel_id=1 | rooms_requested=-2
2026-06-17 09:05:31,160 | WARNING | Hotel booking failed | reason=Invalid Room Count | requested=-2
2026-06-17 09:05:31,163 | INFO | HTTP Request: POST http://testserver/book-hotel "HTTP/1.1 200 OK"
2026-06-17 09:05:31,171 | INFO | Bus booking request received | user=Agent User | bus_id=1 | passengers=-3
2026-06-17 09:05:31,171 | WARNING | Bus booking failed | reason=Invalid Passenger Count | requested=-3
2026-06-17 09:05:31,174 | INFO | HTTP Request: POST http://testserver/book-bus "HTTP/1.1 200 OK"
2026-06-17 09:05:31,184 | INFO | Train booking request received | user=Agent User | train_id=1 | passengers=-10
2026-06-17 09:05:31,184 | WARNING | Train booking failed | reason=Invalid Passenger Count | requested=-10
2026-06-17 09:05:31,187 | INFO | HTTP Request: POST http://testserver/book-train "HTTP/1.1 200 OK"
2026-06-18 09:00:08,429 | INFO | Flight booking request received | user=Agent User | flight_id=1 | passengers=-5
2026-06-18 09:00:08,430 | WARNING | Flight booking failed | reason=Invalid Passenger Count | requested=-5
2026-06-18 09:00:08,434 | INFO | HTTP Request: POST http://testserver/book "HTTP/1.1 200 OK"
2026-06-18 09:00:08,440 | INFO | Flight booking request received | user=Agent User | flight_id=1 | passengers=1
2026-06-18 09:00:08,454 | INFO | Flight booked successfully | booking_id=BK9199 | pnr=MMT33819 | user=Agent User | remaining_seats=26
2026-06-18 09:00:08,457 | INFO | HTTP Request: POST http://testserver/book "HTTP/1.1 200 OK"
2026-06-18 09:00:08,470 | INFO | Hotel booking request received | user=Agent User | hotel_id=1 | rooms_requested=-2
2026-06-18 09:00:08,470 | WARNING | Hotel booking failed | reason=Invalid Room Count | requested=-2
2026-06-18 09:00:08,474 | INFO | HTTP Request: POST http://testserver/book-hotel "HTTP/1.1 200 OK"
2026-06-18 09:00:08,484 | INFO | Bus booking request received | user=Agent User | bus_id=1 | passengers=-3
2026-06-18 09:00:08,484 | WARNING | Bus booking failed | reason=Invalid Passenger Count | requested=-3
2026-06-18 09:00:08,487 | INFO | HTTP Request: POST http://testserver/book-bus "HTTP/1.1 200 OK"
2026-06-18 09:00:08,498 | INFO | Train booking request received | user=Agent User | train_id=1 | passengers=-10
2026-06-18 09:00:08,499 | WARNING | Train booking failed | reason=Invalid Passenger Count | requested=-10
2026-06-18 09:00:08,501 | INFO | HTTP Request: POST http://testserver/book-train "HTTP/1.1 200 OK"
2026-06-18 09:03:18,584 | INFO | Flight booking request received | user=Agent User | flight_id=1 | passengers=-5
2026-06-18 09:03:18,596 | INFO | Flight booked successfully | booking_id=BK6972 | pnr=MMT70863 | user=Agent User | remaining_seats=31
2026-06-18 09:03:18,601 | INFO | HTTP Request: POST http://testserver/book "HTTP/1.1 200 OK"
2026-06-18 09:03:18,608 | INFO | Flight booking request received | user=Agent User | flight_id=1 | passengers=1
2026-06-18 09:03:18,616 | INFO | Flight booked successfully | booking_id=BK8844 | pnr=MMT42608 | user=Agent User | remaining_seats=30
2026-06-18 09:03:18,620 | INFO | HTTP Request: POST http://testserver/book "HTTP/1.1 200 OK"
2026-06-18 09:03:18,630 | INFO | Hotel booking request received | user=Agent User | hotel_id=1 | rooms_requested=-2
2026-06-18 09:03:18,630 | WARNING | Hotel booking failed | reason=Invalid Room Count | requested=-2
2026-06-18 09:03:18,633 | INFO | HTTP Request: POST http://testserver/book-hotel "HTTP/1.1 200 OK"
2026-06-18 09:03:18,644 | INFO | Bus booking request received | user=Agent User | bus_id=1 | passengers=-3
2026-06-18 09:03:18,651 | INFO | Bus booked successfully | booking_id=BUSBK3305 | pnr=BUS81878 | remaining_seats=9
2026-06-18 09:03:18,655 | INFO | HTTP Request: POST http://testserver/book-bus "HTTP/1.1 200 OK"
2026-06-18 09:03:18,664 | INFO | Train booking request received | user=Agent User | train_id=1 | passengers=-10
2026-06-18 09:03:18,672 | INFO | Train booked successfully | booking_id=TRBK4417 | pnr=TRN74300 | remaining_seats=119
2026-06-18 09:03:18,675 | INFO | HTTP Request: POST http://testserver/book-train "HTTP/1.1 200 OK"
2026-06-18 09:17:51,238 | INFO | Flight booking request received | user=Agent User | flight_id=1 | passengers=-5
2026-06-18 09:17:51,251 | INFO | Flight booked successfully | booking_id=BK8232 | pnr=MMT80061 | user=Agent User | remaining_seats=35
2026-06-18 09:17:51,255 | INFO | HTTP Request: POST http://testserver/book "HTTP/1.1 200 OK"
2026-06-18 09:17:51,260 | INFO | Flight booking request received | user=Agent User | flight_id=1 | passengers=1
2026-06-18 09:17:51,270 | INFO | Flight booked successfully | booking_id=BK8497 | pnr=MMT73377 | user=Agent User | remaining_seats=34
2026-06-18 09:17:51,274 | INFO | HTTP Request: POST http://testserver/book "HTTP/1.1 200 OK"
2026-06-18 09:17:51,285 | INFO | Hotel booking request received | user=Agent User | hotel_id=1 | rooms_requested=-2
2026-06-18 09:17:51,285 | WARNING | Hotel booking failed | reason=Invalid Room Count | requested=-2
2026-06-18 09:17:51,288 | INFO | HTTP Request: POST http://testserver/book-hotel "HTTP/1.1 200 OK"
2026-06-18 09:17:51,299 | INFO | Bus booking request received | user=Agent User | bus_id=1 | passengers=-3
2026-06-18 09:17:51,313 | INFO | Bus booked successfully | booking_id=BUSBK8505 | pnr=BUS66625 | remaining_seats=12
2026-06-18 09:17:51,316 | INFO | HTTP Request: POST http://testserver/book-bus "HTTP/1.1 200 OK"
2026-06-18 09:17:51,327 | INFO | Train booking request received | user=Agent User | train_id=1 | passengers=-10
2026-06-18 09:17:51,337 | INFO | Train booked successfully | booking_id=TRBK7550 | pnr=TRN61616 | remaining_seats=129
2026-06-18 09:17:51,342 | INFO | HTTP Request: POST http://testserver/book-train "HTTP/1.1 200 OK"
2026-06-19 08:49:38,254 | INFO | Flight booking request received | user=Agent User | flight_id=1 | passengers=-5
2026-06-19 08:49:38,267 | INFO | Flight booked successfully | booking_id=BK1645 | pnr=MMT99557 | user=Agent User | remaining_seats=39
2026-06-19 08:49:38,272 | INFO | HTTP Request: POST http://testserver/book "HTTP/1.1 200 OK"
2026-06-19 08:49:38,278 | INFO | Flight booking request received | user=Agent User | flight_id=1 | passengers=1
2026-06-19 08:49:38,288 | INFO | Flight booked successfully | booking_id=BK8736 | pnr=MMT35659 | user=Agent User | remaining_seats=38
2026-06-19 08:49:38,293 | INFO | HTTP Request: POST http://testserver/book "HTTP/1.1 200 OK"
2026-06-19 08:49:38,306 | INFO | Hotel booking request received | user=Agent User | hotel_id=1 | rooms_requested=-2
2026-06-19 08:49:38,306 | WARNING | Hotel booking failed | reason=Invalid Room Count | requested=-2
2026-06-19 08:49:38,309 | INFO | HTTP Request: POST http://testserver/book-hotel "HTTP/1.1 200 OK"
2026-06-19 08:49:38,320 | INFO | Bus booking request received | user=Agent User | bus_id=1 | passengers=-3
2026-06-19 08:49:38,331 | INFO | Bus booked successfully | booking_id=BUSBK1727 | pnr=BUS85120 | remaining_seats=15
2026-06-19 08:49:38,334 | INFO | HTTP Request: POST http://testserver/book-bus "HTTP/1.1 200 OK"
2026-06-19 08:49:38,345 | INFO | Train booking request received | user=Agent User | train_id=1 | passengers=-10
2026-06-19 08:49:38,356 | INFO | Train booked successfully | booking_id=TRBK7331 | pnr=TRN81040 | remaining_seats=139
2026-06-19 08:49:38,359 | INFO | HTTP Request: POST http://testserver/book-train "HTTP/1.1 200 OK"
2026-06-19 08:56:37,904 | INFO | Flight booking request received | user=Agent User | flight_id=1 | passengers=-5
2026-06-19 08:56:37,917 | INFO | Flight booked successfully | booking_id=BK6181 | pnr=MMT58348 | user=Agent User | remaining_seats=43
2026-06-19 08:56:37,921 | INFO | HTTP Request: POST http://testserver/book "HTTP/1.1 200 OK"
2026-06-19 08:56:37,928 | INFO | Flight booking request received | user=Agent User | flight_id=1 | passengers=1
2026-06-19 08:56:37,939 | INFO | Flight booked successfully | booking_id=BK1875 | pnr=MMT77598 | user=Agent User | remaining_seats=42
2026-06-19 08:56:37,943 | INFO | HTTP Request: POST http://testserver/book "HTTP/1.1 200 OK"
2026-06-19 08:56:37,978 | INFO | Hotel booking request received | user=Agent User | hotel_id=1 | rooms_requested=-2
2026-06-19 08:56:37,979 | WARNING | Hotel booking failed | reason=Invalid Room Count | requested=-2
2026-06-19 08:56:37,982 | INFO | HTTP Request: POST http://testserver/book-hotel "HTTP/1.1 200 OK"
2026-06-19 08:56:38,025 | INFO | Bus booking request received | user=Agent User | bus_id=1 | passengers=-3
2026-06-19 08:56:38,037 | INFO | Bus booked successfully | booking_id=BUSBK5856 | pnr=BUS72232 | remaining_seats=18
2026-06-19 08:56:38,040 | INFO | HTTP Request: POST http://testserver/book-bus "HTTP/1.1 200 OK"
2026-06-19 08:56:38,075 | INFO | Train booking request received | user=Agent User | train_id=1 | passengers=-10
2026-06-19 08:56:38,086 | INFO | Train booked successfully | booking_id=TRBK7732 | pnr=TRN93244 | remaining_seats=149
2026-06-19 08:56:38,090 | INFO | HTTP Request: POST http://testserver/book-train "HTTP/1.1 200 OK"
2026-06-19 09:06:53,091 | INFO | Flight booking request received | user=Agent User | flight_id=1 | passengers=-5
2026-06-19 09:06:53,103 | INFO | Flight booked successfully | booking_id=BK8092 | pnr=MMT80292 | user=Agent User | remaining_seats=47
2026-06-19 09:06:53,107 | INFO | HTTP Request: POST http://testserver/book "HTTP/1.1 200 OK"
2026-06-19 09:06:53,114 | INFO | Flight booking request received | user=Agent User | flight_id=1 | passengers=1
2026-06-19 09:06:53,124 | INFO | Flight booked successfully | booking_id=BK7367 | pnr=MMT73680 | user=Agent User | remaining_seats=46
2026-06-19 09:06:53,127 | INFO | HTTP Request: POST http://testserver/book "HTTP/1.1 200 OK"
2026-06-19 09:06:53,139 | INFO | Hotel booking request received | user=Agent User | hotel_id=1 | rooms_requested=-2
2026-06-19 09:06:53,139 | WARNING | Hotel booking failed | reason=Invalid Room Count | requested=-2
2026-06-19 09:06:53,142 | INFO | HTTP Request: POST http://testserver/book-hotel "HTTP/1.1 200 OK"
2026-06-19 09:06:53,153 | INFO | Bus booking request received | user=Agent User | bus_id=1 | passengers=-3
2026-06-19 09:06:53,163 | INFO | Bus booked successfully | booking_id=BUSBK8030 | pnr=BUS93685 | remaining_seats=21
2026-06-19 09:06:53,167 | INFO | HTTP Request: POST http://testserver/book-bus "HTTP/1.1 200 OK"
2026-06-19 09:06:53,180 | INFO | Train booking request received | user=Agent User | train_id=1 | passengers=-10
2026-06-19 09:06:53,190 | INFO | Train booked successfully | booking_id=TRBK1106 | pnr=TRN76284 | remaining_seats=159
2026-06-19 09:06:53,194 | INFO | HTTP Request: POST http://testserver/book-train "HTTP/1.1 200 OK"
2026-06-19 09:16:49,573 | INFO | Flight booking request received | user=Agent User | flight_id=1 | passengers=-5
2026-06-19 09:16:49,585 | INFO | Flight booked successfully | booking_id=BK7930 | pnr=MMT18712 | user=Agent User | remaining_seats=51
2026-06-19 09:16:49,589 | INFO | HTTP Request: POST http://testserver/book "HTTP/1.1 200 OK"
2026-06-19 09:16:49,595 | INFO | Flight booking request received | user=Agent User | flight_id=1 | passengers=1
2026-06-19 09:16:49,605 | INFO | Flight booked successfully | booking_id=BK4352 | pnr=MMT68008 | user=Agent User | remaining_seats=50
2026-06-19 09:16:49,608 | INFO | HTTP Request: POST http://testserver/book "HTTP/1.1 200 OK"
2026-06-19 09:16:49,619 | INFO | Hotel booking request received | user=Agent User | hotel_id=1 | rooms_requested=-2
2026-06-19 09:16:49,620 | WARNING | Hotel booking failed | reason=Invalid Room Count | requested=-2
2026-06-19 09:16:49,623 | INFO | HTTP Request: POST http://testserver/book-hotel "HTTP/1.1 200 OK"
2026-06-19 09:16:49,633 | INFO | Bus booking request received | user=Agent User | bus_id=1 | passengers=-3
2026-06-19 09:16:49,644 | INFO | Bus booked successfully | booking_id=BUSBK6813 | pnr=BUS77117 | remaining_seats=24
2026-06-19 09:16:49,647 | INFO | HTTP Request: POST http://testserver/book-bus "HTTP/1.1 200 OK"
2026-06-19 09:16:49,659 | INFO | Train booking request received | user=Agent User | train_id=1 | passengers=-10
2026-06-19 09:16:49,669 | INFO | Train booked successfully | booking_id=TRBK8511 | pnr=TRN23972 | remaining_seats=169
2026-06-19 09:16:49,672 | INFO | HTTP Request: POST http://testserver/book-train "HTTP/1.1 200 OK"
2026-06-19 09:36:04,348 | INFO | Flight booking request received | user=Agent User | flight_id=1 | passengers=-5
2026-06-19 09:36:04,357 | INFO | Flight booked successfully | booking_id=BK8730 | pnr=MMT78295 | user=Agent User | remaining_seats=55
2026-06-19 09:36:04,361 | INFO | HTTP Request: POST http://testserver/book "HTTP/1.1 200 OK"
2026-06-19 09:36:04,367 | INFO | Flight booking request received | user=Agent User | flight_id=1 | passengers=1
2026-06-19 09:36:04,375 | INFO | Flight booked successfully | booking_id=BK8299 | pnr=MMT93996 | user=Agent User | remaining_seats=54
2026-06-19 09:36:04,378 | INFO | HTTP Request: POST http://testserver/book "HTTP/1.1 200 OK"
2026-06-19 09:36:04,386 | INFO | Hotel booking request received | user=Agent User | hotel_id=1 | rooms_requested=-2
2026-06-19 09:36:04,386 | WARNING | Hotel booking failed | reason=Invalid Room Count | requested=-2
2026-06-19 09:36:04,388 | INFO | HTTP Request: POST http://testserver/book-hotel "HTTP/1.1 200 OK"
2026-06-19 09:36:04,397 | INFO | Bus booking request received | user=Agent User | bus_id=1 | passengers=-3
2026-06-19 09:36:04,405 | INFO | Bus booked successfully | booking_id=BUSBK6380 | pnr=BUS29210 | remaining_seats=27
2026-06-19 09:36:04,407 | INFO | HTTP Request: POST http://testserver/book-bus "HTTP/1.1 200 OK"
2026-06-19 09:36:04,416 | INFO | Train booking request received | user=Agent User | train_id=1 | passengers=-10
2026-06-19 09:36:04,424 | INFO | Train booked successfully | booking_id=TRBK2384 | pnr=TRN94567 | remaining_seats=179
2026-06-19 09:36:04,426 | INFO | HTTP Request: POST http://testserver/book-train "HTTP/1.1 200 OK"
2026-06-20 11:44:44,593 | INFO | Flight booking request received | user=Agent User | flight_id=1 | passengers=-5
2026-06-20 11:44:44,609 | INFO | Flight booked successfully | booking_id=BK1474 | pnr=MMT82048 | user=Agent User | remaining_seats=59
2026-06-20 11:44:44,613 | INFO | HTTP Request: POST http://testserver/book "HTTP/1.1 200 OK"
2026-06-20 11:44:44,620 | INFO | Flight booking request received | user=Agent User | flight_id=1 | passengers=1
2026-06-20 11:44:44,629 | INFO | Flight booked successfully | booking_id=BK9177 | pnr=MMT71400 | user=Agent User | remaining_seats=58
2026-06-20 11:44:44,633 | INFO | HTTP Request: POST http://testserver/book "HTTP/1.1 200 OK"
2026-06-20 11:44:44,645 | INFO | Hotel booking request received | user=Agent User | hotel_id=1 | rooms_requested=-2
2026-06-20 11:44:44,645 | WARNING | Hotel booking failed | reason=Invalid Room Count | requested=-2
2026-06-20 11:44:44,648 | INFO | HTTP Request: POST http://testserver/book-hotel "HTTP/1.1 200 OK"
2026-06-20 11:44:44,660 | INFO | Bus booking request received | user=Agent User | bus_id=1 | passengers=-3
2026-06-20 11:44:44,668 | INFO | Bus booked successfully | booking_id=BUSBK2380 | pnr=BUS84426 | remaining_seats=30
2026-06-20 11:44:44,673 | INFO | HTTP Request: POST http://testserver/book-bus "HTTP/1.1 200 OK"
2026-06-20 11:44:44,685 | INFO | Train booking request received | user=Agent User | train_id=1 | passengers=-10
2026-06-20 11:44:44,694 | INFO | Train booked successfully | booking_id=TRBK9204 | pnr=TRN26733 | remaining_seats=189
2026-06-20 11:44:44,698 | INFO | HTTP Request: POST http://testserver/book-train "HTTP/1.1 200 OK"
2026-06-20 11:45:26,454 | INFO | Flight booking request received | user=Agent User | flight_id=1 | passengers=-5
2026-06-20 11:45:26,463 | INFO | Flight booked successfully | booking_id=BK5755 | pnr=MMT29382 | user=Agent User | remaining_seats=63
2026-06-20 11:45:26,466 | INFO | HTTP Request: POST http://testserver/book "HTTP/1.1 200 OK"
2026-06-20 11:45:26,472 | INFO | Flight booking request received | user=Agent User | flight_id=1 | passengers=1
2026-06-20 11:45:26,480 | INFO | Flight booked successfully | booking_id=BK4876 | pnr=MMT74858 | user=Agent User | remaining_seats=62
2026-06-20 11:45:26,484 | INFO | HTTP Request: POST http://testserver/book "HTTP/1.1 200 OK"
2026-06-20 11:45:26,494 | INFO | Hotel booking request received | user=Agent User | hotel_id=1 | rooms_requested=-2
2026-06-20 11:45:26,494 | WARNING | Hotel booking failed | reason=Invalid Room Count | requested=-2
2026-06-20 11:45:26,497 | INFO | HTTP Request: POST http://testserver/book-hotel "HTTP/1.1 200 OK"
2026-06-20 11:45:26,507 | INFO | Bus booking request received | user=Agent User | bus_id=1 | passengers=-3
2026-06-20 11:45:26,516 | INFO | Bus booked successfully | booking_id=BUSBK9712 | pnr=BUS88244 | remaining_seats=33
2026-06-20 11:45:26,519 | INFO | HTTP Request: POST http://testserver/book-bus "HTTP/1.1 200 OK"
2026-06-20 11:45:26,530 | INFO | Train booking request received | user=Agent User | train_id=1 | passengers=-10
2026-06-20 11:45:26,540 | INFO | Train booked successfully | booking_id=TRBK2734 | pnr=TRN58745 | remaining_seats=199
2026-06-20 11:45:26,543 | INFO | HTTP Request: POST http://testserver/book-train "HTTP/1.1 200 OK"
2026-06-20 11:48:13,614 | INFO | Flight booking request received | user=Agent User | flight_id=1 | passengers=-5
2026-06-20 11:48:13,625 | INFO | Flight booked successfully | booking_id=BK2367 | pnr=MMT35607 | user=Agent User | remaining_seats=67
2026-06-20 11:48:13,629 | INFO | HTTP Request: POST http://testserver/book "HTTP/1.1 200 OK"
2026-06-20 11:48:13,634 | INFO | Flight booking request received | user=Agent User | flight_id=1 | passengers=1
2026-06-20 11:48:13,641 | INFO | Flight booked successfully | booking_id=BK9774 | pnr=MMT80529 | user=Agent User | remaining_seats=66
2026-06-20 11:48:13,644 | INFO | HTTP Request: POST http://testserver/book "HTTP/1.1 200 OK"
2026-06-20 11:48:13,654 | INFO | Hotel booking request received | user=Agent User | hotel_id=1 | rooms_requested=-2
2026-06-20 11:48:13,654 | WARNING | Hotel booking failed | reason=Invalid Room Count | requested=-2
2026-06-20 11:48:13,657 | INFO | HTTP Request: POST http://testserver/book-hotel "HTTP/1.1 200 OK"
2026-06-20 11:48:13,667 | INFO | Bus booking request received | user=Agent User | bus_id=1 | passengers=-3
2026-06-20 11:48:13,674 | INFO | Bus booked successfully | booking_id=BUSBK2587 | pnr=BUS43662 | remaining_seats=36
2026-06-20 11:48:13,677 | INFO | HTTP Request: POST http://testserver/book-bus "HTTP/1.1 200 OK"
2026-06-20 11:48:13,687 | INFO | Train booking request received | user=Agent User | train_id=1 | passengers=-10
2026-06-20 11:48:13,695 | INFO | Train booked successfully | booking_id=TRBK7986 | pnr=TRN23875 | remaining_seats=209
2026-06-20 11:48:13,699 | INFO | HTTP Request: POST http://testserver/book-train "HTTP/1.1 200 OK"
2026-06-20 11:55:30,608 | INFO | Flight booking request received | user=Agent User | flight_id=1 | passengers=-5
2026-06-20 11:55:30,618 | INFO | Flight booked successfully | booking_id=BK7932 | pnr=MMT82269 | user=Agent User | remaining_seats=71
2026-06-20 11:55:30,622 | INFO | HTTP Request: POST http://testserver/book "HTTP/1.1 200 OK"
2026-06-20 11:55:30,628 | INFO | Flight booking request received | user=Agent User | flight_id=1 | passengers=1
2026-06-20 11:55:30,637 | INFO | Flight booked successfully | booking_id=BK1403 | pnr=MMT10325 | user=Agent User | remaining_seats=70
2026-06-20 11:55:30,640 | INFO | HTTP Request: POST http://testserver/book "HTTP/1.1 200 OK"
2026-06-20 11:55:30,655 | INFO | Hotel booking request received | user=Agent User | hotel_id=1 | rooms_requested=-2
2026-06-20 11:55:30,655 | WARNING | Hotel booking failed | reason=Invalid Room Count | requested=-2
2026-06-20 11:55:30,658 | INFO | HTTP Request: POST http://testserver/book-hotel "HTTP/1.1 200 OK"
2026-06-20 11:55:30,670 | INFO | Bus booking request received | user=Agent User | bus_id=1 | passengers=-3
2026-06-20 11:55:30,680 | INFO | Bus booked successfully | booking_id=BUSBK7718 | pnr=BUS49073 | remaining_seats=39
2026-06-20 11:55:30,684 | INFO | HTTP Request: POST http://testserver/book-bus "HTTP/1.1 200 OK"
2026-06-20 11:55:30,695 | INFO | Train booking request received | user=Agent User | train_id=1 | passengers=-10
2026-06-20 11:55:30,704 | INFO | Train booked successfully | booking_id=TRBK3191 | pnr=TRN49007 | remaining_seats=219
2026-06-20 11:55:30,709 | INFO | HTTP Request: POST http://testserver/book-train "HTTP/1.1 200 OK"
2026-06-20 11:59:19,845 | INFO | Flight booking request received | user=Agent User | flight_id=1 | passengers=-5
2026-06-20 11:59:19,858 | INFO | Flight booked successfully | booking_id=BK4738 | pnr=MMT35989 | user=Agent User | remaining_seats=75
2026-06-20 11:59:19,862 | INFO | HTTP Request: POST http://testserver/book "HTTP/1.1 200 OK"
2026-06-20 11:59:19,868 | INFO | Flight booking request received | user=Agent User | flight_id=1 | passengers=1
2026-06-20 11:59:19,879 | INFO | Flight booked successfully | booking_id=BK4009 | pnr=MMT17112 | user=Agent User | remaining_seats=74
2026-06-20 11:59:19,882 | INFO | HTTP Request: POST http://testserver/book "HTTP/1.1 200 OK"
2026-06-20 11:59:19,893 | INFO | Hotel booking request received | user=Agent User | hotel_id=1 | rooms_requested=-2
2026-06-20 11:59:19,893 | WARNING | Hotel booking failed | reason=Invalid Room Count | requested=-2
2026-06-20 11:59:19,896 | INFO | HTTP Request: POST http://testserver/book-hotel "HTTP/1.1 200 OK"
2026-06-20 11:59:19,907 | INFO | Bus booking request received | user=Agent User | bus_id=1 | passengers=-3
2026-06-20 11:59:19,918 | INFO | Bus booked successfully | booking_id=BUSBK4096 | pnr=BUS26885 | remaining_seats=42
2026-06-20 11:59:19,921 | INFO | HTTP Request: POST http://testserver/book-bus "HTTP/1.1 200 OK"
2026-06-20 11:59:19,932 | INFO | Train booking request received | user=Agent User | train_id=1 | passengers=-10
2026-06-20 11:59:19,942 | INFO | Train booked successfully | booking_id=TRBK1769 | pnr=TRN48577 | remaining_seats=229
2026-06-20 11:59:19,945 | INFO | HTTP Request: POST http://testserver/book-train "HTTP/1.1 200 OK"
2026-06-20 12:04:56,626 | INFO | Flight booking request received | user=Agent User | flight_id=1 | passengers=-5
2026-06-20 12:04:56,639 | INFO | Flight booked successfully | booking_id=BK7017 | pnr=MMT15570 | user=Agent User | remaining_seats=79
2026-06-20 12:04:56,643 | INFO | HTTP Request: POST http://testserver/book "HTTP/1.1 200 OK"
2026-06-20 12:04:56,649 | INFO | Flight booking request received | user=Agent User | flight_id=1 | passengers=1
2026-06-20 12:04:56,660 | INFO | Flight booked successfully | booking_id=BK9329 | pnr=MMT21715 | user=Agent User | remaining_seats=78
2026-06-20 12:04:56,663 | INFO | HTTP Request: POST http://testserver/book "HTTP/1.1 200 OK"
2026-06-20 12:04:56,675 | INFO | Hotel booking request received | user=Agent User | hotel_id=1 | rooms_requested=-2
2026-06-20 12:04:56,675 | WARNING | Hotel booking failed | reason=Invalid Room Count | requested=-2
2026-06-20 12:04:56,677 | INFO | HTTP Request: POST http://testserver/book-hotel "HTTP/1.1 200 OK"
2026-06-20 12:04:56,690 | INFO | Bus booking request received | user=Agent User | bus_id=1 | passengers=-3
2026-06-20 12:04:56,700 | INFO | Bus booked successfully | booking_id=BUSBK9058 | pnr=BUS54349 | remaining_seats=45
2026-06-20 12:04:56,703 | INFO | HTTP Request: POST http://testserver/book-bus "HTTP/1.1 200 OK"
2026-06-20 12:04:56,714 | INFO | Train booking request received | user=Agent User | train_id=1 | passengers=-10
2026-06-20 12:04:56,725 | INFO | Train booked successfully | booking_id=TRBK4795 | pnr=TRN90727 | remaining_seats=239
2026-06-20 12:04:56,730 | INFO | HTTP Request: POST http://testserver/book-train "HTTP/1.1 200 OK"
2026-06-20 12:19:39,424 | INFO | HTTP Request: POST http://testserver/book "HTTP/1.1 200 OK"
2026-06-20 12:19:39,427 | INFO | Flight booking request received | user=Agent User | flight_id=1 | passengers=1
2026-06-20 12:19:39,435 | INFO | Flight booked successfully | booking_id=BK7602 | pnr=MMT64286 | user=Agent User | remaining_seats=77
2026-06-20 12:19:39,437 | INFO | HTTP Request: POST http://testserver/book "HTTP/1.1 200 OK"
2026-06-20 12:19:39,442 | INFO | Hotel booking request received | user=Agent User | hotel_id=1 | rooms_requested=-2
2026-06-20 12:19:39,443 | WARNING | Hotel booking failed | reason=Invalid Room Count | requested=-2
2026-06-20 12:19:39,444 | INFO | HTTP Request: POST http://testserver/book-hotel "HTTP/1.1 200 OK"
2026-06-20 12:19:39,450 | INFO | HTTP Request: POST http://testserver/book-bus "HTTP/1.1 200 OK"
2026-06-20 12:19:39,457 | INFO | HTTP Request: POST http://testserver/book-train "HTTP/1.1 200 OK"
2026-06-20 12:21:30,684 | INFO | Flight booking request received | user=Agent User | flight_id=1 | passengers=-5
2026-06-20 12:21:30,697 | INFO | Flight booked successfully | booking_id=BK6212 | pnr=MMT27429 | user=Agent User | remaining_seats=82
2026-06-20 12:21:30,700 | INFO | HTTP Request: POST http://testserver/book "HTTP/1.1 200 OK"
2026-06-20 12:21:30,703 | INFO | Flight booking request received | user=Agent User | flight_id=1 | passengers=1
2026-06-20 12:21:30,710 | INFO | Flight booked successfully | booking_id=BK4757 | pnr=MMT92253 | user=Agent User | remaining_seats=81
2026-06-20 12:21:30,715 | INFO | HTTP Request: POST http://testserver/book "HTTP/1.1 200 OK"
2026-06-20 12:21:30,726 | INFO | Hotel booking request received | user=Agent User | hotel_id=1 | rooms_requested=-2
2026-06-20 12:21:30,726 | WARNING | Hotel booking failed | reason=Invalid Room Count | requested=-2
2026-06-20 12:21:30,728 | INFO | HTTP Request: POST http://testserver/book-hotel "HTTP/1.1 200 OK"
2026-06-20 12:21:30,736 | INFO | HTTP Request: POST http://testserver/book-bus "HTTP/1.1 200 OK"
2026-06-20 12:21:30,743 | INFO | HTTP Request: POST http://testserver/book-train "HTTP/1.1 200 OK"
2026-06-20 12:21:33,053 | INFO | Flight booking request received | user=Test | flight_id=9999 | passengers=1
2026-06-20 12:21:33,053 | WARNING | Flight booking failed | reason=Flight Not Found | flight_id=9999
2026-06-20 12:21:33,055 | INFO | HTTP Request: POST http://testserver/book "HTTP/1.1 200 OK"
2026-06-20 12:21:33,061 | INFO | HTTP Request: POST http://testserver/book "HTTP/1.1 200 OK"
2026-06-20 12:21:33,071 | INFO | HTTP Request: POST http://testserver/book-bus "HTTP/1.1 200 OK"
2026-06-20 12:21:33,078 | INFO | HTTP Request: POST http://testserver/book-train "HTTP/1.1 200 OK"
2026-06-20 12:21:33,084 | INFO | Hotel booking request received | user=Bug Tester | hotel_id=1 | rooms_requested=-1
2026-06-20 12:21:33,084 | WARNING | Hotel booking failed | reason=Invalid Room Count | requested=-1
2026-06-20 12:21:33,085 | INFO | HTTP Request: POST http://testserver/book-hotel "HTTP/1.1 200 OK"
2026-06-20 12:21:33,090 | INFO | Flight booking request received | user=Tester | flight_id=9999 | passengers=1
2026-06-20 12:21:33,090 | WARNING | Flight booking failed | reason=Flight Not Found | flight_id=9999
2026-06-20 12:21:33,092 | INFO | HTTP Request: POST http://testserver/book "HTTP/1.1 200 OK"
2026-06-20 12:21:33,096 | INFO | Hotel booking request received | user=Tester | hotel_id=1 | rooms_requested=1000
2026-06-20 12:21:33,096 | WARNING | Hotel booking failed | reason=Not Enough Rooms | available=8 | requested=1000
2026-06-20 12:21:33,097 | INFO | HTTP Request: POST http://testserver/book-hotel "HTTP/1.1 200 OK"
2026-06-20 12:21:33,101 | INFO | Bus booking request received | user=Tester | bus_id=1 | passengers=100
2026-06-20 12:21:33,101 | WARNING | Bus booking failed | reason=Not Enough Seats | available=45 | requested=100
2026-06-20 12:21:33,103 | INFO | HTTP Request: POST http://testserver/book-bus "HTTP/1.1 200 OK"
2026-06-20 12:21:33,106 | INFO | Train booking request received | user=Tester | train_id=1 | passengers=1000
2026-06-20 12:21:33,107 | WARNING | Train booking failed | reason=Not Enough Seats | available=239 | requested=1000
2026-06-20 12:21:33,108 | INFO | HTTP Request: POST http://testserver/book-train "HTTP/1.1 200 OK"
2026-06-20 12:21:33,112 | INFO | Flights fetched
2026-06-20 12:21:33,114 | INFO | HTTP Request: GET http://testserver/flights "HTTP/1.1 200 OK"
2026-06-20 12:21:33,119 | INFO | Hotels fetched | count=8
2026-06-20 12:21:33,121 | INFO | HTTP Request: GET http://testserver/hotels "HTTP/1.1 200 OK"
2026-06-20 12:21:33,125 | INFO | Flights fetched
2026-06-20 12:21:33,126 | INFO | HTTP Request: GET http://testserver/flights "HTTP/1.1 200 OK"
2026-06-20 12:21:33,130 | INFO | Buses fetched | count=6
2026-06-20 12:21:33,132 | INFO | HTTP Request: GET http://testserver/buses "HTTP/1.1 200 OK"
2026-06-20 12:21:33,137 | INFO | Trains fetched | count=10
2026-06-20 12:21:33,138 | INFO | HTTP Request: GET http://testserver/trains "HTTP/1.1 200 OK"
2026-06-20 12:21:33,142 | INFO | Hotels fetched | count=8
2026-06-20 12:21:33,144 | INFO | HTTP Request: GET http://testserver/hotels "HTTP/1.1 200 OK"
2026-06-20 12:21:33,147 | INFO | Flight booking request received | user=Test User | flight_id=1 | passengers=1
2026-06-20 12:21:33,155 | INFO | Flight booked successfully | booking_id=BK6937 | pnr=MMT16831 | user=Test User | remaining_seats=80
2026-06-20 12:21:33,157 | INFO | HTTP Request: POST http://testserver/book "HTTP/1.1 200 OK"
2026-06-20 12:21:33,161 | INFO | Bus booking request received | user=Test User | bus_id=1 | passengers=1
2026-06-20 12:21:33,168 | INFO | Bus booked successfully | booking_id=BUSBK4710 | pnr=BUS73873 | remaining_seats=44
2026-06-20 12:21:33,170 | INFO | HTTP Request: POST http://testserver/book-bus "HTTP/1.1 200 OK"
2026-06-20 12:21:33,174 | INFO | Train booking request received | user=Test User | train_id=1 | passengers=1
2026-06-20 12:21:33,180 | INFO | Train booked successfully | booking_id=TRBK5286 | pnr=TRN36295 | remaining_seats=238
2026-06-20 12:21:33,182 | INFO | HTTP Request: POST http://testserver/book-train "HTTP/1.1 200 OK"
2026-06-20 12:21:33,186 | INFO | Hotel booking request received | user=Test User | hotel_id=1 | rooms_requested=1
2026-06-20 12:21:33,192 | INFO | Hotel booked successfully | booking_id=HTBK5544 | pnr=HTL17808 | user=Test User | remaining_rooms=7
2026-06-20 12:21:33,194 | INFO | HTTP Request: POST http://testserver/book-hotel "HTTP/1.1 200 OK"
2026-06-20 12:52:25,139 | INFO | HTTP Request: POST http://testserver/book "HTTP/1.1 200 OK"
2026-06-20 12:52:25,144 | INFO | Flight booking request received | user=Agent User | flight_id=1 | passengers=1
2026-06-20 12:52:25,152 | INFO | Flight booked successfully | booking_id=BK9478 | pnr=MMT51618 | user=Agent User | remaining_seats=79
2026-06-20 12:52:25,158 | INFO | HTTP Request: POST http://testserver/book "HTTP/1.1 200 OK"
2026-06-20 12:52:25,168 | INFO | Hotel booking request received | user=Agent User | hotel_id=1 | rooms_requested=-2
2026-06-20 12:52:25,168 | WARNING | Hotel booking failed | reason=Invalid Room Count | requested=-2
2026-06-20 12:52:25,170 | INFO | HTTP Request: POST http://testserver/book-hotel "HTTP/1.1 200 OK"
2026-06-20 12:52:25,179 | INFO | HTTP Request: POST http://testserver/book-bus "HTTP/1.1 200 OK"
2026-06-20 12:52:25,187 | INFO | HTTP Request: POST http://testserver/book-train "HTTP/1.1 200 OK"
2026-06-20 12:53:34,003 | INFO | HTTP Request: POST http://testserver/book "HTTP/1.1 200 OK"
2026-06-20 12:53:34,007 | INFO | Flight booking request received | user=Agent User | flight_id=1 | passengers=1
2026-06-20 12:53:34,013 | INFO | Flight booked successfully | booking_id=BK4688 | pnr=MMT87386 | user=Agent User | remaining_seats=78
2026-06-20 12:53:34,016 | INFO | HTTP Request: POST http://testserver/book "HTTP/1.1 200 OK"
2026-06-20 12:53:34,023 | INFO | Hotel booking request received | user=Agent User | hotel_id=1 | rooms_requested=-2
2026-06-20 12:53:34,023 | WARNING | Hotel booking failed | reason=Invalid Room Count | requested=-2
2026-06-20 12:53:34,025 | INFO | HTTP Request: POST http://testserver/book-hotel "HTTP/1.1 200 OK"
2026-06-20 12:53:34,038 | INFO | HTTP Request: POST http://testserver/book-bus "HTTP/1.1 200 OK"
2026-06-20 12:53:34,047 | INFO | HTTP Request: POST http://testserver/book-train "HTTP/1.1 200 OK"
2026-06-20 13:05:57,058 | INFO | Flight booking request received | user=Agent User | flight_id=1 | passengers=-5
2026-06-20 13:05:57,066 | INFO | Flight booked successfully | booking_id=BK2266 | pnr=MMT34521 | user=Agent User | remaining_seats=83
2026-06-20 13:05:57,069 | INFO | HTTP Request: POST http://testserver/book "HTTP/1.1 200 OK"
2026-06-20 13:05:57,072 | INFO | Flight booking request received | user=Agent User | flight_id=1 | passengers=1
2026-06-20 13:05:57,079 | INFO | Flight booked successfully | booking_id=BK9931 | pnr=MMT10918 | user=Agent User | remaining_seats=82
2026-06-20 13:05:57,081 | INFO | HTTP Request: POST http://testserver/book "HTTP/1.1 200 OK"
2026-06-20 13:05:57,089 | INFO | Hotel booking request received | user=Agent User | hotel_id=1 | rooms_requested=-2
2026-06-20 13:05:57,090 | WARNING | Hotel booking failed | reason=Invalid Room Count | requested=-2
2026-06-20 13:05:57,091 | INFO | HTTP Request: POST http://testserver/book-hotel "HTTP/1.1 200 OK"
2026-06-20 13:05:57,098 | INFO | HTTP Request: POST http://testserver/book-bus "HTTP/1.1 200 OK"
2026-06-20 13:05:57,105 | INFO | HTTP Request: POST http://testserver/book-train "HTTP/1.1 200 OK"
2026-06-20 13:05:59,472 | INFO | Flight booking request received | user=Test | flight_id=9999 | passengers=1
2026-06-20 13:05:59,472 | WARNING | Flight booking failed | reason=Flight Not Found | flight_id=9999
2026-06-20 13:05:59,474 | INFO | HTTP Request: POST http://testserver/book "HTTP/1.1 200 OK"
2026-06-20 13:05:59,480 | INFO | HTTP Request: POST http://testserver/book "HTTP/1.1 200 OK"
2026-06-20 13:05:59,504 | INFO | HTTP Request: POST http://testserver/book-bus "HTTP/1.1 200 OK"
2026-06-20 13:05:59,545 | INFO | HTTP Request: POST http://testserver/book-train "HTTP/1.1 200 OK"
2026-06-20 13:05:59,583 | INFO | Hotel booking request received | user=Bug Tester | hotel_id=1 | rooms_requested=-1
2026-06-20 13:05:59,583 | WARNING | Hotel booking failed | reason=Invalid Room Count | requested=-1
2026-06-20 13:05:59,586 | INFO | HTTP Request: POST http://testserver/book-hotel "HTTP/1.1 200 OK"
2026-06-20 13:05:59,613 | INFO | Flight booking request received | user=Tester | flight_id=9999 | passengers=1
2026-06-20 13:05:59,614 | WARNING | Flight booking failed | reason=Flight Not Found | flight_id=9999
2026-06-20 13:05:59,616 | INFO | HTTP Request: POST http://testserver/book "HTTP/1.1 200 OK"
2026-06-20 13:05:59,642 | INFO | Hotel booking request received | user=Tester | hotel_id=1 | rooms_requested=1000
2026-06-20 13:05:59,642 | WARNING | Hotel booking failed | reason=Not Enough Rooms | available=7 | requested=1000
2026-06-20 13:05:59,645 | INFO | HTTP Request: POST http://testserver/book-hotel "HTTP/1.1 200 OK"
2026-06-20 13:05:59,652 | INFO | Bus booking request received | user=Tester | bus_id=1 | passengers=100
2026-06-20 13:05:59,652 | WARNING | Bus booking failed | reason=Not Enough Seats | available=44 | requested=100
2026-06-20 13:05:59,654 | INFO | HTTP Request: POST http://testserver/book-bus "HTTP/1.1 200 OK"
2026-06-20 13:05:59,658 | INFO | Train booking request received | user=Tester | train_id=1 | passengers=1000
2026-06-20 13:05:59,659 | WARNING | Train booking failed | reason=Not Enough Seats | available=238 | requested=1000
2026-06-20 13:05:59,660 | INFO | HTTP Request: POST http://testserver/book-train "HTTP/1.1 200 OK"
2026-06-20 13:05:59,666 | INFO | Flights fetched
2026-06-20 13:05:59,668 | INFO | HTTP Request: GET http://testserver/flights "HTTP/1.1 200 OK"
2026-06-20 13:05:59,673 | INFO | Hotels fetched | count=8
2026-06-20 13:05:59,675 | INFO | HTTP Request: GET http://testserver/hotels "HTTP/1.1 200 OK"
2026-06-20 13:05:59,680 | INFO | Flights fetched
2026-06-20 13:05:59,682 | INFO | HTTP Request: GET http://testserver/flights "HTTP/1.1 200 OK"
2026-06-20 13:05:59,686 | INFO | Buses fetched | count=6
2026-06-20 13:05:59,688 | INFO | HTTP Request: GET http://testserver/buses "HTTP/1.1 200 OK"
2026-06-20 13:05:59,692 | INFO | Trains fetched | count=10
2026-06-20 13:05:59,694 | INFO | HTTP Request: GET http://testserver/trains "HTTP/1.1 200 OK"
2026-06-20 13:05:59,698 | INFO | Hotels fetched | count=8
2026-06-20 13:05:59,700 | INFO | HTTP Request: GET http://testserver/hotels "HTTP/1.1 200 OK"
2026-06-20 13:05:59,703 | INFO | Flight booking request received | user=Test User | flight_id=1 | passengers=1
2026-06-20 13:05:59,710 | INFO | Flight booked successfully | booking_id=BK8790 | pnr=MMT82848 | user=Test User | remaining_seats=81
2026-06-20 13:05:59,711 | INFO | HTTP Request: POST http://testserver/book "HTTP/1.1 200 OK"
2026-06-20 13:05:59,716 | INFO | Bus booking request received | user=Test User | bus_id=1 | passengers=1
2026-06-20 13:05:59,722 | INFO | Bus booked successfully | booking_id=BUSBK7590 | pnr=BUS23987 | remaining_seats=43
2026-06-20 13:05:59,723 | INFO | HTTP Request: POST http://testserver/book-bus "HTTP/1.1 200 OK"
2026-06-20 13:05:59,728 | INFO | Train booking request received | user=Test User | train_id=1 | passengers=1
2026-06-20 13:05:59,735 | INFO | Train booked successfully | booking_id=TRBK3356 | pnr=TRN56664 | remaining_seats=237
2026-06-20 13:05:59,736 | INFO | HTTP Request: POST http://testserver/book-train "HTTP/1.1 200 OK"
2026-06-20 13:05:59,740 | INFO | Hotel booking request received | user=Test User | hotel_id=1 | rooms_requested=1
2026-06-20 13:05:59,750 | INFO | Hotel booked successfully | booking_id=HTBK8184 | pnr=HTL23031 | user=Test User | remaining_rooms=6
2026-06-20 13:05:59,756 | INFO | HTTP Request: POST http://testserver/book-hotel "HTTP/1.1 200 OK"
2026-06-21 14:28:40,124 | INFO | HTTP Request: POST http://testserver/book "HTTP/1.1 200 OK"
2026-06-21 14:28:40,134 | INFO | HTTP Request: POST http://testserver/book "HTTP/1.1 200 OK"
2026-06-21 14:28:40,139 | INFO | Flight booking request received | user=Explorer | flight_id=99999 | passengers=1
2026-06-21 14:28:40,140 | WARNING | Flight booking failed | reason=Flight Not Found | flight_id=99999
2026-06-21 14:28:40,144 | INFO | HTTP Request: POST http://testserver/book "HTTP/1.1 200 OK"
2026-06-21 15:02:33,028 | INFO | Flights fetched
2026-06-21 15:02:33,043 | INFO | Flights fetched
2026-06-21 15:02:56,008 | INFO | Bookings fetched | count=50
2026-06-21 15:02:56,022 | INFO | Bookings fetched | count=50
2026-06-21 15:02:56,104 | INFO | Hotel bookings fetched | count=15
2026-06-21 15:02:56,114 | INFO | Hotel bookings fetched | count=15
2026-06-21 15:03:08,979 | INFO | Buses fetched | count=6
2026-06-21 15:03:08,987 | INFO | Buses fetched | count=6
2026-06-21 15:03:40,772 | INFO | Trains fetched | count=10
2026-06-21 15:03:40,781 | INFO | Trains fetched | count=10
2026-06-21 15:03:42,765 | INFO | Hotels fetched | count=8
2026-06-21 15:03:42,776 | INFO | Hotels fetched | count=8
2026-06-21 15:06:09,954 | INFO | Flights fetched
2026-06-21 15:06:09,963 | INFO | Flights fetched
2026-06-21 17:55:20,316 | INFO | Flights fetched
2026-06-21 17:55:20,329 | INFO | Flights fetched
2026-06-21 17:55:25,286 | INFO | Flights fetched
2026-06-21 17:55:25,294 | INFO | Flights fetched
2026-06-21 18:02:01,842 | INFO | Flights fetched
2026-06-21 18:02:01,852 | INFO | Flights fetched
2026-06-21 18:02:06,824 | INFO | Flights fetched
2026-06-21 18:02:06,831 | INFO | Flights fetched
2026-06-21 18:08:38,971 | INFO | Flights fetched
2026-06-21 18:08:38,978 | INFO | Flights fetched
2026-06-21 18:08:43,976 | INFO | Flights fetched
2026-06-21 18:08:43,982 | INFO | Flights fetched
2026-06-21 18:14:06,553 | INFO | Flights fetched
2026-06-21 18:14:06,564 | INFO | Flights fetched
2026-06-21 18:14:06,899 | INFO | Flights fetched
2026-06-21 18:14:06,903 | INFO | Flights fetched
2026-06-21 18:14:11,955 | INFO | Flights fetched
2026-06-21 18:14:11,962 | INFO | Flights fetched
2026-06-21 18:14:28,404 | INFO | Flight booking request received | user=Playwright User | flight_id=1 | passengers=1
2026-06-21 18:14:28,417 | INFO | Flight booked successfully | booking_id=BK8322 | pnr=MMT42537 | user=Playwright User | remaining_seats=80
2026-06-21 18:14:28,423 | INFO | Flights fetched
2026-06-21 18:16:18,760 | INFO | Flights fetched
2026-06-21 18:16:18,766 | INFO | Flights fetched
2026-06-21 18:16:23,785 | INFO | Flights fetched
2026-06-21 18:16:23,792 | INFO | Flights fetched
2026-06-21 18:16:40,174 | INFO | Flight booking request received | user=Playwright User | flight_id=1 | passengers=1
2026-06-21 18:16:40,184 | INFO | Flight booked successfully | booking_id=BK3615 | pnr=MMT31580 | user=Playwright User | remaining_seats=79
2026-06-21 18:16:40,190 | INFO | Flights fetched
2026-06-21 18:16:45,560 | INFO | Flights fetched
2026-06-21 18:16:45,565 | INFO | Flights fetched
2026-06-21 18:23:45,254 | INFO | Flights fetched
2026-06-21 18:23:45,260 | INFO | Flights fetched
2026-06-21 18:23:50,266 | INFO | Flights fetched
2026-06-21 18:23:50,272 | INFO | Flights fetched
2026-06-21 18:24:06,602 | INFO | Flight booking request received | user=Playwright User | flight_id=1 | passengers=1
2026-06-21 18:24:06,611 | INFO | Flight booked successfully | booking_id=BK9497 | pnr=MMT16086 | user=Playwright User | remaining_seats=78
2026-06-21 18:24:06,618 | INFO | Flights fetched
2026-06-21 18:24:11,737 | INFO | Bookings fetched | count=53
2026-06-21 18:24:11,746 | INFO | Bookings fetched | count=53
2026-06-21 18:24:11,834 | INFO | Hotel bookings fetched | count=15
2026-06-21 18:24:11,839 | INFO | Hotel bookings fetched | count=15
2026-06-21 18:25:38,271 | INFO | Flights fetched
2026-06-21 18:25:38,276 | INFO | Flights fetched
2026-06-21 18:25:43,306 | INFO | Flights fetched
2026-06-21 18:25:43,311 | INFO | Flights fetched
2026-06-21 18:25:59,686 | INFO | Flight booking request received | user=Playwright User | flight_id=1 | passengers=1
2026-06-21 18:25:59,694 | INFO | Flight booked successfully | booking_id=BK2379 | pnr=MMT19630 | user=Playwright User | remaining_seats=77
2026-06-21 18:25:59,702 | INFO | Flights fetched
2026-06-21 18:26:04,778 | INFO | Bookings fetched | count=54
2026-06-21 18:26:04,787 | INFO | Bookings fetched | count=54
2026-06-21 18:26:04,813 | INFO | Hotel bookings fetched | count=15
2026-06-21 18:26:04,818 | INFO | Hotel bookings fetched | count=15
2026-06-21 18:42:40,130 | INFO | Flights fetched
2026-06-21 18:42:40,135 | INFO | Flights fetched
2026-06-21 18:42:45,182 | INFO | Buses fetched | count=6
2026-06-21 18:42:45,186 | INFO | Buses fetched | count=6
2026-06-21 18:43:50,786 | INFO | Flights fetched
2026-06-21 18:43:50,792 | INFO | Flights fetched
2026-06-21 18:43:55,837 | INFO | Trains fetched | count=10
2026-06-21 18:43:55,841 | INFO | Trains fetched | count=10
2026-06-21 18:44:55,079 | INFO | Flights fetched
2026-06-21 18:44:55,084 | INFO | Flights fetched
2026-06-21 18:45:00,143 | INFO | Hotels fetched | count=8
2026-06-21 18:45:00,147 | INFO | Hotels fetched | count=8
2026-06-21 19:03:00,334 | INFO | Flights fetched
2026-06-21 19:03:00,339 | INFO | Flights fetched
2026-06-21 19:03:03,370 | INFO | Bookings fetched | count=54
2026-06-21 19:03:03,376 | INFO | Bookings fetched | count=54
2026-06-21 19:03:03,409 | INFO | Hotel bookings fetched | count=15
2026-06-21 19:03:03,412 | INFO | Hotel bookings fetched | count=15
2026-06-21 19:03:06,401 | INFO | Flights fetched
2026-06-21 19:03:06,404 | INFO | Flights fetched
2026-06-21 19:03:14,701 | INFO | Flight booking request received | user=Playwright User | flight_id=1 | passengers=1
2026-06-21 19:03:14,711 | INFO | Flight booked successfully | booking_id=BK7784 | pnr=MMT45409 | user=Playwright User | remaining_seats=76
2026-06-21 19:03:14,718 | INFO | Flights fetched
2026-06-21 19:03:20,059 | INFO | Bookings fetched | count=55
2026-06-21 19:03:20,067 | INFO | Bookings fetched | count=55
2026-06-21 19:03:20,092 | INFO | Hotel bookings fetched | count=15
2026-06-21 19:03:20,098 | INFO | Hotel bookings fetched | count=15
2026-06-21 19:03:23,123 | INFO | Bookings fetched | count=55
2026-06-21 19:03:23,132 | INFO | Bookings fetched | count=55
2026-06-21 19:03:23,161 | INFO | Hotel bookings fetched | count=15
2026-06-21 19:03:23,166 | INFO | Hotel bookings fetched | count=15
2026-06-21 19:03:26,190 | INFO | Buses fetched | count=6
2026-06-21 19:03:26,194 | INFO | Buses fetched | count=6
2026-06-22 09:17:48,366 | INFO | Flights fetched
2026-06-22 09:17:48,378 | INFO | Flights fetched
2026-06-22 09:17:51,528 | INFO | Bookings fetched | count=55
2026-06-22 09:17:51,542 | INFO | Bookings fetched | count=55
2026-06-22 09:17:51,705 | INFO | Hotel bookings fetched | count=15
2026-06-22 09:17:51,714 | INFO | Hotel bookings fetched | count=15
2026-06-22 09:17:54,454 | INFO | Flights fetched
2026-06-22 09:17:54,464 | INFO | Flights fetched
2026-06-22 09:18:03,030 | INFO | Flight booking request received | user=Playwright User | flight_id=1 | passengers=1
2026-06-22 09:18:03,046 | INFO | Flight booked successfully | booking_id=BK6504 | pnr=MMT23183 | user=Playwright User | remaining_seats=75
2026-06-22 09:18:03,056 | INFO | Flights fetched
2026-06-22 09:18:08,555 | INFO | Bookings fetched | count=56
2026-06-22 09:18:08,590 | INFO | Bookings fetched | count=56
2026-06-22 09:18:08,655 | INFO | Hotel bookings fetched | count=15
2026-06-22 09:18:08,663 | INFO | Hotel bookings fetched | count=15
2026-06-22 09:18:11,646 | INFO | Bookings fetched | count=56
2026-06-22 09:18:11,657 | INFO | Bookings fetched | count=56
2026-06-22 09:18:11,710 | INFO | Hotel bookings fetched | count=15
2026-06-22 09:18:11,718 | INFO | Hotel bookings fetched | count=15
2026-06-22 09:18:14,812 | INFO | Buses fetched | count=6
2026-06-22 09:18:14,820 | INFO | Buses fetched | count=6
2026-06-22 09:22:04,399 | INFO | Flights fetched
2026-06-22 09:22:04,412 | INFO | Flights fetched
2026-06-22 09:22:07,511 | INFO | Bookings fetched | count=56
2026-06-22 09:22:07,537 | INFO | Bookings fetched | count=56
2026-06-22 09:22:07,645 | INFO | Hotel bookings fetched | count=15
2026-06-22 09:22:07,657 | INFO | Hotel bookings fetched | count=15
2026-06-22 09:22:10,581 | INFO | Flights fetched
2026-06-22 09:22:10,598 | INFO | Flights fetched
2026-06-22 09:22:19,154 | INFO | Flight booking request received | user=Playwright User | flight_id=1 | passengers=1
2026-06-22 09:22:19,166 | INFO | Flight booked successfully | booking_id=BK6141 | pnr=MMT85194 | user=Playwright User | remaining_seats=74
2026-06-22 09:22:19,176 | INFO | Flights fetched
2026-06-22 09:22:24,661 | INFO | Bookings fetched | count=57
2026-06-22 09:22:24,678 | INFO | Bookings fetched | count=57
2026-06-22 09:22:24,734 | INFO | Hotel bookings fetched | count=15
2026-06-22 09:22:24,743 | INFO | Hotel bookings fetched | count=15
2026-06-22 09:22:27,824 | INFO | Bookings fetched | count=57
2026-06-22 09:22:27,848 | INFO | Bookings fetched | count=57
2026-06-22 09:22:27,915 | INFO | Hotel bookings fetched | count=15
2026-06-22 09:22:27,926 | INFO | Hotel bookings fetched | count=15
2026-06-22 09:22:30,970 | INFO | Buses fetched | count=6
2026-06-22 09:22:30,976 | INFO | Buses fetched | count=6
2026-06-22 09:30:59,747 | INFO | Flights fetched
2026-06-22 09:30:59,757 | INFO | Flights fetched
2026-06-22 09:31:00,384 | INFO | Flights fetched
2026-06-22 09:31:00,400 | INFO | Flights fetched
2026-06-22 09:31:01,330 | INFO | Buses fetched | count=6
2026-06-22 09:31:01,338 | INFO | Buses fetched | count=6
2026-06-22 09:32:11,899 | INFO | Trains fetched | count=10
2026-06-22 09:32:11,917 | INFO | Trains fetched | count=10
2026-06-22 09:32:28,455 | INFO | Hotels fetched | count=8
2026-06-22 09:32:28,463 | INFO | Hotels fetched | count=8
2026-06-22 09:33:25,920 | INFO | Buses fetched | count=6
2026-06-22 09:33:25,929 | INFO | Buses fetched | count=6
2026-06-22 09:38:55,085 | INFO | Flights fetched
2026-06-22 09:38:55,098 | INFO | Flights fetched
2026-06-22 09:38:58,146 | INFO | Bookings fetched | count=57
2026-06-22 09:38:58,158 | INFO | Bookings fetched | count=57
2026-06-22 09:38:58,233 | INFO | Hotel bookings fetched | count=15
2026-06-22 09:38:58,244 | INFO | Hotel bookings fetched | count=15
2026-06-22 09:39:01,268 | INFO | Flights fetched
2026-06-22 09:39:01,280 | INFO | Flights fetched
2026-06-22 09:39:10,047 | INFO | Flight booking request received | user=Playwright User | flight_id=1 | passengers=1
2026-06-22 09:39:10,071 | INFO | Flight booked successfully | booking_id=BK4788 | pnr=MMT89413 | user=Playwright User | remaining_seats=73
2026-06-22 09:39:10,093 | INFO | Flights fetched
2026-06-22 09:39:15,439 | INFO | Bookings fetched | count=58
2026-06-22 09:39:15,463 | INFO | Bookings fetched | count=58
2026-06-22 09:39:15,525 | INFO | Hotel bookings fetched | count=15
2026-06-22 09:39:15,535 | INFO | Hotel bookings fetched | count=15
2026-06-22 09:39:18,707 | INFO | Bookings fetched | count=58
2026-06-22 09:39:18,739 | INFO | Bookings fetched | count=58
2026-06-22 09:39:18,859 | INFO | Hotel bookings fetched | count=15
2026-06-22 09:39:18,869 | INFO | Hotel bookings fetched | count=15
2026-06-22 09:39:21,991 | INFO | Buses fetched | count=6
2026-06-22 09:39:21,998 | INFO | Buses fetched | count=6
2026-06-22 09:39:30,440 | INFO | Bus booking request received | user=Playwright User | bus_id=1 | passengers=1
2026-06-22 09:39:30,453 | INFO | Bus booked successfully | booking_id=BUSBK3192 | pnr=BUS21780 | remaining_seats=42
2026-06-22 09:39:30,463 | INFO | Buses fetched | count=6
2026-06-22 09:39:35,558 | INFO | Bookings fetched | count=58
2026-06-22 09:39:35,575 | INFO | Bookings fetched | count=58
2026-06-22 09:39:35,633 | INFO | Hotel bookings fetched | count=15
2026-06-22 09:39:35,643 | INFO | Hotel bookings fetched | count=15
2026-06-22 09:44:01,412 | INFO | Flights fetched
2026-06-22 09:44:01,423 | INFO | Flights fetched
2026-06-22 09:44:04,454 | INFO | Bookings fetched | count=58
2026-06-22 09:44:04,470 | INFO | Bookings fetched | count=58
2026-06-22 09:44:04,546 | INFO | Hotel bookings fetched | count=15
2026-06-22 09:44:04,553 | INFO | Hotel bookings fetched | count=15
2026-06-22 09:44:07,521 | INFO | Flights fetched
2026-06-22 09:44:07,529 | INFO | Flights fetched
2026-06-22 09:44:16,221 | INFO | Flight booking request received | user=Playwright User | flight_id=1 | passengers=1
2026-06-22 09:44:16,233 | INFO | Flight booked successfully | booking_id=BK3022 | pnr=MMT96527 | user=Playwright User | remaining_seats=72
2026-06-22 09:44:16,243 | INFO | Flights fetched
2026-06-22 09:44:21,640 | INFO | Bookings fetched | count=59
2026-06-22 09:44:21,658 | INFO | Bookings fetched | count=59
2026-06-22 09:44:21,718 | INFO | Hotel bookings fetched | count=15
2026-06-22 09:44:21,726 | INFO | Hotel bookings fetched | count=15
2026-06-22 09:44:24,781 | INFO | Bookings fetched | count=59
2026-06-22 09:44:24,797 | INFO | Bookings fetched | count=59
2026-06-22 09:44:24,857 | INFO | Hotel bookings fetched | count=15
2026-06-22 09:44:24,866 | INFO | Hotel bookings fetched | count=15
2026-06-22 09:44:27,900 | INFO | Buses fetched | count=6
2026-06-22 09:44:27,907 | INFO | Buses fetched | count=6
2026-06-22 09:44:36,364 | INFO | Bus booking request received | user=Playwright User | bus_id=1 | passengers=1
2026-06-22 09:44:36,377 | INFO | Bus booked successfully | booking_id=BUSBK7796 | pnr=BUS12449 | remaining_seats=41
2026-06-22 09:44:36,388 | INFO | Buses fetched | count=6
2026-06-22 09:44:41,462 | INFO | Bookings fetched | count=59
2026-06-22 09:44:41,476 | INFO | Bookings fetched | count=59
2026-06-22 09:44:41,535 | INFO | Hotel bookings fetched | count=15
2026-06-22 09:44:41,543 | INFO | Hotel bookings fetched | count=15
2026-06-22 09:56:32,763 | INFO | Flights fetched
2026-06-22 09:56:32,781 | INFO | Flights fetched
2026-06-22 09:56:35,860 | INFO | Bookings fetched | count=59
2026-06-22 09:56:35,876 | INFO | Bookings fetched | count=59
2026-06-22 09:56:35,968 | INFO | Hotel bookings fetched | count=15
2026-06-22 09:56:35,977 | INFO | Hotel bookings fetched | count=15
2026-06-22 09:56:38,902 | INFO | Flights fetched
2026-06-22 09:56:38,909 | INFO | Flights fetched
2026-06-22 09:56:47,794 | INFO | Flight booking request received | user=Playwright User | flight_id=1 | passengers=1
2026-06-22 09:56:47,816 | INFO | Flight booked successfully | booking_id=BK9490 | pnr=MMT30629 | user=Playwright User | remaining_seats=71
2026-06-22 09:56:47,829 | INFO | Flights fetched
2026-06-22 09:56:52,909 | INFO | Bookings fetched | count=60
2026-06-22 09:56:52,926 | INFO | Bookings fetched | count=60
2026-06-22 09:56:52,981 | INFO | Hotel bookings fetched | count=15
2026-06-22 09:56:52,989 | INFO | Hotel bookings fetched | count=15
2026-06-22 09:56:56,014 | INFO | Bookings fetched | count=60
2026-06-22 09:56:56,026 | INFO | Bookings fetched | count=60
2026-06-22 09:56:56,069 | INFO | Hotel bookings fetched | count=15
2026-06-22 09:56:56,076 | INFO | Hotel bookings fetched | count=15
2026-06-22 09:56:59,254 | INFO | Buses fetched | count=6
2026-06-22 09:56:59,269 | INFO | Buses fetched | count=6
2026-06-22 09:57:07,701 | INFO | Bus booking request received | user=Playwright User | bus_id=1 | passengers=1
2026-06-22 09:57:07,712 | INFO | Bus booked successfully | booking_id=BUSBK9775 | pnr=BUS39214 | remaining_seats=40
2026-06-22 09:57:07,723 | INFO | Buses fetched | count=6
2026-06-22 09:57:13,148 | INFO | Bookings fetched | count=60
2026-06-22 09:57:13,170 | INFO | Bookings fetched | count=60
2026-06-22 09:57:13,245 | INFO | Hotel bookings fetched | count=15
2026-06-22 09:57:13,255 | INFO | Hotel bookings fetched | count=15
2026-06-22 09:57:16,251 | INFO | Bookings fetched | count=60
2026-06-22 09:57:16,266 | INFO | Bookings fetched | count=60
2026-06-22 09:57:16,311 | INFO | Hotel bookings fetched | count=15
2026-06-22 09:57:16,321 | INFO | Hotel bookings fetched | count=15
2026-06-22 09:57:19,377 | INFO | Trains fetched | count=10
2026-06-22 09:57:19,386 | INFO | Trains fetched | count=10
2026-06-22 09:57:27,902 | INFO | Train booking request received | user=Playwright User | train_id=1 | passengers=1
2026-06-22 09:57:27,922 | INFO | Train booked successfully | booking_id=TRBK3637 | pnr=TRN84598 | remaining_seats=236
2026-06-22 09:57:27,940 | INFO | Trains fetched | count=10
2026-06-22 09:57:33,044 | INFO | Bookings fetched | count=60
2026-06-22 09:57:33,066 | INFO | Bookings fetched | count=60
2026-06-22 09:57:33,128 | INFO | Hotel bookings fetched | count=15
2026-06-22 09:57:33,137 | INFO | Hotel bookings fetched | count=15
2026-06-22 09:57:36,169 | INFO | Bookings fetched | count=60
2026-06-22 09:57:36,184 | INFO | Bookings fetched | count=60
2026-06-22 09:57:36,237 | INFO | Hotel bookings fetched | count=15
2026-06-22 09:57:36,248 | INFO | Hotel bookings fetched | count=15
2026-06-22 09:57:39,396 | INFO | Hotels fetched | count=8
2026-06-22 09:57:39,419 | INFO | Hotels fetched | count=8
2026-06-22 09:57:53,187 | INFO | Bookings fetched | count=60
2026-06-22 09:57:53,204 | INFO | Bookings fetched | count=60
2026-06-22 09:57:53,255 | INFO | Hotel bookings fetched | count=15
2026-06-22 09:57:53,265 | INFO | Hotel bookings fetched | count=15
2026-06-22 11:34:48,809 | INFO | Flights fetched
2026-06-22 11:34:48,819 | INFO | Flights fetched
2026-06-22 11:34:49,226 | INFO | Flights fetched
2026-06-22 11:34:49,233 | INFO | Flights fetched
2026-06-22 11:34:51,253 | INFO | Bookings fetched | count=60
2026-06-22 11:34:51,266 | INFO | Bookings fetched | count=60
2026-06-22 11:34:51,340 | INFO | Hotel bookings fetched | count=15
2026-06-22 11:34:51,349 | INFO | Hotel bookings fetched | count=15
2026-06-22 11:35:07,056 | INFO | Flight cancellation request received | booking_id=BK8189
2026-06-22 11:35:07,070 | INFO | Flight booking cancelled | booking_id=BK8189 | restored_seats=1
2026-06-22 11:35:07,082 | INFO | Bookings fetched | count=59
2026-06-22 11:35:07,135 | INFO | Hotel bookings fetched | count=15
2026-06-22 11:35:08,565 | INFO | Flight cancellation request received | booking_id=BK8189
2026-06-22 11:35:08,566 | WARNING | Cancellation failed | reason=Booking Not Found | booking_id=BK8189
2026-06-22 11:35:08,581 | INFO | Bookings fetched | count=59
2026-06-22 11:35:08,638 | INFO | Hotel bookings fetched | count=15
2026-06-22 11:35:09,501 | INFO | Flight cancellation request received | booking_id=BK8189
2026-06-22 11:35:09,502 | WARNING | Cancellation failed | reason=Booking Not Found | booking_id=BK8189
2026-06-22 11:35:09,514 | INFO | Bookings fetched | count=59
2026-06-22 11:35:09,564 | INFO | Hotel bookings fetched | count=15
2026-06-22 11:35:10,364 | INFO | Flight cancellation request received | booking_id=BK8189
2026-06-22 11:35:10,365 | WARNING | Cancellation failed | reason=Booking Not Found | booking_id=BK8189
2026-06-22 11:35:10,380 | INFO | Bookings fetched | count=59
2026-06-22 11:35:10,433 | INFO | Hotel bookings fetched | count=15
2026-06-22 11:35:10,965 | INFO | Flight cancellation request received | booking_id=BK8189
2026-06-22 11:35:10,966 | WARNING | Cancellation failed | reason=Booking Not Found | booking_id=BK8189
2026-06-22 11:35:10,981 | INFO | Bookings fetched | count=59
2026-06-22 11:35:11,041 | INFO | Hotel bookings fetched | count=15
2026-06-22 11:35:11,337 | INFO | Flight cancellation request received | booking_id=BK8189
2026-06-22 11:35:11,337 | WARNING | Cancellation failed | reason=Booking Not Found | booking_id=BK8189
2026-06-22 11:35:11,351 | INFO | Bookings fetched | count=59
2026-06-22 11:35:11,401 | INFO | Hotel bookings fetched | count=15
2026-06-22 11:35:11,507 | INFO | Flight cancellation request received | booking_id=BK8189
2026-06-22 11:35:11,508 | WARNING | Cancellation failed | reason=Booking Not Found | booking_id=BK8189
2026-06-22 11:35:11,519 | INFO | Bookings fetched | count=59
2026-06-22 11:35:11,568 | INFO | Hotel bookings fetched | count=15
2026-06-22 11:35:11,678 | INFO | Flight cancellation request received | booking_id=BK8189
2026-06-22 11:35:11,678 | WARNING | Cancellation failed | reason=Booking Not Found | booking_id=BK8189
2026-06-22 11:35:11,689 | INFO | Bookings fetched | count=59
2026-06-22 11:35:11,770 | INFO | Hotel bookings fetched | count=15
2026-06-22 11:35:11,862 | INFO | Flight cancellation request received | booking_id=BK8189
2026-06-22 11:35:11,862 | WARNING | Cancellation failed | reason=Booking Not Found | booking_id=BK8189
2026-06-22 11:35:11,882 | INFO | Bookings fetched | count=59
2026-06-22 11:35:11,948 | INFO | Hotel bookings fetched | count=15
2026-06-22 11:35:12,007 | INFO | Flight cancellation request received | booking_id=BK8189
2026-06-22 11:35:12,008 | WARNING | Cancellation failed | reason=Booking Not Found | booking_id=BK8189
2026-06-22 11:35:12,019 | INFO | Bookings fetched | count=59
2026-06-22 11:35:12,070 | INFO | Hotel bookings fetched | count=15
2026-06-22 11:35:13,986 | INFO | Flight cancellation request received | booking_id=BK3741
2026-06-22 11:35:13,996 | INFO | Flight booking cancelled | booking_id=BK3741 | restored_seats=1
2026-06-22 11:35:14,008 | INFO | Bookings fetched | count=58
2026-06-22 11:35:14,053 | INFO | Hotel bookings fetched | count=15
2026-06-22 11:35:16,674 | INFO | Flight cancellation request received | booking_id=BK8614
2026-06-22 11:35:16,685 | INFO | Flight booking cancelled | booking_id=BK8614 | restored_seats=1
2026-06-22 11:35:16,697 | INFO | Bookings fetched | count=57
2026-06-22 11:35:16,748 | INFO | Hotel bookings fetched | count=15
2026-06-22 11:35:17,423 | INFO | Flight cancellation request received | booking_id=BK7028
2026-06-22 11:35:17,435 | INFO | Flight booking cancelled | booking_id=BK7028 | restored_seats=1
2026-06-22 11:35:17,447 | INFO | Bookings fetched | count=56
2026-06-22 11:35:17,500 | INFO | Hotel bookings fetched | count=15
2026-06-22 11:35:20,107 | INFO | Bookings fetched | count=56
2026-06-22 11:35:20,124 | INFO | Bookings fetched | count=56
2026-06-22 11:35:20,181 | INFO | Hotel bookings fetched | count=15
2026-06-22 11:35:20,190 | INFO | Hotel bookings fetched | count=15
2026-06-22 11:35:22,762 | INFO | Flight cancellation request received | booking_id=BK8735
2026-06-22 11:35:22,770 | INFO | Flight booking cancelled | booking_id=BK8735 | restored_seats=1
2026-06-22 11:35:22,781 | INFO | Bookings fetched | count=55
2026-06-22 11:35:22,819 | INFO | Hotel bookings fetched | count=15
2026-06-22 11:35:24,237 | INFO | Flight cancellation request received | booking_id=BK1132
2026-06-22 11:35:24,248 | INFO | Flight booking cancelled | booking_id=BK1132 | restored_seats=1
2026-06-22 11:35:24,258 | INFO | Bookings fetched | count=54
2026-06-22 11:35:24,308 | INFO | Hotel bookings fetched | count=15
2026-06-22 11:35:24,845 | INFO | Flight cancellation request received | booking_id=BK6226
2026-06-22 11:35:24,855 | INFO | Flight booking cancelled | booking_id=BK6226 | restored_seats=1
2026-06-22 11:35:24,868 | INFO | Bookings fetched | count=53
2026-06-22 11:35:24,919 | INFO | Hotel bookings fetched | count=15
2026-06-22 11:35:26,520 | INFO | Flight cancellation request received | booking_id=BK2468
2026-06-22 11:35:26,531 | INFO | Flight booking cancelled | booking_id=BK2468 | restored_seats=1
2026-06-22 11:35:26,541 | INFO | Bookings fetched | count=52
2026-06-22 11:35:26,604 | INFO | Hotel bookings fetched | count=15
2026-06-22 11:35:27,210 | INFO | Flight cancellation request received | booking_id=BK8524
2026-06-22 11:35:27,220 | INFO | Flight booking cancelled | booking_id=BK8524 | restored_seats=1
2026-06-22 11:35:27,232 | INFO | Bookings fetched | count=51
2026-06-22 11:35:27,283 | INFO | Hotel bookings fetched | count=15
2026-06-22 11:35:27,767 | INFO | Flight cancellation request received | booking_id=BK7952
2026-06-22 11:35:27,779 | INFO | Flight booking cancelled | booking_id=BK7952 | restored_seats=1
2026-06-22 11:35:27,789 | INFO | Bookings fetched | count=50
2026-06-22 11:35:27,839 | INFO | Hotel bookings fetched | count=15
2026-06-22 11:35:29,461 | INFO | Flight cancellation request received | booking_id=BK4903
2026-06-22 11:35:29,472 | INFO | Flight booking cancelled | booking_id=BK4903 | restored_seats=1
2026-06-22 11:35:29,483 | INFO | Bookings fetched | count=49
2026-06-22 11:35:29,537 | INFO | Hotel bookings fetched | count=15
2026-06-22 11:35:29,973 | INFO | Flight cancellation request received | booking_id=BK4833
2026-06-22 11:35:29,983 | INFO | Flight booking cancelled | booking_id=BK4833 | restored_seats=1
2026-06-22 11:35:29,993 | INFO | Bookings fetched | count=48
2026-06-22 11:35:30,043 | INFO | Hotel bookings fetched | count=15
2026-06-22 11:35:30,541 | INFO | Flight cancellation request received | booking_id=BK6889
2026-06-22 11:35:30,550 | INFO | Flight booking cancelled | booking_id=BK6889 | restored_seats=1
2026-06-22 11:35:30,560 | INFO | Bookings fetched | count=47
2026-06-22 11:35:30,610 | INFO | Hotel bookings fetched | count=15
2026-06-22 11:35:32,192 | INFO | Flight cancellation request received | booking_id=BK9494
2026-06-22 11:35:32,202 | INFO | Flight booking cancelled | booking_id=BK9494 | restored_seats=1
2026-06-22 11:35:32,215 | INFO | Bookings fetched | count=46
2026-06-22 11:35:32,267 | INFO | Hotel bookings fetched | count=15
2026-06-22 11:35:32,732 | INFO | Flight cancellation request received | booking_id=BK9199
2026-06-22 11:35:32,743 | INFO | Flight booking cancelled | booking_id=BK9199 | restored_seats=1
2026-06-22 11:35:32,760 | INFO | Bookings fetched | count=45
2026-06-22 11:35:32,821 | INFO | Hotel bookings fetched | count=15
2026-06-22 11:35:34,064 | INFO | Flight cancellation request received | booking_id=BK6972
2026-06-22 11:35:34,076 | INFO | Flight booking cancelled | booking_id=BK6972 | restored_seats=-5
2026-06-22 11:35:34,087 | INFO | Bookings fetched | count=44
2026-06-22 11:35:34,150 | INFO | Hotel bookings fetched | count=15
2026-06-22 11:35:35,740 | INFO | Bookings fetched | count=44
2026-06-22 11:35:35,755 | INFO | Bookings fetched | count=44
2026-06-22 11:35:35,818 | INFO | Hotel bookings fetched | count=15
2026-06-22 11:35:35,827 | INFO | Hotel bookings fetched | count=15
2026-06-22 11:35:48,136 | INFO | Hotel cancellation request received | booking_id=HTBK8184
2026-06-22 11:35:48,146 | INFO | Hotel booking cancelled | booking_id=HTBK8184 | restored_rooms=1
2026-06-22 11:35:48,157 | INFO | Bookings fetched | count=44
2026-06-22 11:35:48,204 | INFO | Hotel bookings fetched | count=14
2026-06-22 11:35:50,601 | INFO | Hotel cancellation request received | booking_id=HTBK5544
2026-06-22 11:35:50,609 | INFO | Hotel booking cancelled | booking_id=HTBK5544 | restored_rooms=1
2026-06-22 11:35:50,621 | INFO | Bookings fetched | count=44
2026-06-22 11:35:50,670 | INFO | Hotel bookings fetched | count=13
2026-06-22 11:35:51,469 | INFO | Hotel cancellation request received | booking_id=HTBK3798
2026-06-22 11:35:51,478 | INFO | Hotel booking cancelled | booking_id=HTBK3798 | restored_rooms=1
2026-06-22 11:35:51,491 | INFO | Bookings fetched | count=44
2026-06-22 11:35:51,546 | INFO | Hotel bookings fetched | count=12
2026-06-22 11:35:52,284 | INFO | Hotel cancellation request received | booking_id=HTBK4947
2026-06-22 11:35:52,295 | INFO | Hotel booking cancelled | booking_id=HTBK4947 | restored_rooms=1
2026-06-22 11:35:52,305 | INFO | Bookings fetched | count=44
2026-06-22 11:35:52,353 | INFO | Hotel bookings fetched | count=11
2026-06-22 11:35:53,694 | INFO | Hotel cancellation request received | booking_id=HTBK8039
2026-06-22 11:35:53,703 | INFO | Hotel booking cancelled | booking_id=HTBK8039 | restored_rooms=1
2026-06-22 11:35:53,713 | INFO | Bookings fetched | count=44
2026-06-22 11:35:53,763 | INFO | Hotel bookings fetched | count=10
2026-06-22 11:35:54,489 | INFO | Hotel cancellation request received | booking_id=HTBK7082
2026-06-22 11:35:54,501 | INFO | Hotel booking cancelled | booking_id=HTBK7082 | restored_rooms=1
2026-06-22 11:35:54,511 | INFO | Bookings fetched | count=44
2026-06-22 11:35:54,548 | INFO | Hotel bookings fetched | count=9
2026-06-22 11:35:55,319 | INFO | Hotel cancellation request received | booking_id=HTBK1266
2026-06-22 11:35:55,330 | INFO | Hotel booking cancelled | booking_id=HTBK1266 | restored_rooms=1
2026-06-22 11:35:55,342 | INFO | Bookings fetched | count=44
2026-06-22 11:35:55,390 | INFO | Hotel bookings fetched | count=8
2026-06-22 11:35:56,803 | INFO | Hotel cancellation request received | booking_id=HTBK7884
2026-06-22 11:35:56,814 | INFO | Hotel booking cancelled | booking_id=HTBK7884 | restored_rooms=1
2026-06-22 11:35:56,825 | INFO | Bookings fetched | count=44
2026-06-22 11:35:56,873 | INFO | Hotel bookings fetched | count=7
2026-06-22 11:35:57,456 | INFO | Hotel cancellation request received | booking_id=HTBK4715
2026-06-22 11:35:57,467 | INFO | Hotel booking cancelled | booking_id=HTBK4715 | restored_rooms=1
2026-06-22 11:35:57,478 | INFO | Bookings fetched | count=44
2026-06-22 11:35:57,529 | INFO | Hotel bookings fetched | count=6
2026-06-22 11:35:58,791 | INFO | Hotel cancellation request received | booking_id=HTBK3943
2026-06-22 11:35:58,802 | INFO | Hotel booking cancelled | booking_id=HTBK3943 | restored_rooms=1
2026-06-22 11:35:58,815 | INFO | Bookings fetched | count=44
2026-06-22 11:35:58,865 | INFO | Hotel bookings fetched | count=5
2026-06-22 11:36:00,560 | INFO | Hotel cancellation request received | booking_id=HTBK2897
2026-06-22 11:36:00,571 | INFO | Hotel booking cancelled | booking_id=HTBK2897 | restored_rooms=1
2026-06-22 11:36:00,582 | INFO | Bookings fetched | count=44
2026-06-22 11:36:00,636 | INFO | Hotel bookings fetched | count=4
2026-06-22 11:36:01,137 | INFO | Hotel cancellation request received | booking_id=HTBK5509
2026-06-22 11:36:01,148 | INFO | Hotel booking cancelled | booking_id=HTBK5509 | restored_rooms=1
2026-06-22 11:36:01,164 | INFO | Bookings fetched | count=44
2026-06-22 11:36:01,218 | INFO | Hotel bookings fetched | count=3
2026-06-22 11:36:02,606 | INFO | Hotel cancellation request received | booking_id=HTBK2806
2026-06-22 11:36:02,617 | INFO | Hotel booking cancelled | booking_id=HTBK2806 | restored_rooms=1
2026-06-22 11:36:02,628 | INFO | Bookings fetched | count=44
2026-06-22 11:36:02,674 | INFO | Hotel bookings fetched | count=2
2026-06-22 11:36:07,941 | INFO | Hotel cancellation request received | booking_id=HTBK4447
2026-06-22 11:36:07,950 | INFO | Hotel booking cancelled | booking_id=HTBK4447 | restored_rooms=1
2026-06-22 11:36:07,959 | INFO | Bookings fetched | count=44
2026-06-22 11:36:08,001 | INFO | Hotel bookings fetched | count=1
2026-06-22 11:36:09,162 | INFO | Bookings fetched | count=44
2026-06-22 11:36:09,209 | INFO | Hotel bookings fetched | count=1
2026-06-22 11:36:11,250 | INFO | Bookings fetched | count=44
2026-06-22 11:36:11,302 | INFO | Hotel bookings fetched | count=1
2026-06-22 11:36:13,264 | INFO | Bookings fetched | count=44
2026-06-22 11:36:13,309 | INFO | Hotel bookings fetched | count=1
2026-06-22 11:36:15,709 | INFO | Bookings fetched | count=44
2026-06-22 11:36:15,759 | INFO | Hotel bookings fetched | count=1
2026-06-22 11:36:16,606 | INFO | Bookings fetched | count=44
2026-06-22 11:36:16,650 | INFO | Hotel bookings fetched | count=1
2026-06-22 11:36:18,443 | INFO | Bookings fetched | count=44
2026-06-22 11:36:18,487 | INFO | Hotel bookings fetched | count=1
2026-06-22 11:36:19,929 | INFO | Bookings fetched | count=44
2026-06-22 11:36:19,975 | INFO | Hotel bookings fetched | count=1
2026-06-22 11:36:22,416 | INFO | Bookings fetched | count=44
2026-06-22 11:36:22,474 | INFO | Hotel bookings fetched | count=1
2026-06-22 11:36:23,639 | INFO | Bookings fetched | count=44
2026-06-22 11:36:23,685 | INFO | Hotel bookings fetched | count=1
2026-06-22 11:36:24,635 | INFO | Bookings fetched | count=44
2026-06-22 11:36:24,690 | INFO | Hotel bookings fetched | count=1
2026-06-22 11:36:26,443 | INFO | Bookings fetched | count=44
2026-06-22 11:36:26,494 | INFO | Hotel bookings fetched | count=1
2026-06-22 11:36:30,199 | INFO | Bookings fetched | count=44
2026-06-22 11:36:30,243 | INFO | Hotel bookings fetched | count=1
2026-06-22 11:36:31,020 | INFO | Bookings fetched | count=44
2026-06-22 11:36:31,066 | INFO | Hotel bookings fetched | count=1
2026-06-22 11:36:32,824 | INFO | Bookings fetched | count=44
2026-06-22 11:36:32,868 | INFO | Hotel bookings fetched | count=1
2026-06-22 11:36:33,490 | INFO | Bookings fetched | count=44
2026-06-22 11:36:33,523 | INFO | Hotel bookings fetched | count=1
2026-06-22 11:36:34,108 | INFO | Bookings fetched | count=44
2026-06-22 11:36:34,156 | INFO | Hotel bookings fetched | count=1
2026-06-22 11:36:34,766 | INFO | Bookings fetched | count=44
2026-06-22 11:36:34,808 | INFO | Hotel bookings fetched | count=1
2026-06-22 11:36:35,378 | INFO | Bookings fetched | count=44
2026-06-22 11:36:35,423 | INFO | Hotel bookings fetched | count=1
2026-06-22 11:36:36,023 | INFO | Bookings fetched | count=44
2026-06-22 11:36:36,068 | INFO | Hotel bookings fetched | count=1
2026-06-22 11:36:36,603 | INFO | Bookings fetched | count=44
2026-06-22 11:36:36,641 | INFO | Hotel bookings fetched | count=1
2026-06-22 11:36:37,197 | INFO | Bookings fetched | count=44
2026-06-22 11:36:37,250 | INFO | Hotel bookings fetched | count=1
2026-06-22 11:36:37,770 | INFO | Bookings fetched | count=44
2026-06-22 11:36:37,822 | INFO | Hotel bookings fetched | count=1
2026-06-22 11:36:38,312 | INFO | Bookings fetched | count=44
2026-06-22 11:36:38,368 | INFO | Hotel bookings fetched | count=1
2026-06-22 11:36:38,850 | INFO | Bookings fetched | count=44
2026-06-22 11:36:38,894 | INFO | Hotel bookings fetched | count=1
2026-06-22 11:36:39,301 | INFO | Bookings fetched | count=44
2026-06-22 11:36:39,341 | INFO | Hotel bookings fetched | count=1
2026-06-22 11:36:39,737 | INFO | Bookings fetched | count=44
2026-06-22 11:36:39,786 | INFO | Hotel bookings fetched | count=1
2026-06-22 11:36:39,967 | INFO | Bookings fetched | count=44
2026-06-22 11:36:40,010 | INFO | Hotel bookings fetched | count=1
2026-06-22 11:36:40,155 | INFO | Bookings fetched | count=44
2026-06-22 11:36:40,204 | INFO | Hotel bookings fetched | count=1
2026-06-22 11:36:40,534 | INFO | Bookings fetched | count=44
2026-06-22 11:36:40,572 | INFO | Hotel bookings fetched | count=1
2026-06-22 11:36:40,722 | INFO | Bookings fetched | count=44
2026-06-22 11:36:40,782 | INFO | Hotel bookings fetched | count=1
2026-06-22 11:36:40,913 | INFO | Bookings fetched | count=44
2026-06-22 11:36:40,972 | INFO | Hotel bookings fetched | count=1
2026-06-22 11:36:41,086 | INFO | Bookings fetched | count=44
2026-06-22 11:36:41,135 | INFO | Hotel bookings fetched | count=1
2026-06-22 11:36:41,286 | INFO | Bookings fetched | count=44
2026-06-22 11:36:41,343 | INFO | Hotel bookings fetched | count=1
2026-06-22 11:36:41,442 | INFO | Bookings fetched | count=44
2026-06-22 11:36:41,492 | INFO | Hotel bookings fetched | count=1
2026-06-22 11:36:41,605 | INFO | Bookings fetched | count=44
2026-06-22 11:36:41,670 | INFO | Hotel bookings fetched | count=1
2026-06-22 11:36:41,772 | INFO | Bookings fetched | count=44
2026-06-22 11:36:41,846 | INFO | Hotel bookings fetched | count=1
2026-06-22 11:36:41,961 | INFO | Bookings fetched | count=44
2026-06-22 11:36:42,023 | INFO | Hotel bookings fetched | count=1
2026-06-22 11:36:42,129 | INFO | Bookings fetched | count=44
2026-06-22 11:36:42,184 | INFO | Hotel bookings fetched | count=1
2026-06-22 11:36:42,284 | INFO | Bookings fetched | count=44
2026-06-22 11:36:42,347 | INFO | Hotel bookings fetched | count=1
2026-06-22 11:36:42,464 | INFO | Bookings fetched | count=44
2026-06-22 11:36:42,527 | INFO | Hotel bookings fetched | count=1
2026-06-22 11:36:42,606 | INFO | Bookings fetched | count=44
2026-06-22 11:36:42,659 | INFO | Hotel bookings fetched | count=1
2026-06-22 11:36:42,769 | INFO | Bookings fetched | count=44
2026-06-22 11:36:42,823 | INFO | Hotel bookings fetched | count=1
2026-06-22 11:36:42,905 | INFO | Bookings fetched | count=44
2026-06-22 11:36:42,968 | INFO | Hotel bookings fetched | count=1
2026-06-22 11:36:43,077 | INFO | Bookings fetched | count=44
2026-06-22 11:36:43,141 | INFO | Hotel bookings fetched | count=1
2026-06-22 11:36:44,065 | INFO | Bookings fetched | count=44
2026-06-22 11:36:44,140 | INFO | Hotel bookings fetched | count=1
2026-06-22 11:36:45,056 | INFO | Bookings fetched | count=44
2026-06-22 11:36:45,107 | INFO | Hotel bookings fetched | count=1
2026-06-22 11:36:45,786 | INFO | Bookings fetched | count=44
2026-06-22 11:36:45,830 | INFO | Hotel bookings fetched | count=1
2026-06-22 11:36:49,799 | INFO | Bookings fetched | count=44
2026-06-22 11:36:49,843 | INFO | Hotel bookings fetched | count=1
2026-06-22 11:36:50,540 | INFO | Bookings fetched | count=44
2026-06-22 11:36:50,588 | INFO | Hotel bookings fetched | count=1
2026-06-22 11:36:52,392 | INFO | Bookings fetched | count=44
2026-06-22 11:36:52,432 | INFO | Hotel bookings fetched | count=1
2026-06-22 11:36:53,097 | INFO | Bookings fetched | count=44
2026-06-22 11:36:53,133 | INFO | Hotel bookings fetched | count=1
2026-06-22 11:36:53,749 | INFO | Bookings fetched | count=44
2026-06-22 11:36:53,794 | INFO | Hotel bookings fetched | count=1
2026-06-22 11:36:54,896 | INFO | Bookings fetched | count=44
2026-06-22 11:36:54,951 | INFO | Hotel bookings fetched | count=1
2026-06-22 11:36:55,579 | INFO | Bookings fetched | count=44
2026-06-22 11:36:55,615 | INFO | Hotel bookings fetched | count=1
2026-06-22 11:36:56,248 | INFO | Bookings fetched | count=44
2026-06-22 11:36:56,292 | INFO | Hotel bookings fetched | count=1
2026-06-22 11:36:57,826 | INFO | Bookings fetched | count=44
2026-06-22 11:36:57,868 | INFO | Hotel bookings fetched | count=1
2026-06-22 11:36:58,487 | INFO | Bookings fetched | count=44
2026-06-22 11:36:58,527 | INFO | Hotel bookings fetched | count=1
2026-06-22 11:36:59,445 | INFO | Bookings fetched | count=44
2026-06-22 11:36:59,496 | INFO | Hotel bookings fetched | count=1
2026-06-22 11:37:00,370 | INFO | Bookings fetched | count=44
2026-06-22 11:37:00,418 | INFO | Hotel bookings fetched | count=1
2026-06-22 11:37:00,979 | INFO | Bookings fetched | count=44
2026-06-22 11:37:01,031 | INFO | Hotel bookings fetched | count=1
2026-06-22 11:37:01,574 | INFO | Bookings fetched | count=44
2026-06-22 11:37:01,614 | INFO | Hotel bookings fetched | count=1
2026-06-22 11:37:02,176 | INFO | Bookings fetched | count=44
2026-06-22 11:37:02,217 | INFO | Hotel bookings fetched | count=1
2026-06-22 11:37:02,662 | INFO | Bookings fetched | count=44
2026-06-22 11:37:02,712 | INFO | Hotel bookings fetched | count=1
2026-06-22 11:37:03,207 | INFO | Bookings fetched | count=44
2026-06-22 11:37:03,250 | INFO | Hotel bookings fetched | count=1
2026-06-22 11:37:03,852 | INFO | Bookings fetched | count=44
2026-06-22 11:37:03,897 | INFO | Hotel bookings fetched | count=1
2026-06-22 11:37:08,308 | INFO | Bookings fetched | count=44
2026-06-22 11:37:08,349 | INFO | Hotel bookings fetched | count=1
2026-06-22 11:37:09,020 | INFO | Bookings fetched | count=44
2026-06-22 11:37:09,060 | INFO | Hotel bookings fetched | count=1
2026-06-22 11:37:09,789 | INFO | Bookings fetched | count=44
2026-06-22 11:37:09,852 | INFO | Hotel bookings fetched | count=1
2026-06-22 11:37:10,552 | INFO | Bookings fetched | count=44
2026-06-22 11:37:10,590 | INFO | Hotel bookings fetched | count=1
2026-06-22 11:37:11,405 | INFO | Bookings fetched | count=44
2026-06-22 11:37:11,445 | INFO | Hotel bookings fetched | count=1
2026-06-22 11:37:12,278 | INFO | Bookings fetched | count=44
2026-06-22 11:37:12,317 | INFO | Hotel bookings fetched | count=1
2026-06-22 11:37:13,043 | INFO | Bookings fetched | count=44
2026-06-22 11:37:13,091 | INFO | Hotel bookings fetched | count=1
2026-06-22 11:37:13,790 | INFO | Bookings fetched | count=44
2026-06-22 11:37:13,826 | INFO | Hotel bookings fetched | count=1
2026-06-22 11:37:14,661 | INFO | Bookings fetched | count=44
2026-06-22 11:37:14,718 | INFO | Hotel bookings fetched | count=1
2026-06-22 11:37:15,485 | INFO | Bookings fetched | count=44
2026-06-22 11:37:15,526 | INFO | Hotel bookings fetched | count=1
2026-06-22 11:37:16,334 | INFO | Bookings fetched | count=44
2026-06-22 11:37:16,374 | INFO | Hotel bookings fetched | count=1
2026-06-22 11:37:17,041 | INFO | Bookings fetched | count=44
2026-06-22 11:37:17,077 | INFO | Hotel bookings fetched | count=1
2026-06-22 11:37:17,876 | INFO | Bookings fetched | count=44
2026-06-22 11:37:17,917 | INFO | Hotel bookings fetched | count=1
2026-06-22 11:37:18,614 | INFO | Bookings fetched | count=44
2026-06-22 11:37:18,661 | INFO | Hotel bookings fetched | count=1
2026-06-22 11:37:23,018 | INFO | Bookings fetched | count=44
2026-06-22 11:37:23,056 | INFO | Hotel bookings fetched | count=1
2026-06-22 11:37:23,769 | INFO | Bookings fetched | count=44
2026-06-22 11:37:23,805 | INFO | Hotel bookings fetched | count=1
2026-06-22 11:37:24,578 | INFO | Bookings fetched | count=44
2026-06-22 11:37:24,618 | INFO | Hotel bookings fetched | count=1
2026-06-22 11:37:25,661 | INFO | Bookings fetched | count=44
2026-06-22 11:37:25,701 | INFO | Hotel bookings fetched | count=1
2026-06-22 11:37:26,410 | INFO | Bookings fetched | count=44
2026-06-22 11:37:26,623 | INFO | Hotel bookings fetched | count=1
2026-06-22 11:37:27,198 | INFO | Bookings fetched | count=44
2026-06-22 11:37:27,238 | INFO | Hotel bookings fetched | count=1
2026-06-22 11:37:27,935 | INFO | Bookings fetched | count=44
2026-06-22 11:37:27,981 | INFO | Hotel bookings fetched | count=1
2026-06-22 11:37:28,662 | INFO | Bookings fetched | count=44
2026-06-22 11:37:28,714 | INFO | Hotel bookings fetched | count=1
2026-06-22 11:37:29,411 | INFO | Bookings fetched | count=44
2026-06-22 11:37:29,444 | INFO | Hotel bookings fetched | count=1
2026-06-22 11:37:30,262 | INFO | Bookings fetched | count=44
2026-06-22 11:37:30,297 | INFO | Hotel bookings fetched | count=1
2026-06-22 11:37:31,217 | INFO | Bookings fetched | count=44
2026-06-22 11:37:31,257 | INFO | Hotel bookings fetched | count=1
2026-06-22 11:37:32,197 | INFO | Bookings fetched | count=44
2026-06-22 11:37:32,246 | INFO | Hotel bookings fetched | count=1
2026-06-22 11:37:33,014 | INFO | Bookings fetched | count=44
2026-06-22 11:37:33,061 | INFO | Hotel bookings fetched | count=1
2026-06-22 11:37:34,227 | INFO | Bookings fetched | count=44
2026-06-22 11:37:34,262 | INFO | Hotel bookings fetched | count=1
2026-06-22 11:37:35,658 | INFO | Bookings fetched | count=44
2026-06-22 11:37:35,696 | INFO | Hotel bookings fetched | count=1
2026-06-22 11:37:36,681 | INFO | Bookings fetched | count=44
2026-06-22 11:37:36,717 | INFO | Hotel bookings fetched | count=1
2026-06-22 11:37:37,978 | INFO | Bookings fetched | count=44
2026-06-22 11:37:38,016 | INFO | Hotel bookings fetched | count=1
2026-06-22 11:37:38,560 | INFO | Hotel cancellation request received | booking_id=HTBK6420
2026-06-22 11:37:38,569 | INFO | Hotel booking cancelled | booking_id=HTBK6420 | restored_rooms=1
2026-06-22 11:37:38,580 | INFO | Bookings fetched | count=44
2026-06-22 11:37:38,623 | INFO | Hotel bookings fetched | count=0
2026-06-22 11:37:39,458 | INFO | Bookings fetched | count=44
2026-06-22 11:37:39,490 | INFO | Hotel bookings fetched | count=0
2026-06-22 11:37:41,808 | INFO | Flight cancellation request received | booking_id=BK9490
2026-06-22 11:37:41,817 | INFO | Flight booking cancelled | booking_id=BK9490 | restored_seats=1
2026-06-22 11:37:41,829 | INFO | Bookings fetched | count=43
2026-06-22 11:37:41,866 | INFO | Hotel bookings fetched | count=0
2026-06-22 11:37:42,664 | INFO | Bookings fetched | count=43
2026-06-22 11:37:42,702 | INFO | Hotel bookings fetched | count=0
2026-06-22 11:37:43,526 | INFO | Bookings fetched | count=43
2026-06-22 11:37:43,574 | INFO | Hotel bookings fetched | count=0
2026-06-22 11:37:44,790 | INFO | Flight cancellation request received | booking_id=BK3022
2026-06-22 11:37:44,800 | INFO | Flight booking cancelled | booking_id=BK3022 | restored_seats=1
2026-06-22 11:37:44,809 | INFO | Bookings fetched | count=42
2026-06-22 11:37:44,874 | INFO | Hotel bookings fetched | count=0
2026-06-22 11:37:45,914 | INFO | Bookings fetched | count=42
2026-06-22 11:37:45,956 | INFO | Hotel bookings fetched | count=0
2026-06-22 11:37:47,083 | INFO | Bookings fetched | count=42
2026-06-22 11:37:47,125 | INFO | Hotel bookings fetched | count=0
2026-06-22 11:37:49,161 | INFO | Bookings fetched | count=42
2026-06-22 11:37:49,204 | INFO | Hotel bookings fetched | count=0
2026-06-22 11:37:51,181 | INFO | Bookings fetched | count=42
2026-06-22 11:37:51,229 | INFO | Hotel bookings fetched | count=0
2026-06-22 11:37:57,662 | INFO | Flight cancellation request received | booking_id=BK8844
2026-06-22 11:37:57,672 | INFO | Flight booking cancelled | booking_id=BK8844 | restored_seats=1
2026-06-22 11:37:57,682 | INFO | Bookings fetched | count=41
2026-06-22 11:37:57,718 | INFO | Hotel bookings fetched | count=0
2026-06-22 11:37:58,471 | INFO | Flight cancellation request received | booking_id=BK8232
2026-06-22 11:37:58,479 | INFO | Flight booking cancelled | booking_id=BK8232 | restored_seats=-5
2026-06-22 11:37:58,489 | INFO | Bookings fetched | count=40
2026-06-22 11:37:58,527 | INFO | Hotel bookings fetched | count=0
2026-06-22 11:37:59,355 | INFO | Flight cancellation request received | booking_id=BK8497
2026-06-22 11:37:59,363 | INFO | Flight booking cancelled | booking_id=BK8497 | restored_seats=1
2026-06-22 11:37:59,377 | INFO | Bookings fetched | count=39
2026-06-22 11:37:59,423 | INFO | Hotel bookings fetched | count=0
2026-06-22 11:38:00,210 | INFO | Flight cancellation request received | booking_id=BK1645
2026-06-22 11:38:00,222 | INFO | Flight booking cancelled | booking_id=BK1645 | restored_seats=-5
2026-06-22 11:38:00,233 | INFO | Bookings fetched | count=38
2026-06-22 11:38:00,275 | INFO | Hotel bookings fetched | count=0
2026-06-22 11:38:01,019 | INFO | Flight cancellation request received | booking_id=BK8736
2026-06-22 11:38:01,028 | INFO | Flight booking cancelled | booking_id=BK8736 | restored_seats=1
2026-06-22 11:38:01,038 | INFO | Bookings fetched | count=37
2026-06-22 11:38:01,076 | INFO | Hotel bookings fetched | count=0
2026-06-22 11:38:01,742 | INFO | Flight cancellation request received | booking_id=BK6181
2026-06-22 11:38:01,750 | INFO | Flight booking cancelled | booking_id=BK6181 | restored_seats=-5
2026-06-22 11:38:01,765 | INFO | Bookings fetched | count=36
2026-06-22 11:38:01,914 | INFO | Hotel bookings fetched | count=0
2026-06-22 11:38:02,559 | INFO | Flight cancellation request received | booking_id=BK1875
2026-06-22 11:38:02,568 | INFO | Flight booking cancelled | booking_id=BK1875 | restored_seats=1
2026-06-22 11:38:02,585 | INFO | Bookings fetched | count=35
2026-06-22 11:38:02,628 | INFO | Hotel bookings fetched | count=0
2026-06-22 11:38:03,407 | INFO | Flight cancellation request received | booking_id=BK8092
2026-06-22 11:38:03,416 | INFO | Flight booking cancelled | booking_id=BK8092 | restored_seats=-5
2026-06-22 11:38:03,427 | INFO | Bookings fetched | count=34
2026-06-22 11:38:03,468 | INFO | Hotel bookings fetched | count=0
2026-06-22 11:38:04,193 | INFO | Flight cancellation request received | booking_id=BK7367
2026-06-22 11:38:04,202 | INFO | Flight booking cancelled | booking_id=BK7367 | restored_seats=1
2026-06-22 11:38:04,214 | INFO | Bookings fetched | count=33
2026-06-22 11:38:04,258 | INFO | Hotel bookings fetched | count=0
2026-06-22 11:38:06,590 | INFO | Flight cancellation request received | booking_id=BK7930
2026-06-22 11:38:06,599 | INFO | Flight booking cancelled | booking_id=BK7930 | restored_seats=-5
2026-06-22 11:38:06,611 | INFO | Bookings fetched | count=32
2026-06-22 11:38:06,648 | INFO | Hotel bookings fetched | count=0
2026-06-22 11:38:07,399 | INFO | Flight cancellation request received | booking_id=BK4352
2026-06-22 11:38:07,410 | INFO | Flight booking cancelled | booking_id=BK4352 | restored_seats=1
2026-06-22 11:38:07,420 | INFO | Bookings fetched | count=31
2026-06-22 11:38:07,456 | INFO | Hotel bookings fetched | count=0
2026-06-22 11:38:08,200 | INFO | Flight cancellation request received | booking_id=BK8730
2026-06-22 11:38:08,209 | INFO | Flight booking cancelled | booking_id=BK8730 | restored_seats=-5
2026-06-22 11:38:08,220 | INFO | Bookings fetched | count=30
2026-06-22 11:38:08,253 | INFO | Hotel bookings fetched | count=0
2026-06-22 11:38:08,932 | INFO | Flight cancellation request received | booking_id=BK8299
2026-06-22 11:38:08,942 | INFO | Flight booking cancelled | booking_id=BK8299 | restored_seats=1
2026-06-22 11:38:08,952 | INFO | Bookings fetched | count=29
2026-06-22 11:38:08,989 | INFO | Hotel bookings fetched | count=0
2026-06-22 11:38:09,638 | INFO | Flight cancellation request received | booking_id=BK1474
2026-06-22 11:38:09,647 | INFO | Flight booking cancelled | booking_id=BK1474 | restored_seats=-5
2026-06-22 11:38:09,657 | INFO | Bookings fetched | count=28
2026-06-22 11:38:09,690 | INFO | Hotel bookings fetched | count=0
2026-06-22 11:38:10,396 | INFO | Flight cancellation request received | booking_id=BK9177
2026-06-22 11:38:10,407 | INFO | Flight booking cancelled | booking_id=BK9177 | restored_seats=1
2026-06-22 11:38:10,417 | INFO | Bookings fetched | count=27
2026-06-22 11:38:10,452 | INFO | Hotel bookings fetched | count=0
2026-06-22 11:38:11,302 | INFO | Flight cancellation request received | booking_id=BK5755
2026-06-22 11:38:11,312 | INFO | Flight booking cancelled | booking_id=BK5755 | restored_seats=-5
2026-06-22 11:38:11,323 | INFO | Bookings fetched | count=26
2026-06-22 11:38:11,358 | INFO | Hotel bookings fetched | count=0
2026-06-22 11:38:12,021 | INFO | Flight cancellation request received | booking_id=BK4876
2026-06-22 11:38:12,031 | INFO | Flight booking cancelled | booking_id=BK4876 | restored_seats=1
2026-06-22 11:38:12,042 | INFO | Bookings fetched | count=25
2026-06-22 11:38:12,078 | INFO | Hotel bookings fetched | count=0
2026-06-22 11:38:12,731 | INFO | Flight cancellation request received | booking_id=BK2367
2026-06-22 11:38:12,741 | INFO | Flight booking cancelled | booking_id=BK2367 | restored_seats=-5
2026-06-22 11:38:12,751 | INFO | Bookings fetched | count=24
2026-06-22 11:38:12,786 | INFO | Hotel bookings fetched | count=0
2026-06-22 11:38:13,582 | INFO | Flight cancellation request received | booking_id=BK9774
2026-06-22 11:38:13,592 | INFO | Flight booking cancelled | booking_id=BK9774 | restored_seats=1
2026-06-22 11:38:13,604 | INFO | Bookings fetched | count=23
2026-06-22 11:38:13,648 | INFO | Hotel bookings fetched | count=0
2026-06-22 11:38:14,484 | INFO | Flight cancellation request received | booking_id=BK7932
2026-06-22 11:38:14,492 | INFO | Flight booking cancelled | booking_id=BK7932 | restored_seats=-5
2026-06-22 11:38:14,500 | INFO | Bookings fetched | count=22
2026-06-22 11:38:14,532 | INFO | Hotel bookings fetched | count=0
2026-06-22 11:38:15,244 | INFO | Flight cancellation request received | booking_id=BK1403
2026-06-22 11:38:15,255 | INFO | Flight booking cancelled | booking_id=BK1403 | restored_seats=1
2026-06-22 11:38:15,263 | INFO | Bookings fetched | count=21
2026-06-22 11:38:15,295 | INFO | Hotel bookings fetched | count=0
2026-06-22 11:38:16,017 | INFO | Flight cancellation request received | booking_id=BK4738
2026-06-22 11:38:16,029 | INFO | Flight booking cancelled | booking_id=BK4738 | restored_seats=-5
2026-06-22 11:38:16,040 | INFO | Bookings fetched | count=20
2026-06-22 11:38:16,072 | INFO | Hotel bookings fetched | count=0
2026-06-22 11:38:16,877 | INFO | Flight cancellation request received | booking_id=BK4009
2026-06-22 11:38:16,885 | INFO | Flight booking cancelled | booking_id=BK4009 | restored_seats=1
2026-06-22 11:38:16,900 | INFO | Bookings fetched | count=19
2026-06-22 11:38:16,948 | INFO | Hotel bookings fetched | count=0
2026-06-22 11:38:17,724 | INFO | Flight cancellation request received | booking_id=BK7017
2026-06-22 11:38:17,737 | INFO | Flight booking cancelled | booking_id=BK7017 | restored_seats=-5
2026-06-22 11:38:17,752 | INFO | Bookings fetched | count=18
2026-06-22 11:38:17,796 | INFO | Hotel bookings fetched | count=0
2026-06-22 11:38:18,444 | INFO | Flight cancellation request received | booking_id=BK9329
2026-06-22 11:38:18,453 | INFO | Flight booking cancelled | booking_id=BK9329 | restored_seats=1
2026-06-22 11:38:18,462 | INFO | Bookings fetched | count=17
2026-06-22 11:38:18,493 | INFO | Hotel bookings fetched | count=0
2026-06-22 11:38:19,179 | INFO | Flight cancellation request received | booking_id=BK7602
2026-06-22 11:38:19,188 | INFO | Flight booking cancelled | booking_id=BK7602 | restored_seats=1
2026-06-22 11:38:19,198 | INFO | Bookings fetched | count=16
2026-06-22 11:38:19,234 | INFO | Hotel bookings fetched | count=0
2026-06-22 11:38:19,885 | INFO | Flight cancellation request received | booking_id=BK6212
2026-06-22 11:38:19,895 | INFO | Flight booking cancelled | booking_id=BK6212 | restored_seats=-5
2026-06-22 11:38:19,905 | INFO | Bookings fetched | count=15
2026-06-22 11:38:19,937 | INFO | Hotel bookings fetched | count=0
2026-06-22 11:38:20,692 | INFO | Flight cancellation request received | booking_id=BK4757
2026-06-22 11:38:20,701 | INFO | Flight booking cancelled | booking_id=BK4757 | restored_seats=1
2026-06-22 11:38:20,712 | INFO | Bookings fetched | count=14
2026-06-22 11:38:20,749 | INFO | Hotel bookings fetched | count=0
2026-06-22 11:38:21,452 | INFO | Flight cancellation request received | booking_id=BK6937
2026-06-22 11:38:21,462 | INFO | Flight booking cancelled | booking_id=BK6937 | restored_seats=1
2026-06-22 11:38:21,472 | INFO | Bookings fetched | count=13
2026-06-22 11:38:21,507 | INFO | Hotel bookings fetched | count=0
2026-06-22 11:38:22,229 | INFO | Flight cancellation request received | booking_id=BK9478
2026-06-22 11:38:22,239 | INFO | Flight booking cancelled | booking_id=BK9478 | restored_seats=1
2026-06-22 11:38:22,248 | INFO | Bookings fetched | count=12
2026-06-22 11:38:22,282 | INFO | Hotel bookings fetched | count=0
2026-06-22 11:38:23,273 | INFO | Flight cancellation request received | booking_id=BK4688
2026-06-22 11:38:23,282 | INFO | Flight booking cancelled | booking_id=BK4688 | restored_seats=1
2026-06-22 11:38:23,297 | INFO | Bookings fetched | count=11
2026-06-22 11:38:23,333 | INFO | Hotel bookings fetched | count=0
2026-06-22 11:38:24,125 | INFO | Flight cancellation request received | booking_id=BK2266
2026-06-22 11:38:24,136 | INFO | Flight booking cancelled | booking_id=BK2266 | restored_seats=-5
2026-06-22 11:38:24,145 | INFO | Bookings fetched | count=10
2026-06-22 11:38:24,191 | INFO | Hotel bookings fetched | count=0
2026-06-22 11:38:26,508 | INFO | Flight cancellation request received | booking_id=BK9931
2026-06-22 11:38:26,516 | INFO | Flight booking cancelled | booking_id=BK9931 | restored_seats=1
2026-06-22 11:38:26,528 | INFO | Bookings fetched | count=9
2026-06-22 11:38:26,563 | INFO | Hotel bookings fetched | count=0
2026-06-22 11:38:27,612 | INFO | Flight cancellation request received | booking_id=BK8790
2026-06-22 11:38:27,619 | INFO | Flight booking cancelled | booking_id=BK8790 | restored_seats=1
2026-06-22 11:38:27,629 | INFO | Bookings fetched | count=8
2026-06-22 11:38:27,655 | INFO | Hotel bookings fetched | count=0
2026-06-22 11:38:28,568 | INFO | Flight cancellation request received | booking_id=BK8322
2026-06-22 11:38:28,577 | INFO | Flight booking cancelled | booking_id=BK8322 | restored_seats=1
2026-06-22 11:38:28,588 | INFO | Bookings fetched | count=7
2026-06-22 11:38:28,630 | INFO | Hotel bookings fetched | count=0
2026-06-22 11:38:29,467 | INFO | Flight cancellation request received | booking_id=BK3615
2026-06-22 11:38:29,477 | INFO | Flight booking cancelled | booking_id=BK3615 | restored_seats=1
2026-06-22 11:38:29,490 | INFO | Bookings fetched | count=6
2026-06-22 11:38:29,524 | INFO | Hotel bookings fetched | count=0
2026-06-22 11:38:30,304 | INFO | Flight cancellation request received | booking_id=BK9497
2026-06-22 11:38:30,313 | INFO | Flight booking cancelled | booking_id=BK9497 | restored_seats=1
2026-06-22 11:38:30,325 | INFO | Bookings fetched | count=5
2026-06-22 11:38:30,359 | INFO | Hotel bookings fetched | count=0
2026-06-22 11:38:31,139 | INFO | Flight cancellation request received | booking_id=BK2379
2026-06-22 11:38:31,148 | INFO | Flight booking cancelled | booking_id=BK2379 | restored_seats=1
2026-06-22 11:38:31,161 | INFO | Bookings fetched | count=4
2026-06-22 11:38:31,205 | INFO | Hotel bookings fetched | count=0
2026-06-22 11:38:33,170 | INFO | Flight cancellation request received | booking_id=BK7784
2026-06-22 11:38:33,179 | INFO | Flight booking cancelled | booking_id=BK7784 | restored_seats=1
2026-06-22 11:38:33,190 | INFO | Bookings fetched | count=3
2026-06-22 11:38:33,224 | INFO | Hotel bookings fetched | count=0
2026-06-22 11:38:34,172 | INFO | Flight cancellation request received | booking_id=BK6504
2026-06-22 11:38:34,181 | INFO | Flight booking cancelled | booking_id=BK6504 | restored_seats=1
2026-06-22 11:38:34,192 | INFO | Bookings fetched | count=2
2026-06-22 11:38:34,224 | INFO | Hotel bookings fetched | count=0
2026-06-22 11:38:34,961 | INFO | Flight cancellation request received | booking_id=BK6141
2026-06-22 11:38:34,970 | INFO | Flight booking cancelled | booking_id=BK6141 | restored_seats=1
2026-06-22 11:38:34,980 | INFO | Bookings fetched | count=1
2026-06-22 11:38:35,011 | INFO | Hotel bookings fetched | count=0
2026-06-22 11:38:36,057 | INFO | Flight cancellation request received | booking_id=BK4788
2026-06-22 11:38:36,065 | INFO | Flight booking cancelled | booking_id=BK4788 | restored_seats=1
2026-06-22 11:38:36,075 | INFO | Bookings fetched | count=0
2026-06-22 11:38:36,102 | INFO | Hotel bookings fetched | count=0
2026-06-22 11:38:40,244 | INFO | Bookings fetched | count=0
2026-06-22 11:38:40,254 | INFO | Bookings fetched | count=0
2026-06-22 11:38:40,294 | INFO | Hotel bookings fetched | count=0
2026-06-22 11:38:40,300 | INFO | Hotel bookings fetched | count=0
2026-06-22 11:38:42,010 | INFO | Hotels fetched | count=8
2026-06-22 11:38:42,017 | INFO | Hotels fetched | count=8
2026-06-22 11:38:43,259 | INFO | Bookings fetched | count=0
2026-06-22 11:38:43,265 | INFO | Bookings fetched | count=0
2026-06-22 11:38:43,296 | INFO | Hotel bookings fetched | count=0
2026-06-22 11:38:43,303 | INFO | Hotel bookings fetched | count=0
2026-06-22 11:38:44,267 | INFO | Hotels fetched | count=8
2026-06-22 11:38:44,275 | INFO | Hotels fetched | count=8
2026-06-22 11:38:57,829 | INFO | Hotel booking request received | user=Anav Gusain | hotel_id=1 | rooms_requested=1
2026-06-22 11:38:57,839 | INFO | Hotel booked successfully | booking_id=HTBK3018 | pnr=HTL67120 | user=Anav Gusain | remaining_rooms=19
2026-06-22 11:38:57,853 | INFO | Hotels fetched | count=8
2026-06-22 11:39:02,354 | INFO | Bookings fetched | count=0
2026-06-22 11:39:02,360 | INFO | Bookings fetched | count=0
2026-06-22 11:39:02,391 | INFO | Hotel bookings fetched | count=1
2026-06-22 11:39:02,396 | INFO | Hotel bookings fetched | count=1
2026-06-22 11:39:05,063 | INFO | Hotel cancellation request received | booking_id=HTBK3018
2026-06-22 11:39:05,073 | INFO | Hotel booking cancelled | booking_id=HTBK3018 | restored_rooms=1
2026-06-22 11:39:05,084 | INFO | Bookings fetched | count=0
2026-06-22 11:39:05,116 | INFO | Hotel bookings fetched | count=0
2026-06-22 11:48:40,232 | INFO | Flights fetched
2026-06-22 11:48:40,252 | INFO | Flights fetched
2026-06-22 11:48:43,310 | INFO | Bookings fetched | count=0
2026-06-22 11:48:43,317 | INFO | Bookings fetched | count=0
2026-06-22 11:48:43,459 | INFO | Hotel bookings fetched | count=0
2026-06-22 11:48:43,464 | INFO | Hotel bookings fetched | count=0
2026-06-22 11:48:46,323 | INFO | Flights fetched
2026-06-22 11:48:46,334 | INFO | Flights fetched
2026-06-22 11:48:54,987 | INFO | Flight booking request received | user=Playwright User | flight_id=1 | passengers=1
2026-06-22 11:48:55,004 | INFO | Flight booked successfully | booking_id=BK4471 | pnr=MMT42483 | user=Playwright User | remaining_seats=39
2026-06-22 11:48:55,022 | INFO | Flights fetched
2026-06-22 11:49:00,536 | INFO | Bookings fetched | count=1
2026-06-22 11:49:00,551 | INFO | Bookings fetched | count=1
2026-06-22 11:49:00,582 | INFO | Hotel bookings fetched | count=0
2026-06-22 11:49:00,588 | INFO | Hotel bookings fetched | count=0
2026-06-22 11:49:03,609 | INFO | Bookings fetched | count=1
2026-06-22 11:49:03,614 | INFO | Bookings fetched | count=1
2026-06-22 11:49:03,639 | INFO | Hotel bookings fetched | count=0
2026-06-22 11:49:03,644 | INFO | Hotel bookings fetched | count=0
2026-06-22 11:49:06,751 | INFO | Buses fetched | count=6
2026-06-22 11:49:06,758 | INFO | Buses fetched | count=6
2026-06-22 11:49:15,208 | INFO | Bus booking request received | user=Playwright User | bus_id=1 | passengers=1
2026-06-22 11:49:15,221 | INFO | Bus booked successfully | booking_id=BUSBK3796 | pnr=BUS77123 | remaining_seats=17
2026-06-22 11:49:15,237 | INFO | Buses fetched | count=6
2026-06-22 11:49:20,312 | INFO | Bookings fetched | count=1
2026-06-22 11:49:20,318 | INFO | Bookings fetched | count=1
2026-06-22 11:49:20,343 | INFO | Hotel bookings fetched | count=0
2026-06-22 11:49:20,349 | INFO | Hotel bookings fetched | count=0
2026-06-22 11:49:23,422 | INFO | Bookings fetched | count=1
2026-06-22 11:49:23,428 | INFO | Bookings fetched | count=1
2026-06-22 11:49:23,453 | INFO | Hotel bookings fetched | count=0
2026-06-22 11:49:23,457 | INFO | Hotel bookings fetched | count=0
2026-06-22 11:49:26,554 | INFO | Trains fetched | count=10
2026-06-22 11:49:26,561 | INFO | Trains fetched | count=10
2026-06-22 11:49:35,056 | INFO | Train booking request received | user=Playwright User | train_id=1 | passengers=1
2026-06-22 11:49:35,067 | INFO | Train booked successfully | booking_id=TRBK9594 | pnr=TRN89934 | remaining_seats=119
2026-06-22 11:49:35,077 | INFO | Trains fetched | count=10
2026-06-22 11:49:40,515 | INFO | Bookings fetched | count=1
2026-06-22 11:49:40,531 | INFO | Bookings fetched | count=1
2026-06-22 11:49:40,571 | INFO | Hotel bookings fetched | count=0
2026-06-22 11:49:40,580 | INFO | Hotel bookings fetched | count=0
2026-06-22 11:49:43,625 | INFO | Bookings fetched | count=1
2026-06-22 11:49:43,630 | INFO | Bookings fetched | count=1
2026-06-22 11:49:43,656 | INFO | Hotel bookings fetched | count=0
2026-06-22 11:49:43,661 | INFO | Hotel bookings fetched | count=0
2026-06-22 11:49:46,728 | INFO | Hotels fetched | count=8
2026-06-22 11:49:46,732 | INFO | Hotels fetched | count=8
2026-06-22 11:50:03,300 | INFO | Bookings fetched | count=1
2026-06-22 11:50:03,308 | INFO | Bookings fetched | count=1
2026-06-22 11:50:03,329 | INFO | Hotel bookings fetched | count=0
2026-06-22 11:50:03,334 | INFO | Hotel bookings fetched | count=0
2026-06-22 11:50:08,412 | INFO | Bookings fetched | count=1
2026-06-22 11:50:08,418 | INFO | Bookings fetched | count=1
2026-06-22 11:50:08,445 | INFO | Hotel bookings fetched | count=0
2026-06-22 11:50:08,453 | INFO | Hotel bookings fetched | count=0
2026-06-22 11:51:03,573 | INFO | Bookings fetched | count=1
2026-06-22 11:51:03,582 | INFO | Bookings fetched | count=1
2026-06-22 11:51:03,622 | INFO | Hotel bookings fetched | count=0
2026-06-22 11:51:03,631 | INFO | Hotel bookings fetched | count=0
2026-06-22 11:51:08,091 | INFO | Flight cancellation request received | booking_id=BK4471
2026-06-22 11:51:08,102 | INFO | Flight booking cancelled | booking_id=BK4471 | restored_seats=1
2026-06-22 11:51:08,112 | INFO | Bookings fetched | count=0
2026-06-22 11:51:08,139 | INFO | Hotel bookings fetched | count=0
2026-06-22 11:51:09,112 | INFO | Bookings fetched | count=0
2026-06-22 11:51:09,145 | INFO | Hotel bookings fetched | count=0
2026-06-22 11:51:09,710 | INFO | Bookings fetched | count=0
2026-06-22 11:51:09,744 | INFO | Hotel bookings fetched | count=0
2026-06-22 11:54:03,687 | INFO | Flights fetched
2026-06-22 11:54:03,697 | INFO | Flights fetched
2026-06-22 11:54:06,761 | INFO | Bookings fetched | count=0
2026-06-22 11:54:06,767 | INFO | Bookings fetched | count=0
2026-06-22 11:54:06,838 | INFO | Hotel bookings fetched | count=0
2026-06-22 11:54:06,847 | INFO | Hotel bookings fetched | count=0
2026-06-22 11:54:09,811 | INFO | Flights fetched
2026-06-22 11:54:09,817 | INFO | Flights fetched
2026-06-22 11:54:18,415 | INFO | Flight booking request received | user=Playwright User | flight_id=1 | passengers=1
2026-06-22 11:54:18,427 | INFO | Flight booked successfully | booking_id=BK6390 | pnr=MMT40547 | user=Playwright User | remaining_seats=39
2026-06-22 11:54:18,437 | INFO | Flights fetched
2026-06-22 11:54:23,953 | INFO | Bookings fetched | count=1
2026-06-22 11:54:23,964 | INFO | Bookings fetched | count=1
2026-06-22 11:54:24,003 | INFO | Hotel bookings fetched | count=0
2026-06-22 11:54:24,013 | INFO | Hotel bookings fetched | count=0
2026-06-22 11:54:27,180 | INFO | Bookings fetched | count=1
2026-06-22 11:54:27,186 | INFO | Bookings fetched | count=1
2026-06-22 11:54:27,215 | INFO | Hotel bookings fetched | count=0
2026-06-22 11:54:27,220 | INFO | Hotel bookings fetched | count=0
2026-06-22 11:54:30,310 | INFO | Buses fetched | count=6
2026-06-22 11:54:30,318 | INFO | Buses fetched | count=6
2026-06-22 11:54:38,686 | INFO | Bus booking request received | user=Playwright User | bus_id=1 | passengers=1
2026-06-22 11:54:38,697 | INFO | Bus booked successfully | booking_id=BUSBK5960 | pnr=BUS52193 | remaining_seats=17
2026-06-22 11:54:38,707 | INFO | Buses fetched | count=6
2026-06-22 11:54:43,789 | INFO | Bookings fetched | count=1
2026-06-22 11:54:43,797 | INFO | Bookings fetched | count=1
2026-06-22 11:54:43,825 | INFO | Hotel bookings fetched | count=0
2026-06-22 11:54:43,831 | INFO | Hotel bookings fetched | count=0
2026-06-22 11:54:46,894 | INFO | Bookings fetched | count=1
2026-06-22 11:54:46,899 | INFO | Bookings fetched | count=1
2026-06-22 11:54:46,923 | INFO | Hotel bookings fetched | count=0
2026-06-22 11:54:46,927 | INFO | Hotel bookings fetched | count=0
2026-06-22 11:54:50,066 | INFO | Trains fetched | count=10
2026-06-22 11:54:50,071 | INFO | Trains fetched | count=10
2026-06-22 11:54:58,582 | INFO | Train booking request received | user=Playwright User | train_id=1 | passengers=1
2026-06-22 11:54:58,593 | INFO | Train booked successfully | booking_id=TRBK3607 | pnr=TRN35198 | remaining_seats=119
2026-06-22 11:54:58,602 | INFO | Trains fetched | count=10
2026-06-22 11:55:03,994 | INFO | Bookings fetched | count=1
2026-06-22 11:55:04,004 | INFO | Bookings fetched | count=1
2026-06-22 11:55:04,031 | INFO | Hotel bookings fetched | count=0
2026-06-22 11:55:04,039 | INFO | Hotel bookings fetched | count=0
2026-06-22 11:55:07,096 | INFO | Bookings fetched | count=1
2026-06-22 11:55:07,101 | INFO | Bookings fetched | count=1
2026-06-22 11:55:07,127 | INFO | Hotel bookings fetched | count=0
2026-06-22 11:55:07,132 | INFO | Hotel bookings fetched | count=0
2026-06-22 11:55:10,295 | INFO | Hotels fetched | count=8
2026-06-22 11:55:10,300 | INFO | Hotels fetched | count=8
2026-06-22 11:55:18,847 | INFO | Hotel booking request received | user=Playwright User | hotel_id=1 | rooms_requested=1
2026-06-22 11:55:18,858 | INFO | Hotel booked successfully | booking_id=HTBK7056 | pnr=HTL53803 | user=Playwright User | remaining_rooms=19
2026-06-22 11:55:18,866 | INFO | Hotels fetched | count=8
2026-06-22 11:55:23,949 | INFO | Bookings fetched | count=1
2026-06-22 11:55:23,957 | INFO | Bookings fetched | count=1
2026-06-22 11:55:23,978 | INFO | Hotel bookings fetched | count=1
2026-06-22 11:55:23,983 | INFO | Hotel bookings fetched | count=1
2026-06-22 11:59:52,491 | INFO | Bookings fetched | count=1
2026-06-22 11:59:52,499 | INFO | Bookings fetched | count=1
2026-06-22 11:59:52,538 | INFO | Hotel bookings fetched | count=1
2026-06-22 11:59:52,545 | INFO | Hotel bookings fetched | count=1
2026-06-22 11:59:53,560 | INFO | Flight cancellation request received | booking_id=BK6390
2026-06-22 11:59:53,571 | INFO | Flight booking cancelled | booking_id=BK6390 | restored_seats=1
2026-06-22 11:59:53,581 | INFO | Bookings fetched | count=0
2026-06-22 11:59:53,612 | INFO | Hotel bookings fetched | count=1
2026-06-22 11:59:54,366 | INFO | Bookings fetched | count=0
2026-06-22 11:59:54,400 | INFO | Hotel bookings fetched | count=1
2026-06-22 11:59:54,891 | INFO | Bookings fetched | count=0
2026-06-22 11:59:54,924 | INFO | Hotel bookings fetched | count=1
2026-06-22 11:59:55,376 | INFO | Hotel cancellation request received | booking_id=HTBK7056
2026-06-22 11:59:55,388 | INFO | Hotel booking cancelled | booking_id=HTBK7056 | restored_rooms=1
2026-06-22 11:59:55,398 | INFO | Bookings fetched | count=0
2026-06-22 11:59:55,426 | INFO | Hotel bookings fetched | count=0
2026-06-22 12:00:01,138 | INFO | Flights fetched
2026-06-22 12:00:01,145 | INFO | Flights fetched
2026-06-22 12:05:25,255 | INFO | Flights fetched
2026-06-22 12:05:25,265 | INFO | Flights fetched
2026-06-22 12:05:28,293 | INFO | Bookings fetched | count=0
2026-06-22 12:05:28,298 | INFO | Bookings fetched | count=0
2026-06-22 12:05:28,350 | INFO | Hotel bookings fetched | count=0
2026-06-22 12:05:28,359 | INFO | Hotel bookings fetched | count=0
2026-06-22 12:05:31,467 | INFO | Flights fetched
2026-06-22 12:05:31,474 | INFO | Flights fetched
2026-06-22 12:05:40,129 | INFO | Flight booking request received | user=Playwright User | flight_id=1 | passengers=1
2026-06-22 12:05:40,144 | INFO | Flight booked successfully | booking_id=BK6424 | pnr=MMT29376 | user=Playwright User | remaining_seats=39
2026-06-22 12:05:40,153 | INFO | Flights fetched
2026-06-22 12:05:45,310 | INFO | Bookings fetched | count=1
2026-06-22 12:05:45,320 | INFO | Bookings fetched | count=1
2026-06-22 12:05:45,354 | INFO | Hotel bookings fetched | count=0
2026-06-22 12:05:45,361 | INFO | Hotel bookings fetched | count=0
2026-06-22 12:05:48,525 | INFO | Bookings fetched | count=1
2026-06-22 12:05:48,532 | INFO | Bookings fetched | count=1
2026-06-22 12:05:48,566 | INFO | Hotel bookings fetched | count=0
2026-06-22 12:05:48,573 | INFO | Hotel bookings fetched | count=0
2026-06-22 12:05:51,668 | INFO | Buses fetched | count=6
2026-06-22 12:05:51,674 | INFO | Buses fetched | count=6
2026-06-22 12:06:00,262 | INFO | Bus booking request received | user=Playwright User | bus_id=1 | passengers=1
2026-06-22 12:06:00,274 | INFO | Bus booked successfully | booking_id=BUSBK1107 | pnr=BUS49659 | remaining_seats=17
2026-06-22 12:06:00,283 | INFO | Buses fetched | count=6
2026-06-22 12:06:05,682 | INFO | Bookings fetched | count=1
2026-06-22 12:06:05,692 | INFO | Bookings fetched | count=1
2026-06-22 12:06:05,726 | INFO | Hotel bookings fetched | count=0
2026-06-22 12:06:05,732 | INFO | Hotel bookings fetched | count=0
2026-06-22 12:06:08,932 | INFO | Bookings fetched | count=1
2026-06-22 12:06:08,944 | INFO | Bookings fetched | count=1
2026-06-22 12:06:09,004 | INFO | Hotel bookings fetched | count=0
2026-06-22 12:06:09,015 | INFO | Hotel bookings fetched | count=0
2026-06-22 12:06:12,131 | INFO | Trains fetched | count=10
2026-06-22 12:06:12,138 | INFO | Trains fetched | count=10
2026-06-22 12:06:20,680 | INFO | Train booking request received | user=Playwright User | train_id=1 | passengers=1
2026-06-22 12:06:20,694 | INFO | Train booked successfully | booking_id=TRBK8994 | pnr=TRN17613 | remaining_seats=119
2026-06-22 12:06:20,711 | INFO | Trains fetched | count=10
2026-06-22 12:06:25,821 | INFO | Bookings fetched | count=1
2026-06-22 12:06:25,830 | INFO | Bookings fetched | count=1
2026-06-22 12:06:25,857 | INFO | Hotel bookings fetched | count=0
2026-06-22 12:06:25,863 | INFO | Hotel bookings fetched | count=0
2026-06-22 12:06:28,947 | INFO | Bookings fetched | count=1
2026-06-22 12:06:28,953 | INFO | Bookings fetched | count=1
2026-06-22 12:06:28,980 | INFO | Hotel bookings fetched | count=0
2026-06-22 12:06:28,987 | INFO | Hotel bookings fetched | count=0
2026-06-22 12:06:32,093 | INFO | Hotels fetched | count=8
2026-06-22 12:06:32,100 | INFO | Hotels fetched | count=8
2026-06-22 12:06:40,486 | INFO | Hotel booking request received | user=Playwright User | hotel_id=1 | rooms_requested=1
2026-06-22 12:06:40,502 | INFO | Hotel booked successfully | booking_id=HTBK7369 | pnr=HTL65604 | user=Playwright User | remaining_rooms=19
2026-06-22 12:06:40,516 | INFO | Hotels fetched | count=8
2026-06-22 12:06:45,894 | INFO | Bookings fetched | count=1
2026-06-22 12:06:45,902 | INFO | Bookings fetched | count=1
2026-06-22 12:06:45,933 | INFO | Hotel bookings fetched | count=1
2026-06-22 12:06:45,938 | INFO | Hotel bookings fetched | count=1
2026-06-22 12:25:45,172 | INFO | Flights fetched
2026-06-22 12:25:45,180 | INFO | Flights fetched
2026-06-22 12:25:48,199 | INFO | Bookings fetched | count=1
2026-06-22 12:25:48,202 | INFO | Bookings fetched | count=1
2026-06-22 12:25:48,230 | INFO | Hotel bookings fetched | count=1
2026-06-22 12:25:48,235 | INFO | Hotel bookings fetched | count=1
2026-06-22 12:25:51,234 | INFO | Flights fetched
2026-06-22 12:25:51,238 | INFO | Flights fetched
2026-06-22 12:25:59,592 | INFO | Flight booking request received | user=Playwright User | flight_id=1 | passengers=1
2026-06-22 12:25:59,599 | INFO | Flight booked successfully | booking_id=BK6930 | pnr=MMT13902 | user=Playwright User | remaining_seats=38
2026-06-22 12:25:59,603 | INFO | Flights fetched
2026-06-22 12:26:04,660 | INFO | Bookings fetched | count=2
2026-06-22 12:26:04,665 | INFO | Bookings fetched | count=2
2026-06-22 12:26:04,683 | INFO | Hotel bookings fetched | count=1
2026-06-22 12:26:04,687 | INFO | Hotel bookings fetched | count=1
2026-06-22 12:26:07,735 | INFO | Bookings fetched | count=2
2026-06-22 12:26:07,739 | INFO | Bookings fetched | count=2
2026-06-22 12:26:07,757 | INFO | Hotel bookings fetched | count=1
2026-06-22 12:26:07,763 | INFO | Hotel bookings fetched | count=1
2026-06-22 12:26:10,797 | INFO | Buses fetched | count=6
2026-06-22 12:26:10,799 | INFO | Buses fetched | count=6
2026-06-22 12:26:19,050 | INFO | Bus booking request received | user=Playwright User | bus_id=1 | passengers=1
2026-06-22 12:26:19,056 | INFO | Bus booked successfully | booking_id=BUSBK3368 | pnr=BUS10558 | remaining_seats=16
2026-06-22 12:26:19,062 | INFO | Buses fetched | count=6
2026-06-22 12:26:24,435 | INFO | Bookings fetched | count=2
2026-06-22 12:26:24,440 | INFO | Bookings fetched | count=2
2026-06-22 12:26:24,454 | INFO | Hotel bookings fetched | count=1
2026-06-22 12:26:24,459 | INFO | Hotel bookings fetched | count=1
2026-06-22 12:26:27,506 | INFO | Bookings fetched | count=2
2026-06-22 12:26:27,510 | INFO | Bookings fetched | count=2
2026-06-22 12:26:27,528 | INFO | Hotel bookings fetched | count=1
2026-06-22 12:26:27,531 | INFO | Hotel bookings fetched | count=1
2026-06-22 12:26:30,592 | INFO | Trains fetched | count=10
2026-06-22 12:26:30,595 | INFO | Trains fetched | count=10
2026-06-22 12:26:38,833 | INFO | Train booking request received | user=Playwright User | train_id=1 | passengers=1
2026-06-22 12:26:38,841 | INFO | Train booked successfully | booking_id=TRBK1440 | pnr=TRN28295 | remaining_seats=118
2026-06-22 12:26:38,846 | INFO | Trains fetched | count=10
2026-06-22 12:26:43,902 | INFO | Bookings fetched | count=2
2026-06-22 12:26:43,907 | INFO | Bookings fetched | count=2
2026-06-22 12:26:43,925 | INFO | Hotel bookings fetched | count=1
2026-06-22 12:26:43,928 | INFO | Hotel bookings fetched | count=1
2026-06-22 12:26:46,971 | INFO | Bookings fetched | count=2
2026-06-22 12:26:46,976 | INFO | Bookings fetched | count=2
2026-06-22 12:26:46,995 | INFO | Hotel bookings fetched | count=1
2026-06-22 12:26:46,998 | INFO | Hotel bookings fetched | count=1
2026-06-22 12:26:50,033 | INFO | Hotels fetched | count=8
2026-06-22 12:26:50,038 | INFO | Hotels fetched | count=8
2026-06-22 12:26:58,245 | INFO | Hotel booking request received | user=Playwright User | hotel_id=1 | rooms_requested=1
2026-06-22 12:26:58,251 | INFO | Hotel booked successfully | booking_id=HTBK5896 | pnr=HTL98675 | user=Playwright User | remaining_rooms=18
2026-06-22 12:26:58,257 | INFO | Hotels fetched | count=8
2026-06-22 12:27:03,628 | INFO | Bookings fetched | count=2
2026-06-22 12:27:03,635 | INFO | Bookings fetched | count=2
2026-06-22 12:27:03,652 | INFO | Hotel bookings fetched | count=2
2026-06-22 12:27:03,656 | INFO | Hotel bookings fetched | count=2
2026-06-22 12:40:40,658 | INFO | Flights fetched
2026-06-22 12:40:40,668 | INFO | Flights fetched
2026-06-22 12:40:43,836 | INFO | Bookings fetched | count=2
2026-06-22 12:40:43,841 | INFO | Bookings fetched | count=2
2026-06-22 12:40:43,899 | INFO | Hotel bookings fetched | count=2
2026-06-22 12:40:43,906 | INFO | Hotel bookings fetched | count=2
2026-06-22 12:40:46,856 | INFO | Flights fetched
2026-06-22 12:40:46,863 | INFO | Flights fetched
2026-06-22 12:40:58,244 | INFO | Flight booking request received | user=Playwright User | flight_id=1 | passengers=1
2026-06-22 12:40:58,259 | INFO | Flight booked successfully | booking_id=BK1440 | pnr=MMT98181 | user=Playwright User | remaining_seats=37
2026-06-22 12:40:58,266 | INFO | Flights fetched
2026-06-22 12:41:03,636 | INFO | Bookings fetched | count=3
2026-06-22 12:41:03,641 | INFO | Bookings fetched | count=3
2026-06-22 12:41:03,666 | INFO | Hotel bookings fetched | count=2
2026-06-22 12:41:03,671 | INFO | Hotel bookings fetched | count=2
2026-06-22 12:41:06,718 | INFO | Bookings fetched | count=3
2026-06-22 12:41:06,722 | INFO | Bookings fetched | count=3
2026-06-22 12:41:06,745 | INFO | Hotel bookings fetched | count=2
2026-06-22 12:41:06,749 | INFO | Hotel bookings fetched | count=2
2026-06-22 12:41:09,807 | INFO | Buses fetched | count=6
2026-06-22 12:41:09,821 | INFO | Buses fetched | count=6
2026-06-22 12:41:18,057 | INFO | Bus booking request received | user=Playwright User | bus_id=1 | passengers=1
2026-06-22 12:41:18,066 | INFO | Bus booked successfully | booking_id=BUSBK2868 | pnr=BUS30662 | remaining_seats=15
2026-06-22 12:41:18,071 | INFO | Buses fetched | count=6
2026-06-22 12:41:23,139 | INFO | Bookings fetched | count=3
2026-06-22 12:41:23,145 | INFO | Bookings fetched | count=3
2026-06-22 12:41:23,165 | INFO | Hotel bookings fetched | count=2
2026-06-22 12:41:23,168 | INFO | Hotel bookings fetched | count=2
2026-06-22 12:41:26,208 | INFO | Bookings fetched | count=3
2026-06-22 12:41:26,213 | INFO | Bookings fetched | count=3
2026-06-22 12:41:26,233 | INFO | Hotel bookings fetched | count=2
2026-06-22 12:41:26,237 | INFO | Hotel bookings fetched | count=2
2026-06-22 12:41:29,284 | INFO | Trains fetched | count=10
2026-06-22 12:41:29,288 | INFO | Trains fetched | count=10
2026-06-22 12:41:37,503 | INFO | Train booking request received | user=Playwright User | train_id=1 | passengers=1
2026-06-22 12:41:37,511 | INFO | Train booked successfully | booking_id=TRBK4605 | pnr=TRN78228 | remaining_seats=117
2026-06-22 12:41:37,517 | INFO | Trains fetched | count=10
2026-06-22 12:41:42,875 | INFO | Bookings fetched | count=3
2026-06-22 12:41:42,881 | INFO | Bookings fetched | count=3
2026-06-22 12:41:42,902 | INFO | Hotel bookings fetched | count=2
2026-06-22 12:41:42,907 | INFO | Hotel bookings fetched | count=2
2026-06-22 12:41:45,969 | INFO | Bookings fetched | count=3
2026-06-22 12:41:45,975 | INFO | Bookings fetched | count=3
2026-06-22 12:41:45,993 | INFO | Hotel bookings fetched | count=2
2026-06-22 12:41:45,997 | INFO | Hotel bookings fetched | count=2
2026-06-22 12:41:49,044 | INFO | Hotels fetched | count=8
2026-06-22 12:41:49,049 | INFO | Hotels fetched | count=8
2026-06-22 12:41:57,268 | INFO | Hotel booking request received | user=Playwright User | hotel_id=1 | rooms_requested=1
2026-06-22 12:41:57,277 | INFO | Hotel booked successfully | booking_id=HTBK2795 | pnr=HTL72930 | user=Playwright User | remaining_rooms=17
2026-06-22 12:41:57,283 | INFO | Hotels fetched | count=8
2026-06-22 12:42:02,337 | INFO | Bookings fetched | count=3
2026-06-22 12:42:02,343 | INFO | Bookings fetched | count=3
2026-06-22 12:42:02,361 | INFO | Hotel bookings fetched | count=3
2026-06-22 12:42:02,364 | INFO | Hotel bookings fetched | count=3
2026-06-22 12:57:59,730 | INFO | Bookings fetched | count=3
2026-06-22 12:57:59,738 | INFO | Bookings fetched | count=3
2026-06-22 12:57:59,776 | INFO | Hotel bookings fetched | count=3
2026-06-22 12:57:59,782 | INFO | Hotel bookings fetched | count=3
2026-06-22 12:58:01,094 | INFO | Flight cancellation request received | booking_id=BK6424
2026-06-22 12:58:01,104 | INFO | Flight booking cancelled | booking_id=BK6424 | restored_seats=1
2026-06-22 12:58:01,114 | INFO | Bookings fetched | count=2
2026-06-22 12:58:01,139 | INFO | Hotel bookings fetched | count=3
2026-06-22 12:58:01,614 | INFO | Flight cancellation request received | booking_id=BK6930
2026-06-22 12:58:01,623 | INFO | Flight booking cancelled | booking_id=BK6930 | restored_seats=1
2026-06-22 12:58:01,630 | INFO | Bookings fetched | count=1
2026-06-22 12:58:01,653 | INFO | Hotel bookings fetched | count=3
2026-06-22 12:58:02,059 | INFO | Flight cancellation request received | booking_id=BK1440
2026-06-22 12:58:02,067 | INFO | Flight booking cancelled | booking_id=BK1440 | restored_seats=1
2026-06-22 12:58:02,075 | INFO | Bookings fetched | count=0
2026-06-22 12:58:02,097 | INFO | Hotel bookings fetched | count=3
2026-06-22 12:58:02,509 | INFO | Bookings fetched | count=0
2026-06-22 12:58:02,531 | INFO | Hotel bookings fetched | count=3
2026-06-22 12:58:03,321 | INFO | Bookings fetched | count=0
2026-06-22 12:58:03,343 | INFO | Hotel bookings fetched | count=3
2026-06-22 12:58:03,904 | INFO | Bookings fetched | count=0
2026-06-22 12:58:03,928 | INFO | Hotel bookings fetched | count=3
2026-06-22 12:58:04,539 | INFO | Bookings fetched | count=0
2026-06-22 12:58:04,574 | INFO | Hotel bookings fetched | count=3
2026-06-22 12:58:07,079 | INFO | Hotel cancellation request received | booking_id=HTBK7369
2026-06-22 12:58:07,087 | INFO | Hotel booking cancelled | booking_id=HTBK7369 | restored_rooms=1
2026-06-22 12:58:07,093 | INFO | Bookings fetched | count=0
2026-06-22 12:58:07,111 | INFO | Hotel bookings fetched | count=2
2026-06-22 12:58:07,750 | INFO | Hotel cancellation request received | booking_id=HTBK5896
2026-06-22 12:58:07,758 | INFO | Hotel booking cancelled | booking_id=HTBK5896 | restored_rooms=1
2026-06-22 12:58:07,765 | INFO | Bookings fetched | count=0
2026-06-22 12:58:07,783 | INFO | Hotel bookings fetched | count=1
2026-06-22 12:58:08,282 | INFO | Hotel cancellation request received | booking_id=HTBK2795
2026-06-22 12:58:08,289 | INFO | Hotel booking cancelled | booking_id=HTBK2795 | restored_rooms=1
2026-06-22 12:58:08,296 | INFO | Bookings fetched | count=0
2026-06-22 12:58:08,315 | INFO | Hotel bookings fetched | count=0
2026-06-22 12:58:09,704 | INFO | Bookings fetched | count=0
2026-06-22 12:58:09,725 | INFO | Hotel bookings fetched | count=0
2026-06-22 12:58:10,138 | INFO | Bookings fetched | count=0
2026-06-22 12:58:10,160 | INFO | Hotel bookings fetched | count=0
2026-06-22 12:58:10,589 | INFO | Bookings fetched | count=0
2026-06-22 12:58:10,610 | INFO | Hotel bookings fetched | count=0
2026-06-22 12:58:12,903 | INFO | Bookings fetched | count=0
2026-06-22 12:58:12,921 | INFO | Hotel bookings fetched | count=0
2026-06-22 12:58:13,520 | INFO | Bookings fetched | count=0
2026-06-22 12:58:13,541 | INFO | Hotel bookings fetched | count=0
2026-06-22 12:58:14,184 | INFO | Bookings fetched | count=0
2026-06-22 12:58:14,204 | INFO | Hotel bookings fetched | count=0
2026-06-22 12:58:14,806 | INFO | Bookings fetched | count=0
2026-06-22 12:58:14,828 | INFO | Hotel bookings fetched | count=0
2026-06-22 12:58:15,486 | INFO | Bookings fetched | count=0
2026-06-22 12:58:15,505 | INFO | Hotel bookings fetched | count=0
2026-06-22 12:58:15,683 | INFO | Bookings fetched | count=0
2026-06-22 12:58:15,701 | INFO | Hotel bookings fetched | count=0
2026-06-22 12:58:16,767 | INFO | Bookings fetched | count=0
2026-06-22 12:58:16,786 | INFO | Hotel bookings fetched | count=0
2026-06-22 12:58:17,442 | INFO | Bookings fetched | count=0
2026-06-22 12:58:17,464 | INFO | Hotel bookings fetched | count=0
2026-06-22 12:58:18,598 | INFO | Bookings fetched | count=0
2026-06-22 12:58:18,619 | INFO | Hotel bookings fetched | count=0
2026-06-22 12:58:22,102 | INFO | Bookings fetched | count=0
2026-06-22 12:58:22,106 | INFO | Bookings fetched | count=0
2026-06-22 12:58:22,126 | INFO | Hotel bookings fetched | count=0
2026-06-22 12:58:22,130 | INFO | Hotel bookings fetched | count=0
2026-06-22 12:58:25,059 | INFO | Flights fetched
2026-06-22 12:58:25,064 | INFO | Flights fetched
2026-06-22 12:58:25,876 | INFO | Bookings fetched | count=0
2026-06-22 12:58:25,881 | INFO | Bookings fetched | count=0
2026-06-22 12:58:25,903 | INFO | Hotel bookings fetched | count=0
2026-06-22 12:58:25,906 | INFO | Hotel bookings fetched | count=0
2026-06-22 13:01:14,239 | INFO | Flights fetched
2026-06-22 13:01:14,245 | INFO | Flights fetched
2026-06-22 13:01:17,237 | INFO | Flights fetched
2026-06-22 13:01:17,243 | INFO | Flights fetched
2026-06-22 13:01:19,409 | INFO | Buses fetched | count=6
2026-06-22 13:01:19,413 | INFO | Buses fetched | count=6
2026-06-22 13:01:21,481 | INFO | Trains fetched | count=10
2026-06-22 13:01:21,485 | INFO | Trains fetched | count=10
2026-06-22 13:01:23,588 | INFO | Hotels fetched | count=8
2026-06-22 13:01:23,593 | INFO | Hotels fetched | count=8
2026-06-22 13:33:43,387 | INFO | Flights fetched
2026-06-22 13:33:43,395 | INFO | Flights fetched
2026-06-22 13:33:46,387 | INFO | Flights fetched
2026-06-22 13:33:46,391 | INFO | Flights fetched
2026-06-22 13:33:48,562 | INFO | Buses fetched | count=6
2026-06-22 13:33:48,566 | INFO | Buses fetched | count=6
2026-06-22 13:33:50,633 | INFO | Trains fetched | count=10
2026-06-22 13:33:50,639 | INFO | Trains fetched | count=10
2026-06-22 13:33:52,722 | INFO | Hotels fetched | count=8
2026-06-22 13:33:52,726 | INFO | Hotels fetched | count=8
2026-06-22 13:34:00,093 | INFO | Flights fetched
2026-06-22 13:34:00,098 | INFO | Flights fetched
2026-06-22 13:34:03,112 | INFO | Flights fetched
2026-06-22 13:34:03,117 | INFO | Flights fetched
2026-06-22 13:34:05,263 | INFO | Buses fetched | count=6
2026-06-22 13:34:05,267 | INFO | Buses fetched | count=6
2026-06-22 13:34:07,344 | INFO | Trains fetched | count=10
2026-06-22 13:34:07,349 | INFO | Trains fetched | count=10
2026-06-22 13:34:09,430 | INFO | Hotels fetched | count=8
2026-06-22 13:34:09,434 | INFO | Hotels fetched | count=8
2026-06-22 13:34:16,652 | INFO | Flights fetched
2026-06-22 13:34:16,658 | INFO | Flights fetched
2026-06-22 13:34:19,668 | INFO | Flights fetched
2026-06-22 13:34:19,673 | INFO | Flights fetched
2026-06-22 13:34:21,774 | INFO | Flights fetched
2026-06-22 13:34:21,779 | INFO | Flights fetched
2026-06-22 13:39:13,449 | INFO | Bookings fetched | count=0
2026-06-22 13:39:13,455 | INFO | Bookings fetched | count=0
2026-06-22 13:39:13,496 | INFO | Hotel bookings fetched | count=0
2026-06-22 13:39:13,502 | INFO | Hotel bookings fetched | count=0
2026-06-22 14:20:49,300 | INFO | Flights fetched
2026-06-22 14:20:49,308 | INFO | Flights fetched
2026-06-22 14:20:52,290 | INFO | Flights fetched
2026-06-22 14:20:52,298 | INFO | Flights fetched
2026-06-22 14:20:54,786 | INFO | Buses fetched | count=6
2026-06-22 14:20:54,800 | INFO | Buses fetched | count=6
2026-06-22 14:20:56,858 | INFO | Trains fetched | count=10
2026-06-22 14:20:56,865 | INFO | Trains fetched | count=10
2026-06-22 14:20:59,050 | INFO | Hotels fetched | count=8
2026-06-22 14:20:59,060 | INFO | Hotels fetched | count=8
2026-06-22 14:21:01,220 | INFO | Flights fetched
2026-06-22 14:21:01,226 | INFO | Flights fetched
2026-06-22 14:21:06,645 | INFO | Flights fetched
2026-06-22 14:21:06,659 | INFO | Flights fetched
2026-06-22 14:21:12,044 | INFO | Flights fetched
2026-06-22 14:21:12,051 | INFO | Flights fetched
2026-06-22 14:21:17,702 | INFO | Flights fetched
2026-06-22 14:21:17,711 | INFO | Flights fetched
2026-06-22 14:21:23,149 | INFO | Flights fetched
2026-06-22 14:21:23,158 | INFO | Flights fetched
2026-06-22 14:21:28,665 | INFO | Flights fetched
2026-06-22 14:21:28,677 | INFO | Flights fetched
2026-06-22 14:21:34,011 | INFO | Flights fetched
2026-06-22 14:21:34,019 | INFO | Flights fetched
2026-06-22 14:21:39,505 | INFO | Flights fetched
2026-06-22 14:21:39,513 | INFO | Flights fetched
2026-06-22 14:21:45,034 | INFO | Flights fetched
2026-06-22 14:21:45,043 | INFO | Flights fetched
2026-06-22 14:21:50,430 | INFO | Flights fetched
2026-06-22 14:21:50,438 | INFO | Flights fetched
2026-06-22 14:21:56,068 | INFO | Buses fetched | count=6
2026-06-22 14:21:56,083 | INFO | Buses fetched | count=6
2026-06-22 14:22:01,403 | INFO | Buses fetched | count=6
2026-06-22 14:22:01,412 | INFO | Buses fetched | count=6
2026-06-22 14:22:06,889 | INFO | Buses fetched | count=6
2026-06-22 14:22:06,896 | INFO | Buses fetched | count=6
2026-06-22 14:22:12,278 | INFO | Buses fetched | count=6
2026-06-22 14:22:12,287 | INFO | Buses fetched | count=6
2026-06-22 14:22:17,759 | INFO | Buses fetched | count=6
2026-06-22 14:22:17,766 | INFO | Buses fetched | count=6
2026-06-22 14:22:23,278 | INFO | Buses fetched | count=6
2026-06-22 14:22:23,299 | INFO | Buses fetched | count=6
2026-06-22 14:22:28,664 | INFO | Buses fetched | count=6
2026-06-22 14:22:28,675 | INFO | Buses fetched | count=6
2026-06-22 14:22:34,218 | INFO | Buses fetched | count=6
2026-06-22 14:22:34,227 | INFO | Buses fetched | count=6
2026-06-22 14:22:39,651 | INFO | Buses fetched | count=6
2026-06-22 14:22:39,663 | INFO | Buses fetched | count=6
2026-06-22 14:22:45,197 | INFO | Buses fetched | count=6
2026-06-22 14:22:45,205 | INFO | Buses fetched | count=6
2026-06-22 14:22:50,592 | INFO | Trains fetched | count=10
2026-06-22 14:22:50,600 | INFO | Trains fetched | count=10
2026-06-22 14:22:55,918 | INFO | Trains fetched | count=10
2026-06-22 14:22:55,927 | INFO | Trains fetched | count=10
2026-06-22 14:23:01,391 | INFO | Trains fetched | count=10
2026-06-22 14:23:01,402 | INFO | Trains fetched | count=10
2026-06-22 14:23:06,879 | INFO | Trains fetched | count=10
2026-06-22 14:23:06,907 | INFO | Trains fetched | count=10
2026-06-22 14:23:12,398 | INFO | Trains fetched | count=10
2026-06-22 14:23:12,430 | INFO | Trains fetched | count=10
2026-06-22 14:23:17,783 | INFO | Trains fetched | count=10
2026-06-22 14:23:17,796 | INFO | Trains fetched | count=10
2026-06-22 14:23:23,210 | INFO | Trains fetched | count=10
2026-06-22 14:23:23,218 | INFO | Trains fetched | count=10
2026-06-22 14:23:28,711 | INFO | Trains fetched | count=10
2026-06-22 14:23:28,729 | INFO | Trains fetched | count=10
2026-06-22 14:23:34,087 | INFO | Trains fetched | count=10
2026-06-22 14:23:34,095 | INFO | Trains fetched | count=10
2026-06-22 14:23:39,466 | INFO | Trains fetched | count=10
2026-06-22 14:23:39,475 | INFO | Trains fetched | count=10
2026-06-22 14:23:44,938 | INFO | Hotels fetched | count=8
2026-06-22 14:23:44,947 | INFO | Hotels fetched | count=8
2026-06-22 14:23:50,400 | INFO | Hotels fetched | count=8
2026-06-22 14:23:50,423 | INFO | Hotels fetched | count=8
2026-06-22 14:23:55,721 | INFO | Hotels fetched | count=8
2026-06-22 14:23:55,735 | INFO | Hotels fetched | count=8
2026-06-22 14:24:01,087 | INFO | Hotels fetched | count=8
2026-06-22 14:24:01,096 | INFO | Hotels fetched | count=8
2026-06-22 14:24:06,688 | INFO | Hotels fetched | count=8
2026-06-22 14:24:06,695 | INFO | Hotels fetched | count=8
2026-06-22 14:24:12,391 | INFO | Hotels fetched | count=8
2026-06-22 14:24:12,412 | INFO | Hotels fetched | count=8
2026-06-22 14:24:17,715 | INFO | Hotels fetched | count=8
2026-06-22 14:24:17,722 | INFO | Hotels fetched | count=8
2026-06-22 15:33:09,381 | INFO | Flights fetched
2026-06-22 15:33:09,390 | INFO | Flights fetched
2026-06-22 15:33:12,368 | INFO | Flights fetched
2026-06-22 15:33:12,375 | INFO | Flights fetched
2026-06-22 15:33:14,837 | INFO | Buses fetched | count=6
2026-06-22 15:33:14,842 | INFO | Buses fetched | count=6
2026-06-22 15:33:17,163 | INFO | Trains fetched | count=10
2026-06-22 15:33:17,170 | INFO | Trains fetched | count=10
2026-06-22 15:33:19,475 | INFO | Hotels fetched | count=8
2026-06-22 15:33:19,486 | INFO | Hotels fetched | count=8
2026-06-22 15:33:21,772 | INFO | Flights fetched
2026-06-22 15:33:21,780 | INFO | Flights fetched
2026-06-22 15:33:27,379 | INFO | Flights fetched
2026-06-22 15:33:27,391 | INFO | Flights fetched
2026-06-22 15:33:32,900 | INFO | Flights fetched
2026-06-22 15:33:32,909 | INFO | Flights fetched
2026-06-22 15:33:38,589 | INFO | Flights fetched
2026-06-22 15:33:38,599 | INFO | Flights fetched
2026-06-22 15:33:44,307 | INFO | Flights fetched
2026-06-22 15:33:44,319 | INFO | Flights fetched
2026-06-22 15:33:50,259 | INFO | Flights fetched
2026-06-22 15:33:50,277 | INFO | Flights fetched
2026-06-22 15:33:55,705 | INFO | Flights fetched
2026-06-22 15:33:55,717 | INFO | Flights fetched
2026-06-22 15:34:01,439 | INFO | Flights fetched
2026-06-22 15:34:01,447 | INFO | Flights fetched
2026-06-22 15:34:07,097 | INFO | Flights fetched
2026-06-22 15:34:07,109 | INFO | Flights fetched
2026-06-22 15:34:12,710 | INFO | Flights fetched
2026-06-22 15:34:12,719 | INFO | Flights fetched
2026-06-22 15:34:18,790 | INFO | Buses fetched | count=6
2026-06-22 15:34:18,811 | INFO | Buses fetched | count=6
2026-06-22 15:34:24,346 | INFO | Buses fetched | count=6
2026-06-22 15:34:24,362 | INFO | Buses fetched | count=6
2026-06-22 15:34:29,966 | INFO | Buses fetched | count=6
2026-06-22 15:34:29,982 | INFO | Buses fetched | count=6
2026-06-22 15:34:35,838 | INFO | Buses fetched | count=6
2026-06-22 15:34:35,850 | INFO | Buses fetched | count=6
2026-06-22 15:34:41,527 | INFO | Buses fetched | count=6
2026-06-22 15:34:41,540 | INFO | Buses fetched | count=6
2026-06-22 15:34:47,063 | INFO | Buses fetched | count=6
2026-06-22 15:34:47,078 | INFO | Buses fetched | count=6
2026-06-22 15:34:52,771 | INFO | Buses fetched | count=6
2026-06-22 15:34:52,780 | INFO | Buses fetched | count=6
2026-06-22 15:34:58,504 | INFO | Buses fetched | count=6
2026-06-22 15:34:58,520 | INFO | Buses fetched | count=6
2026-06-22 15:35:04,300 | INFO | Buses fetched | count=6
2026-06-22 15:35:04,310 | INFO | Buses fetched | count=6
2026-06-22 15:35:10,078 | INFO | Buses fetched | count=6
2026-06-22 15:35:10,091 | INFO | Buses fetched | count=6
2026-06-22 15:35:15,897 | INFO | Trains fetched | count=10
2026-06-22 15:35:15,909 | INFO | Trains fetched | count=10
2026-06-22 15:35:21,281 | INFO | Trains fetched | count=10
2026-06-22 15:35:21,309 | INFO | Trains fetched | count=10
2026-06-22 15:35:26,694 | INFO | Trains fetched | count=10
2026-06-22 15:35:26,705 | INFO | Trains fetched | count=10
2026-06-22 15:35:32,334 | INFO | Trains fetched | count=10
2026-06-22 15:35:32,342 | INFO | Trains fetched | count=10
2026-06-22 15:35:38,170 | INFO | Trains fetched | count=10
2026-06-22 15:35:38,183 | INFO | Trains fetched | count=10
2026-06-22 15:35:44,005 | INFO | Trains fetched | count=10
2026-06-22 15:35:44,018 | INFO | Trains fetched | count=10
2026-06-22 15:35:49,781 | INFO | Trains fetched | count=10
2026-06-22 15:35:49,790 | INFO | Trains fetched | count=10
2026-06-22 15:35:55,370 | INFO | Trains fetched | count=10
2026-06-22 15:35:55,384 | INFO | Trains fetched | count=10
2026-06-22 15:36:01,232 | INFO | Trains fetched | count=10
2026-06-22 15:36:01,251 | INFO | Trains fetched | count=10
2026-06-22 15:36:06,772 | INFO | Trains fetched | count=10
2026-06-22 15:36:06,781 | INFO | Trains fetched | count=10
2026-06-22 15:36:12,553 | INFO | Hotels fetched | count=8
2026-06-22 15:36:12,570 | INFO | Hotels fetched | count=8
2026-06-22 15:36:18,431 | INFO | Hotels fetched | count=8
2026-06-22 15:36:18,471 | INFO | Hotels fetched | count=8
2026-06-22 15:36:24,139 | INFO | Hotels fetched | count=8
2026-06-22 15:36:24,153 | INFO | Hotels fetched | count=8
2026-06-22 15:36:29,772 | INFO | Hotels fetched | count=8
2026-06-22 15:36:29,784 | INFO | Hotels fetched | count=8
2026-06-22 15:36:35,250 | INFO | Hotels fetched | count=8
2026-06-22 15:36:35,260 | INFO | Hotels fetched | count=8
2026-06-22 15:36:41,034 | INFO | Hotels fetched | count=8
2026-06-22 15:36:41,043 | INFO | Hotels fetched | count=8
2026-06-22 15:36:46,781 | INFO | Hotels fetched | count=8
2026-06-22 15:36:46,807 | INFO | Hotels fetched | count=8
2026-06-22 15:44:01,560 | INFO | Flights fetched
2026-06-22 15:44:01,570 | INFO | Flights fetched
2026-06-22 15:44:04,639 | INFO | Bookings fetched | count=0
2026-06-22 15:44:04,646 | INFO | Bookings fetched | count=0
2026-06-22 15:44:04,723 | INFO | Hotel bookings fetched | count=0
2026-06-22 15:44:04,732 | INFO | Hotel bookings fetched | count=0
2026-06-22 15:44:07,719 | INFO | Flights fetched
2026-06-22 15:44:07,727 | INFO | Flights fetched
2026-06-22 15:44:16,357 | INFO | Flight booking request received | user=Playwright User | flight_id=1 | passengers=1
2026-06-22 15:44:16,371 | INFO | Flight booked successfully | booking_id=BK9306 | pnr=MMT51092 | user=Playwright User | remaining_seats=39
2026-06-22 15:44:16,380 | INFO | Flights fetched
2026-06-22 15:44:21,913 | INFO | Bookings fetched | count=1
2026-06-22 15:44:21,924 | INFO | Bookings fetched | count=1
2026-06-22 15:44:21,969 | INFO | Hotel bookings fetched | count=0
2026-06-22 15:44:21,979 | INFO | Hotel bookings fetched | count=0
2026-06-22 15:44:25,068 | INFO | Bookings fetched | count=1
2026-06-22 15:44:25,075 | INFO | Bookings fetched | count=1
2026-06-22 15:44:25,106 | INFO | Hotel bookings fetched | count=0
2026-06-22 15:44:25,114 | INFO | Hotel bookings fetched | count=0
2026-06-22 15:44:28,363 | INFO | Buses fetched | count=6
2026-06-22 15:44:28,376 | INFO | Buses fetched | count=6
2026-06-22 15:44:36,995 | INFO | Bus booking request received | user=Playwright User | bus_id=1 | passengers=1
2026-06-22 15:44:37,008 | INFO | Bus booked successfully | booking_id=BUSBK7678 | pnr=BUS12464 | remaining_seats=17
2026-06-22 15:44:37,020 | INFO | Buses fetched | count=6
2026-06-22 15:44:42,147 | INFO | Bookings fetched | count=1
2026-06-22 15:44:42,156 | INFO | Bookings fetched | count=1
2026-06-22 15:44:42,193 | INFO | Hotel bookings fetched | count=0
2026-06-22 15:44:42,199 | INFO | Hotel bookings fetched | count=0
2026-06-22 15:44:45,499 | INFO | Bookings fetched | count=1
2026-06-22 15:44:45,536 | INFO | Bookings fetched | count=1
2026-06-22 15:44:45,570 | INFO | Hotel bookings fetched | count=0
2026-06-22 15:44:45,585 | INFO | Hotel bookings fetched | count=0
2026-06-22 15:44:48,741 | INFO | Trains fetched | count=10
2026-06-22 15:44:48,749 | INFO | Trains fetched | count=10
2026-06-22 15:44:57,382 | INFO | Train booking request received | user=Playwright User | train_id=1 | passengers=1
2026-06-22 15:44:57,395 | INFO | Train booked successfully | booking_id=TRBK2127 | pnr=TRN62516 | remaining_seats=119
2026-06-22 15:44:57,406 | INFO | Trains fetched | count=10
2026-06-22 15:45:02,937 | INFO | Bookings fetched | count=1
2026-06-22 15:45:02,960 | INFO | Bookings fetched | count=1
2026-06-22 15:45:02,993 | INFO | Hotel bookings fetched | count=0
2026-06-22 15:45:02,999 | INFO | Hotel bookings fetched | count=0
2026-06-22 15:45:06,061 | INFO | Bookings fetched | count=1
2026-06-22 15:45:06,068 | INFO | Bookings fetched | count=1
2026-06-22 15:45:06,101 | INFO | Hotel bookings fetched | count=0
2026-06-22 15:45:06,108 | INFO | Hotel bookings fetched | count=0
2026-06-22 15:45:09,367 | INFO | Hotels fetched | count=8
2026-06-22 15:45:09,379 | INFO | Hotels fetched | count=8
2026-06-22 15:45:17,940 | INFO | Hotel booking request received | user=Playwright User | hotel_id=1 | rooms_requested=1
2026-06-22 15:45:17,956 | INFO | Hotel booked successfully | booking_id=HTBK7356 | pnr=HTL38458 | user=Playwright User | remaining_rooms=19
2026-06-22 15:45:17,972 | INFO | Hotels fetched | count=8
2026-06-22 15:45:23,085 | INFO | Bookings fetched | count=1
2026-06-22 15:45:23,096 | INFO | Bookings fetched | count=1
2026-06-22 15:45:23,127 | INFO | Hotel bookings fetched | count=1
2026-06-22 15:45:23,133 | INFO | Hotel bookings fetched | count=1
2026-06-22 15:53:24,116 | INFO | Flights fetched
2026-06-22 15:53:24,130 | INFO | Flights fetched
2026-06-22 15:53:27,046 | INFO | Flights fetched
2026-06-22 15:53:27,054 | INFO | Flights fetched
2026-06-22 15:53:29,639 | INFO | Buses fetched | count=6
2026-06-22 15:53:29,659 | INFO | Buses fetched | count=6
2026-06-22 15:53:31,802 | INFO | Trains fetched | count=10
2026-06-22 15:53:31,809 | INFO | Trains fetched | count=10
2026-06-22 15:53:34,069 | INFO | Hotels fetched | count=8
2026-06-22 15:53:34,077 | INFO | Hotels fetched | count=8
2026-06-22 15:53:36,270 | INFO | Flights fetched
2026-06-22 15:53:36,278 | INFO | Flights fetched
2026-06-22 15:53:42,109 | INFO | Flights fetched
2026-06-22 15:53:42,131 | INFO | Flights fetched
2026-06-22 15:53:47,748 | INFO | Flights fetched
2026-06-22 15:53:47,767 | INFO | Flights fetched
2026-06-22 15:53:53,398 | INFO | Flights fetched
2026-06-22 15:53:53,414 | INFO | Flights fetched
2026-06-22 15:53:59,023 | INFO | Flights fetched
2026-06-22 15:53:59,035 | INFO | Flights fetched
2026-06-22 15:54:04,616 | INFO | Flights fetched
2026-06-22 15:54:04,628 | INFO | Flights fetched
2026-06-22 15:54:10,272 | INFO | Flights fetched
2026-06-22 15:54:10,280 | INFO | Flights fetched
2026-06-22 15:54:16,000 | INFO | Flights fetched
2026-06-22 15:54:16,021 | INFO | Flights fetched
2026-06-22 15:54:21,538 | INFO | Flights fetched
2026-06-22 15:54:21,548 | INFO | Flights fetched
2026-06-22 15:54:27,141 | INFO | Flights fetched
2026-06-22 15:54:27,151 | INFO | Flights fetched
2026-06-22 15:54:32,769 | INFO | Buses fetched | count=6
2026-06-22 15:54:32,783 | INFO | Buses fetched | count=6
2026-06-22 15:54:38,232 | INFO | Buses fetched | count=6
2026-06-22 15:54:38,253 | INFO | Buses fetched | count=6
2026-06-22 15:54:43,793 | INFO | Buses fetched | count=6
2026-06-22 15:54:43,823 | INFO | Buses fetched | count=6
2026-06-22 15:54:49,542 | INFO | Buses fetched | count=6
2026-06-22 15:54:49,555 | INFO | Buses fetched | count=6
2026-06-22 15:54:55,114 | INFO | Buses fetched | count=6
2026-06-22 15:54:55,124 | INFO | Buses fetched | count=6
2026-06-22 15:55:00,661 | INFO | Buses fetched | count=6
2026-06-22 15:55:00,670 | INFO | Buses fetched | count=6
2026-06-22 15:55:06,263 | INFO | Buses fetched | count=6
2026-06-22 15:55:06,275 | INFO | Buses fetched | count=6
2026-06-22 15:55:11,868 | INFO | Buses fetched | count=6
2026-06-22 15:55:11,882 | INFO | Buses fetched | count=6
2026-06-22 15:55:17,473 | INFO | Buses fetched | count=6
2026-06-22 15:55:17,484 | INFO | Buses fetched | count=6
2026-06-22 15:55:23,060 | INFO | Buses fetched | count=6
2026-06-22 15:55:23,070 | INFO | Buses fetched | count=6
2026-06-22 15:55:28,658 | INFO | Trains fetched | count=10
2026-06-22 15:55:28,673 | INFO | Trains fetched | count=10
2026-06-22 15:55:34,185 | INFO | Trains fetched | count=10
2026-06-22 15:55:34,203 | INFO | Trains fetched | count=10
2026-06-22 15:55:39,948 | INFO | Trains fetched | count=10
2026-06-22 15:55:39,962 | INFO | Trains fetched | count=10
2026-06-22 15:55:45,645 | INFO | Trains fetched | count=10
2026-06-22 15:55:45,671 | INFO | Trains fetched | count=10
2026-06-22 15:55:51,482 | INFO | Trains fetched | count=10
2026-06-22 15:55:51,510 | INFO | Trains fetched | count=10
2026-06-22 15:55:57,321 | INFO | Trains fetched | count=10
2026-06-22 15:55:57,332 | INFO | Trains fetched | count=10
2026-06-22 15:56:02,936 | INFO | Trains fetched | count=10
2026-06-22 15:56:02,947 | INFO | Trains fetched | count=10
2026-06-22 15:56:08,489 | INFO | Trains fetched | count=10
2026-06-22 15:56:08,510 | INFO | Trains fetched | count=10
2026-06-22 15:56:14,132 | INFO | Trains fetched | count=10
2026-06-22 15:56:14,157 | INFO | Trains fetched | count=10
2026-06-22 15:56:19,871 | INFO | Trains fetched | count=10
2026-06-22 15:56:19,894 | INFO | Trains fetched | count=10
2026-06-22 15:56:25,512 | INFO | Hotels fetched | count=8
2026-06-22 15:56:25,526 | INFO | Hotels fetched | count=8
2026-06-22 15:56:31,181 | INFO | Hotels fetched | count=8
2026-06-22 15:56:31,194 | INFO | Hotels fetched | count=8
2026-06-22 15:56:37,007 | INFO | Hotels fetched | count=8
2026-06-22 15:56:37,025 | INFO | Hotels fetched | count=8
2026-06-22 15:56:42,575 | INFO | Hotels fetched | count=8
2026-06-22 15:56:42,613 | INFO | Hotels fetched | count=8
2026-06-22 15:56:48,247 | INFO | Hotels fetched | count=8
2026-06-22 15:56:48,256 | INFO | Hotels fetched | count=8
2026-06-22 15:56:53,915 | INFO | Hotels fetched | count=8
2026-06-22 15:56:53,937 | INFO | Hotels fetched | count=8
2026-06-22 15:56:59,686 | INFO | Hotels fetched | count=8
2026-06-22 15:56:59,702 | INFO | Hotels fetched | count=8
2026-06-22 16:02:21,752 | INFO | Flights fetched
2026-06-22 16:02:21,762 | INFO | Flights fetched
2026-06-22 16:02:24,761 | INFO | Flights fetched
2026-06-22 16:02:24,768 | INFO | Flights fetched
2026-06-22 16:02:27,069 | INFO | Buses fetched | count=6
2026-06-22 16:02:27,076 | INFO | Buses fetched | count=6
2026-06-22 16:02:29,264 | INFO | Trains fetched | count=10
2026-06-22 16:02:29,276 | INFO | Trains fetched | count=10
2026-06-22 16:02:31,507 | INFO | Hotels fetched | count=8
2026-06-22 16:02:31,512 | INFO | Hotels fetched | count=8
2026-06-22 16:02:33,700 | INFO | Flights fetched
2026-06-22 16:02:33,709 | INFO | Flights fetched
2026-06-22 16:02:39,363 | INFO | Flights fetched
2026-06-22 16:02:39,375 | INFO | Flights fetched
2026-06-22 16:02:44,797 | INFO | Flights fetched
2026-06-22 16:02:44,806 | INFO | Flights fetched
2026-06-22 16:02:50,426 | INFO | Flights fetched
2026-06-22 16:02:50,433 | INFO | Flights fetched
2026-06-22 16:02:55,953 | INFO | Flights fetched
2026-06-22 16:02:55,961 | INFO | Flights fetched
2026-06-22 16:03:01,406 | INFO | Flights fetched
2026-06-22 16:03:01,412 | INFO | Flights fetched
2026-06-22 16:03:06,827 | INFO | Flights fetched
2026-06-22 16:03:06,835 | INFO | Flights fetched
2026-06-22 16:03:12,375 | INFO | Flights fetched
2026-06-22 16:03:12,384 | INFO | Flights fetched
2026-06-22 16:03:17,875 | INFO | Flights fetched
2026-06-22 16:03:17,884 | INFO | Flights fetched
2026-06-22 16:03:23,564 | INFO | Flights fetched
2026-06-22 16:03:23,574 | INFO | Flights fetched
2026-06-22 16:03:29,125 | INFO | Buses fetched | count=6
2026-06-22 16:03:29,140 | INFO | Buses fetched | count=6
2026-06-22 16:03:34,505 | INFO | Buses fetched | count=6
2026-06-22 16:03:34,515 | INFO | Buses fetched | count=6
2026-06-22 16:03:40,053 | INFO | Buses fetched | count=6
2026-06-22 16:03:40,061 | INFO | Buses fetched | count=6
2026-06-22 16:03:45,533 | INFO | Buses fetched | count=6
2026-06-22 16:03:45,541 | INFO | Buses fetched | count=6
2026-06-22 16:03:51,166 | INFO | Buses fetched | count=6
2026-06-22 16:03:51,174 | INFO | Buses fetched | count=6
2026-06-22 16:03:56,710 | INFO | Buses fetched | count=6
2026-06-22 16:03:56,721 | INFO | Buses fetched | count=6
2026-06-22 16:04:02,195 | INFO | Buses fetched | count=6
2026-06-22 16:04:02,206 | INFO | Buses fetched | count=6
2026-06-22 16:04:07,714 | INFO | Buses fetched | count=6
2026-06-22 16:04:07,724 | INFO | Buses fetched | count=6
2026-06-22 16:04:13,289 | INFO | Buses fetched | count=6
2026-06-22 16:04:13,306 | INFO | Buses fetched | count=6
2026-06-22 16:04:18,721 | INFO | Buses fetched | count=6
2026-06-22 16:04:18,731 | INFO | Buses fetched | count=6
2026-06-22 16:04:24,193 | INFO | Trains fetched | count=10
2026-06-22 16:04:24,205 | INFO | Trains fetched | count=10
2026-06-22 16:04:29,612 | INFO | Trains fetched | count=10
2026-06-22 16:04:29,624 | INFO | Trains fetched | count=10
2026-06-22 16:04:35,253 | INFO | Trains fetched | count=10
2026-06-22 16:04:35,265 | INFO | Trains fetched | count=10
2026-06-22 16:04:40,782 | INFO | Trains fetched | count=10
2026-06-22 16:04:40,799 | INFO | Trains fetched | count=10
2026-06-22 16:04:46,178 | INFO | Trains fetched | count=10
2026-06-22 16:04:46,186 | INFO | Trains fetched | count=10
2026-06-22 16:04:51,627 | INFO | Trains fetched | count=10
2026-06-22 16:04:51,635 | INFO | Trains fetched | count=10
2026-06-22 16:04:57,327 | INFO | Trains fetched | count=10
2026-06-22 16:04:57,336 | INFO | Trains fetched | count=10
2026-06-22 16:05:03,119 | INFO | Trains fetched | count=10
2026-06-22 16:05:03,137 | INFO | Trains fetched | count=10
2026-06-22 16:05:08,533 | INFO | Trains fetched | count=10
2026-06-22 16:05:08,542 | INFO | Trains fetched | count=10
2026-06-22 16:05:14,001 | INFO | Trains fetched | count=10
2026-06-22 16:05:14,012 | INFO | Trains fetched | count=10
2026-06-22 16:05:19,476 | INFO | Hotels fetched | count=8
2026-06-22 16:05:19,487 | INFO | Hotels fetched | count=8
2026-06-22 16:05:24,838 | INFO | Hotels fetched | count=8
2026-06-22 16:05:24,846 | INFO | Hotels fetched | count=8
2026-06-22 16:05:30,435 | INFO | Hotels fetched | count=8
2026-06-22 16:05:30,442 | INFO | Hotels fetched | count=8
2026-06-22 16:05:35,906 | INFO | Hotels fetched | count=8
2026-06-22 16:05:35,919 | INFO | Hotels fetched | count=8
2026-06-22 16:05:41,255 | INFO | Hotels fetched | count=8
2026-06-22 16:05:41,264 | INFO | Hotels fetched | count=8
2026-06-22 16:05:46,725 | INFO | Hotels fetched | count=8
2026-06-22 16:05:46,741 | INFO | Hotels fetched | count=8
2026-06-22 16:05:52,146 | INFO | Hotels fetched | count=8
2026-06-22 16:05:52,159 | INFO | Hotels fetched | count=8
2026-06-22 16:31:07,846 | INFO | Flights fetched
2026-06-22 16:31:07,867 | INFO | Flights fetched
2026-06-22 16:31:10,784 | INFO | Flights fetched
2026-06-22 16:31:10,794 | INFO | Flights fetched
2026-06-22 16:31:13,392 | INFO | Buses fetched | count=6
2026-06-22 16:31:13,417 | INFO | Buses fetched | count=6
2026-06-22 16:31:15,552 | INFO | Trains fetched | count=10
2026-06-22 16:31:15,567 | INFO | Trains fetched | count=10
2026-06-22 16:31:17,902 | INFO | Hotels fetched | count=8
2026-06-22 16:31:17,911 | INFO | Hotels fetched | count=8
2026-06-22 16:31:20,250 | INFO | Flights fetched
2026-06-22 16:31:20,262 | INFO | Flights fetched
2026-06-22 16:31:25,987 | INFO | Flights fetched
2026-06-22 16:31:26,018 | INFO | Flights fetched
2026-06-22 16:31:31,712 | INFO | Flights fetched
2026-06-22 16:31:31,725 | INFO | Flights fetched
2026-06-22 16:31:37,573 | INFO | Flights fetched
2026-06-22 16:31:37,584 | INFO | Flights fetched
2026-06-22 16:31:43,537 | INFO | Flights fetched
2026-06-22 16:31:43,549 | INFO | Flights fetched
2026-06-22 16:31:49,292 | INFO | Flights fetched
2026-06-22 16:31:49,311 | INFO | Flights fetched
2026-06-22 16:31:55,125 | INFO | Flights fetched
2026-06-22 16:31:55,138 | INFO | Flights fetched
2026-06-22 16:32:00,807 | INFO | Flights fetched
2026-06-22 16:32:00,819 | INFO | Flights fetched
2026-06-22 16:32:06,563 | INFO | Flights fetched
2026-06-22 16:32:06,578 | INFO | Flights fetched
2026-06-22 16:32:12,488 | INFO | Flights fetched
2026-06-22 16:32:12,551 | INFO | Flights fetched
2026-06-22 16:32:18,245 | INFO | Buses fetched | count=6
2026-06-22 16:32:18,261 | INFO | Buses fetched | count=6
2026-06-22 16:32:23,968 | INFO | Buses fetched | count=6
2026-06-22 16:32:23,992 | INFO | Buses fetched | count=6
2026-06-22 16:32:29,825 | INFO | Buses fetched | count=6
2026-06-22 16:32:29,861 | INFO | Buses fetched | count=6
2026-06-22 16:32:35,460 | INFO | Buses fetched | count=6
2026-06-22 16:32:35,472 | INFO | Buses fetched | count=6
2026-06-22 16:32:41,154 | INFO | Buses fetched | count=6
2026-06-22 16:32:41,164 | INFO | Buses fetched | count=6
2026-06-22 16:32:46,834 | INFO | Buses fetched | count=6
2026-06-22 16:32:46,847 | INFO | Buses fetched | count=6
2026-06-22 16:32:52,735 | INFO | Buses fetched | count=6
2026-06-22 16:32:52,768 | INFO | Buses fetched | count=6
2026-06-22 16:32:58,439 | INFO | Buses fetched | count=6
2026-06-22 16:32:58,454 | INFO | Buses fetched | count=6
2026-06-22 16:33:04,248 | INFO | Buses fetched | count=6
2026-06-22 16:33:04,262 | INFO | Buses fetched | count=6
2026-06-22 16:33:10,020 | INFO | Buses fetched | count=6
2026-06-22 16:33:10,032 | INFO | Buses fetched | count=6
2026-06-22 16:33:15,775 | INFO | Trains fetched | count=10
2026-06-22 16:33:15,788 | INFO | Trains fetched | count=10
2026-06-22 16:33:21,518 | INFO | Trains fetched | count=10
2026-06-22 16:33:21,537 | INFO | Trains fetched | count=10
2026-06-22 16:33:27,146 | INFO | Trains fetched | count=10
2026-06-22 16:33:27,156 | INFO | Trains fetched | count=10
2026-06-22 16:33:32,994 | INFO | Trains fetched | count=10
2026-06-22 16:33:33,014 | INFO | Trains fetched | count=10
2026-06-22 16:33:38,837 | INFO | Trains fetched | count=10
2026-06-22 16:33:38,852 | INFO | Trains fetched | count=10
2026-06-22 16:33:44,589 | INFO | Trains fetched | count=10
2026-06-22 16:33:44,602 | INFO | Trains fetched | count=10
2026-06-22 16:33:50,374 | INFO | Trains fetched | count=10
2026-06-22 16:33:50,387 | INFO | Trains fetched | count=10
2026-06-22 16:33:55,984 | INFO | Trains fetched | count=10
2026-06-22 16:33:55,998 | INFO | Trains fetched | count=10
2026-06-22 16:34:01,846 | INFO | Trains fetched | count=10
2026-06-22 16:34:01,860 | INFO | Trains fetched | count=10
2026-06-22 16:34:07,625 | INFO | Trains fetched | count=10
2026-06-22 16:34:07,636 | INFO | Trains fetched | count=10
2026-06-22 16:34:13,459 | INFO | Hotels fetched | count=8
2026-06-22 16:34:13,474 | INFO | Hotels fetched | count=8
2026-06-22 16:34:19,084 | INFO | Hotels fetched | count=8
2026-06-22 16:34:19,108 | INFO | Hotels fetched | count=8
2026-06-22 16:34:24,807 | INFO | Hotels fetched | count=8
2026-06-22 16:34:24,818 | INFO | Hotels fetched | count=8
2026-06-22 16:34:30,724 | INFO | Hotels fetched | count=8
2026-06-22 16:34:30,743 | INFO | Hotels fetched | count=8
2026-06-22 16:34:36,400 | INFO | Hotels fetched | count=8
2026-06-22 16:34:36,411 | INFO | Hotels fetched | count=8
2026-06-22 16:34:42,072 | INFO | Hotels fetched | count=8
2026-06-22 16:34:42,083 | INFO | Hotels fetched | count=8
2026-06-22 16:34:47,928 | INFO | Hotels fetched | count=8
2026-06-22 16:34:47,942 | INFO | Hotels fetched | count=8
2026-06-22 16:45:19,961 | INFO | Flights fetched
2026-06-22 16:45:19,975 | INFO | Flights fetched
2026-06-22 16:45:22,999 | INFO | Flights fetched
2026-06-22 16:45:23,026 | INFO | Flights fetched
2026-06-22 16:45:25,508 | INFO | Buses fetched | count=6
2026-06-22 16:45:25,517 | INFO | Buses fetched | count=6
2026-06-22 16:45:27,948 | INFO | Trains fetched | count=10
2026-06-22 16:45:27,959 | INFO | Trains fetched | count=10
2026-06-22 16:45:30,394 | INFO | Hotels fetched | count=8
2026-06-22 16:45:30,405 | INFO | Hotels fetched | count=8
2026-06-22 16:45:32,818 | INFO | Flights fetched
2026-06-22 16:45:32,827 | INFO | Flights fetched
2026-06-22 16:45:38,831 | INFO | Flights fetched
2026-06-22 16:45:38,855 | INFO | Flights fetched
2026-06-22 16:45:44,659 | INFO | Flights fetched
2026-06-22 16:45:44,692 | INFO | Flights fetched
2026-06-22 16:45:50,389 | INFO | Flights fetched
2026-06-22 16:45:50,402 | INFO | Flights fetched
2026-06-22 16:45:56,063 | INFO | Flights fetched
2026-06-22 16:45:56,074 | INFO | Flights fetched
2026-06-22 16:46:01,986 | INFO | Flights fetched
2026-06-22 16:46:01,996 | INFO | Flights fetched
2026-06-22 16:46:07,943 | INFO | Flights fetched
2026-06-22 16:46:07,954 | INFO | Flights fetched
2026-06-22 16:46:13,712 | INFO | Flights fetched
2026-06-22 16:46:13,736 | INFO | Flights fetched
2026-06-22 16:46:19,537 | INFO | Flights fetched
2026-06-22 16:46:19,556 | INFO | Flights fetched
2026-06-22 16:46:25,099 | INFO | Flights fetched
2026-06-22 16:46:25,117 | INFO | Flights fetched
2026-06-22 16:46:30,881 | INFO | Buses fetched | count=6
2026-06-22 16:46:30,894 | INFO | Buses fetched | count=6
2026-06-22 16:46:36,448 | INFO | Buses fetched | count=6
2026-06-22 16:46:36,467 | INFO | Buses fetched | count=6
2026-06-22 16:46:42,168 | INFO | Buses fetched | count=6
2026-06-22 16:46:42,185 | INFO | Buses fetched | count=6
2026-06-22 16:46:47,983 | INFO | Buses fetched | count=6
2026-06-22 16:46:48,014 | INFO | Buses fetched | count=6
2026-06-22 16:46:53,625 | INFO | Buses fetched | count=6
2026-06-22 16:46:53,638 | INFO | Buses fetched | count=6
2026-06-22 16:46:59,600 | INFO | Buses fetched | count=6
2026-06-22 16:46:59,617 | INFO | Buses fetched | count=6
2026-06-22 16:47:05,295 | INFO | Buses fetched | count=6
2026-06-22 16:47:05,312 | INFO | Buses fetched | count=6
2026-06-22 16:47:11,093 | INFO | Buses fetched | count=6
2026-06-22 16:47:11,126 | INFO | Buses fetched | count=6
2026-06-22 16:47:16,928 | INFO | Buses fetched | count=6
2026-06-22 16:47:16,941 | INFO | Buses fetched | count=6
2026-06-22 16:47:22,550 | INFO | Buses fetched | count=6
2026-06-22 16:47:22,562 | INFO | Buses fetched | count=6
2026-06-22 16:47:28,393 | INFO | Trains fetched | count=10
2026-06-22 16:47:28,407 | INFO | Trains fetched | count=10
2026-06-22 16:47:33,922 | INFO | Trains fetched | count=10
2026-06-22 16:47:33,943 | INFO | Trains fetched | count=10
2026-06-22 16:47:39,652 | INFO | Trains fetched | count=10
2026-06-22 16:47:39,665 | INFO | Trains fetched | count=10
2026-06-22 16:47:45,569 | INFO | Trains fetched | count=10
2026-06-22 16:47:45,584 | INFO | Trains fetched | count=10
2026-06-22 16:47:51,369 | INFO | Trains fetched | count=10
2026-06-22 16:47:51,384 | INFO | Trains fetched | count=10
2026-06-22 16:47:57,010 | INFO | Trains fetched | count=10
2026-06-22 16:47:57,025 | INFO | Trains fetched | count=10
2026-06-22 16:48:02,504 | INFO | Trains fetched | count=10
2026-06-22 16:48:02,516 | INFO | Trains fetched | count=10
2026-06-22 16:48:08,268 | INFO | Trains fetched | count=10
2026-06-22 16:48:08,288 | INFO | Trains fetched | count=10
2026-06-22 16:48:14,203 | INFO | Trains fetched | count=10
2026-06-22 16:48:14,247 | INFO | Trains fetched | count=10
2026-06-22 16:48:19,890 | INFO | Trains fetched | count=10
2026-06-22 16:48:19,910 | INFO | Trains fetched | count=10
2026-06-22 16:48:25,586 | INFO | Hotels fetched | count=8
2026-06-22 16:48:25,598 | INFO | Hotels fetched | count=8
2026-06-22 16:48:31,192 | INFO | Hotels fetched | count=8
2026-06-22 16:48:31,203 | INFO | Hotels fetched | count=8
2026-06-22 16:48:37,096 | INFO | Hotels fetched | count=8
2026-06-22 16:48:37,125 | INFO | Hotels fetched | count=8
2026-06-22 16:48:42,624 | INFO | Hotels fetched | count=8
2026-06-22 16:48:42,636 | INFO | Hotels fetched | count=8
2026-06-22 16:48:48,468 | INFO | Hotels fetched | count=8
2026-06-22 16:48:48,487 | INFO | Hotels fetched | count=8
2026-06-22 16:48:54,113 | INFO | Hotels fetched | count=8
2026-06-22 16:48:54,126 | INFO | Hotels fetched | count=8
2026-06-22 16:48:59,741 | INFO | Hotels fetched | count=8
2026-06-22 16:48:59,750 | INFO | Hotels fetched | count=8
2026-06-22 20:21:40,087 | INFO | Flights fetched
2026-06-22 20:21:40,092 | INFO | Flights fetched
2026-06-22 20:21:52,014 | INFO | Flight booking request received | user=Anav Gusain | flight_id=1 | passengers=1
2026-06-22 20:21:52,030 | INFO | Flight booked successfully | booking_id=BK4483 | pnr=MMT70853 | user=Anav Gusain | remaining_seats=38
2026-06-22 20:21:52,036 | INFO | Flights fetched
2026-06-22 20:21:56,888 | INFO | Bookings fetched | count=2
2026-06-22 20:21:56,896 | INFO | Bookings fetched | count=2
2026-06-22 20:21:56,934 | INFO | Hotel bookings fetched | count=1
2026-06-22 20:21:56,939 | INFO | Hotel bookings fetched | count=1
2026-06-22 20:22:01,498 | INFO | Flight cancellation request received | booking_id=BK9306
2026-06-22 20:22:01,505 | INFO | Flight booking cancelled | booking_id=BK9306 | restored_seats=1
2026-06-22 20:22:01,513 | INFO | Bookings fetched | count=1
2026-06-22 20:22:01,532 | INFO | Hotel bookings fetched | count=1
2026-06-22 20:22:02,407 | INFO | Bookings fetched | count=1
2026-06-22 20:22:02,429 | INFO | Hotel bookings fetched | count=1
2026-06-22 20:22:03,615 | INFO | Hotel cancellation request received | booking_id=HTBK7356
2026-06-22 20:22:03,624 | INFO | Hotel booking cancelled | booking_id=HTBK7356 | restored_rooms=1
2026-06-22 20:22:03,634 | INFO | Bookings fetched | count=1
2026-06-22 20:22:03,663 | INFO | Hotel bookings fetched | count=0
2026-06-22 20:22:04,302 | INFO | Flight cancellation request received | booking_id=BK4483
2026-06-22 20:22:04,312 | INFO | Flight booking cancelled | booking_id=BK4483 | restored_seats=1
2026-06-22 20:22:04,321 | INFO | Bookings fetched | count=0
2026-06-22 20:22:04,341 | INFO | Hotel bookings fetched | count=0
2026-06-22 20:22:04,909 | INFO | Bookings fetched | count=0
2026-06-22 20:22:04,937 | INFO | Hotel bookings fetched | count=0
2026-06-22 20:22:06,512 | INFO | Buses fetched | count=6
2026-06-22 20:22:06,518 | INFO | Buses fetched | count=6
2026-06-22 20:22:22,910 | INFO | Bus booking request received | user=Anav Gusain | bus_id=4 | passengers=1
2026-06-22 20:22:22,918 | INFO | Bus booked successfully | booking_id=BUSBK2601 | pnr=BUS86624 | remaining_seats=17
2026-06-22 20:22:22,925 | INFO | Buses fetched | count=6
2026-06-22 20:22:27,676 | INFO | Trains fetched | count=10
2026-06-22 20:22:27,683 | INFO | Trains fetched | count=10
2026-06-22 20:25:29,806 | INFO | Flights fetched
2026-06-22 20:25:29,811 | INFO | Flights fetched
2026-06-22 20:25:48,317 | INFO | Flight booking request received | user=Anav Gusain | flight_id=2 | passengers=1
2026-06-22 20:25:48,327 | INFO | Flight booked successfully | booking_id=BK2240 | pnr=MMT26927 | user=Anav Gusain | remaining_seats=34
2026-06-22 20:25:48,335 | INFO | Flights fetched
2026-06-22 20:25:53,744 | INFO | Bookings fetched | count=1
2026-06-22 20:25:53,747 | INFO | Bookings fetched | count=1
2026-06-22 20:25:53,765 | INFO | Hotel bookings fetched | count=0
2026-06-22 20:25:53,768 | INFO | Hotel bookings fetched | count=0
2026-06-23 08:55:40,962 | INFO | Flights fetched
2026-06-23 08:55:40,968 | INFO | Flights fetched
2026-06-23 08:55:42,796 | INFO | Bookings fetched | count=1
2026-06-23 08:55:42,800 | INFO | Bookings fetched | count=1
2026-06-23 08:55:42,836 | INFO | Hotel bookings fetched | count=0
2026-06-23 08:55:42,839 | INFO | Hotel bookings fetched | count=0
2026-06-23 08:55:44,008 | INFO | Flight cancellation request received | booking_id=BK2240
2026-06-23 08:55:44,017 | INFO | Flight booking cancelled | booking_id=BK2240 | restored_seats=1
2026-06-23 08:55:44,022 | INFO | Bookings fetched | count=0
2026-06-23 08:55:44,040 | INFO | Hotel bookings fetched | count=0
2026-06-23 08:55:44,492 | INFO | Bookings fetched | count=0
2026-06-23 08:55:44,508 | INFO | Hotel bookings fetched | count=0
2026-06-23 08:56:39,241 | INFO | Flights fetched
2026-06-23 08:56:39,246 | INFO | Flights fetched
2026-06-23 08:56:42,236 | INFO | Flights fetched
2026-06-23 08:56:42,242 | INFO | Flights fetched
2026-06-23 08:56:44,453 | INFO | Buses fetched | count=6
2026-06-23 08:56:44,456 | INFO | Buses fetched | count=6
2026-06-23 08:56:46,543 | INFO | Trains fetched | count=10
2026-06-23 08:56:46,550 | INFO | Trains fetched | count=10
2026-06-23 08:56:48,736 | INFO | Hotels fetched | count=8
2026-06-23 08:56:48,742 | INFO | Hotels fetched | count=8
2026-06-23 08:56:50,859 | INFO | Flights fetched
2026-06-23 08:56:50,863 | INFO | Flights fetched
2026-06-23 08:56:56,454 | INFO | Flights fetched
2026-06-23 08:56:56,460 | INFO | Flights fetched
2026-06-23 08:57:01,714 | INFO | Flights fetched
2026-06-23 08:57:01,720 | INFO | Flights fetched
2026-06-23 08:57:06,955 | INFO | Flights fetched
2026-06-23 08:57:06,960 | INFO | Flights fetched
2026-06-23 08:57:12,200 | INFO | Flights fetched
2026-06-23 08:57:12,204 | INFO | Flights fetched
2026-06-23 08:57:17,445 | INFO | Flights fetched
2026-06-23 08:57:17,449 | INFO | Flights fetched
2026-06-23 08:57:22,682 | INFO | Flights fetched
2026-06-23 08:57:22,690 | INFO | Flights fetched
2026-06-23 08:57:27,947 | INFO | Buses fetched | count=6
2026-06-23 08:57:27,952 | INFO | Buses fetched | count=6
2026-06-23 08:57:33,167 | INFO | Buses fetched | count=6
2026-06-23 08:57:33,172 | INFO | Buses fetched | count=6
2026-06-23 08:57:38,416 | INFO | Buses fetched | count=6
2026-06-23 08:57:38,422 | INFO | Buses fetched | count=6
2026-06-23 08:57:43,664 | INFO | Buses fetched | count=6
2026-06-23 08:57:43,669 | INFO | Buses fetched | count=6
2026-06-23 08:57:48,912 | INFO | Buses fetched | count=6
2026-06-23 08:57:48,917 | INFO | Buses fetched | count=6
2026-06-23 08:57:54,166 | INFO | Buses fetched | count=6
2026-06-23 08:57:54,172 | INFO | Buses fetched | count=6
2026-06-23 08:57:59,409 | INFO | Buses fetched | count=6
2026-06-23 08:57:59,416 | INFO | Buses fetched | count=6
2026-06-23 08:58:04,652 | INFO | Trains fetched | count=10
2026-06-23 08:58:04,660 | INFO | Trains fetched | count=10
2026-06-23 08:58:09,861 | INFO | Trains fetched | count=10
2026-06-23 08:58:09,868 | INFO | Trains fetched | count=10
2026-06-23 08:58:15,118 | INFO | Trains fetched | count=10
2026-06-23 08:58:15,123 | INFO | Trains fetched | count=10
2026-06-23 08:58:20,364 | INFO | Trains fetched | count=10
2026-06-23 08:58:20,369 | INFO | Trains fetched | count=10
2026-06-23 08:58:25,604 | INFO | Trains fetched | count=10
2026-06-23 08:58:25,611 | INFO | Trains fetched | count=10
2026-06-23 08:58:30,825 | INFO | Trains fetched | count=10
2026-06-23 08:58:30,832 | INFO | Trains fetched | count=10
2026-06-23 08:58:36,071 | INFO | Trains fetched | count=10
2026-06-23 08:58:36,076 | INFO | Trains fetched | count=10
2026-06-23 08:58:41,323 | INFO | Hotels fetched | count=8
2026-06-23 08:58:41,328 | INFO | Hotels fetched | count=8
2026-06-23 08:58:46,540 | INFO | Hotels fetched | count=8
2026-06-23 08:58:46,545 | INFO | Hotels fetched | count=8
2026-06-23 08:58:51,746 | INFO | Hotels fetched | count=8
2026-06-23 08:58:51,751 | INFO | Hotels fetched | count=8
2026-06-23 08:58:56,936 | INFO | Hotels fetched | count=8
2026-06-23 08:58:56,942 | INFO | Hotels fetched | count=8
2026-06-23 08:59:02,151 | INFO | Hotels fetched | count=8
2026-06-23 08:59:02,157 | INFO | Hotels fetched | count=8
2026-06-23 09:09:13,450 | INFO | Flights fetched
2026-06-23 09:09:13,458 | INFO | Flights fetched
2026-06-23 09:09:59,787 | INFO | Flights fetched
2026-06-23 09:09:59,794 | INFO | Flights fetched
2026-06-23 09:10:02,762 | INFO | Flights fetched
2026-06-23 09:10:02,765 | INFO | Flights fetched
2026-06-23 09:10:05,033 | INFO | Buses fetched | count=6
2026-06-23 09:10:05,035 | INFO | Buses fetched | count=6
2026-06-23 09:10:07,074 | INFO | Trains fetched | count=10
2026-06-23 09:10:07,078 | INFO | Trains fetched | count=10
2026-06-23 09:10:09,234 | INFO | Hotels fetched | count=8
2026-06-23 09:10:09,237 | INFO | Hotels fetched | count=8
2026-06-23 09:19:48,051 | INFO | Bookings fetched | count=0
2026-06-23 09:19:48,055 | INFO | Bookings fetched | count=0
2026-06-23 09:19:48,075 | INFO | Hotel bookings fetched | count=0
2026-06-23 09:19:48,078 | INFO | Hotel bookings fetched | count=0
2026-06-23 09:19:50,648 | INFO | Bookings fetched | count=0
2026-06-23 09:19:50,654 | INFO | Bookings fetched | count=0
2026-06-23 09:19:50,676 | INFO | Hotel bookings fetched | count=0
2026-06-23 09:19:50,680 | INFO | Hotel bookings fetched | count=0
2026-06-23 09:57:00,971 | INFO | Flights fetched
2026-06-23 09:57:00,982 | INFO | Flights fetched
2026-06-23 09:57:03,925 | INFO | Flights fetched
2026-06-23 09:57:03,930 | INFO | Flights fetched
2026-06-23 09:57:06,156 | INFO | Buses fetched | count=6
2026-06-23 09:57:06,159 | INFO | Buses fetched | count=6
2026-06-23 09:57:08,308 | INFO | Trains fetched | count=10
2026-06-23 09:57:08,314 | INFO | Trains fetched | count=10
2026-06-23 09:57:10,452 | INFO | Hotels fetched | count=8
2026-06-23 09:57:10,455 | INFO | Hotels fetched | count=8
2026-06-23 11:33:16,078 | INFO | Flights fetched
2026-06-23 11:33:16,091 | INFO | Flights fetched
2026-06-23 11:33:18,995 | INFO | Flights fetched
2026-06-23 11:33:19,001 | INFO | Flights fetched
2026-06-23 11:33:21,578 | INFO | Buses fetched | count=6
2026-06-23 11:33:21,585 | INFO | Buses fetched | count=6
2026-06-23 11:33:23,763 | INFO | Trains fetched | count=10
2026-06-23 11:33:23,770 | INFO | Trains fetched | count=10
2026-06-23 11:33:26,091 | INFO | Hotels fetched | count=8
2026-06-23 11:33:26,100 | INFO | Hotels fetched | count=8
2026-06-23 11:33:28,382 | INFO | Flights fetched
2026-06-23 11:33:28,388 | INFO | Flights fetched
2026-06-23 11:33:33,846 | INFO | Flights fetched
2026-06-23 11:33:33,855 | INFO | Flights fetched
2026-06-23 11:33:39,430 | INFO | Flights fetched
2026-06-23 11:33:39,438 | INFO | Flights fetched
2026-06-23 11:33:44,969 | INFO | Flights fetched
2026-06-23 11:33:44,980 | INFO | Flights fetched
2026-06-23 11:33:50,585 | INFO | Flights fetched
2026-06-23 11:33:50,598 | INFO | Flights fetched
2026-06-23 11:33:56,102 | INFO | Flights fetched
2026-06-23 11:33:56,113 | INFO | Flights fetched
2026-06-23 11:34:01,703 | INFO | Flights fetched
2026-06-23 11:34:01,718 | INFO | Flights fetched
2026-06-23 11:34:07,307 | INFO | Buses fetched | count=6
2026-06-23 11:34:07,320 | INFO | Buses fetched | count=6
2026-06-23 11:34:12,766 | INFO | Buses fetched | count=6
2026-06-23 11:34:12,775 | INFO | Buses fetched | count=6
2026-06-23 11:34:18,336 | INFO | Buses fetched | count=6
2026-06-23 11:34:18,346 | INFO | Buses fetched | count=6
2026-06-23 11:34:23,932 | INFO | Buses fetched | count=6
2026-06-23 11:34:23,943 | INFO | Buses fetched | count=6
2026-06-23 11:34:29,393 | INFO | Buses fetched | count=6
2026-06-23 11:34:29,402 | INFO | Buses fetched | count=6
2026-06-23 11:34:35,046 | INFO | Buses fetched | count=6
2026-06-23 11:34:35,057 | INFO | Buses fetched | count=6
2026-06-23 11:34:40,549 | INFO | Buses fetched | count=6
2026-06-23 11:34:40,561 | INFO | Buses fetched | count=6
2026-06-23 11:34:46,142 | INFO | Trains fetched | count=10
2026-06-23 11:34:46,155 | INFO | Trains fetched | count=10
2026-06-23 11:34:51,685 | INFO | Trains fetched | count=10
2026-06-23 11:34:51,699 | INFO | Trains fetched | count=10
2026-06-23 11:34:57,251 | INFO | Trains fetched | count=10
2026-06-23 11:34:57,264 | INFO | Trains fetched | count=10
2026-06-23 11:35:02,783 | INFO | Trains fetched | count=10
2026-06-23 11:35:02,795 | INFO | Trains fetched | count=10
2026-06-23 11:35:08,418 | INFO | Trains fetched | count=10
2026-06-23 11:35:08,430 | INFO | Trains fetched | count=10
2026-06-23 11:35:13,986 | INFO | Trains fetched | count=10
2026-06-23 11:35:13,995 | INFO | Trains fetched | count=10
2026-06-23 11:35:19,447 | INFO | Trains fetched | count=10
2026-06-23 11:35:19,457 | INFO | Trains fetched | count=10
2026-06-23 11:35:25,033 | INFO | Hotels fetched | count=8
2026-06-23 11:35:25,046 | INFO | Hotels fetched | count=8
2026-06-23 11:35:30,408 | INFO | Hotels fetched | count=8
2026-06-23 11:35:30,418 | INFO | Hotels fetched | count=8
2026-06-23 11:35:35,871 | INFO | Hotels fetched | count=8
2026-06-23 11:35:35,877 | INFO | Hotels fetched | count=8
2026-06-23 11:35:41,282 | INFO | Hotels fetched | count=8
2026-06-23 11:35:41,293 | INFO | Hotels fetched | count=8
2026-06-23 11:35:46,634 | INFO | Hotels fetched | count=8
2026-06-23 11:35:46,645 | INFO | Hotels fetched | count=8
2026-06-23 11:39:56,658 | INFO | Flights fetched
2026-06-23 11:39:56,668 | INFO | Flights fetched
2026-06-23 11:39:59,662 | INFO | Flights fetched
2026-06-23 11:39:59,671 | INFO | Flights fetched
2026-06-23 11:40:02,017 | INFO | Buses fetched | count=6
2026-06-23 11:40:02,025 | INFO | Buses fetched | count=6
2026-06-23 11:40:04,243 | INFO | Trains fetched | count=10
2026-06-23 11:40:04,250 | INFO | Trains fetched | count=10
2026-06-23 11:40:06,533 | INFO | Hotels fetched | count=8
2026-06-23 11:40:06,539 | INFO | Hotels fetched | count=8
2026-06-23 11:40:08,859 | INFO | Flights fetched
2026-06-23 11:40:08,866 | INFO | Flights fetched
2026-06-23 11:40:14,407 | INFO | Flights fetched
2026-06-23 11:40:14,424 | INFO | Flights fetched
2026-06-23 11:40:19,935 | INFO | Flights fetched
2026-06-23 11:40:19,946 | INFO | Flights fetched
2026-06-23 11:40:25,434 | INFO | Flights fetched
2026-06-23 11:40:25,442 | INFO | Flights fetched
2026-06-23 11:40:30,869 | INFO | Flights fetched
2026-06-23 11:40:30,877 | INFO | Flights fetched
2026-06-23 11:40:36,270 | INFO | Flights fetched
2026-06-23 11:40:36,277 | INFO | Flights fetched
2026-06-23 11:40:41,833 | INFO | Flights fetched
2026-06-23 11:40:41,852 | INFO | Flights fetched
2026-06-23 11:40:47,257 | INFO | Buses fetched | count=6
2026-06-23 11:40:47,265 | INFO | Buses fetched | count=6
2026-06-23 11:40:52,660 | INFO | Buses fetched | count=6
2026-06-23 11:40:52,667 | INFO | Buses fetched | count=6
2026-06-23 11:40:58,110 | INFO | Buses fetched | count=6
2026-06-23 11:40:58,117 | INFO | Buses fetched | count=6
2026-06-23 11:41:03,741 | INFO | Buses fetched | count=6
2026-06-23 11:41:03,751 | INFO | Buses fetched | count=6
2026-06-23 11:41:09,371 | INFO | Buses fetched | count=6
2026-06-23 11:41:09,389 | INFO | Buses fetched | count=6
2026-06-23 11:41:14,785 | INFO | Buses fetched | count=6
2026-06-23 11:41:14,794 | INFO | Buses fetched | count=6
2026-06-23 11:41:20,199 | INFO | Buses fetched | count=6
2026-06-23 11:41:20,207 | INFO | Buses fetched | count=6
2026-06-23 11:41:25,857 | INFO | Trains fetched | count=10
2026-06-23 11:41:25,866 | INFO | Trains fetched | count=10
2026-06-23 11:41:31,356 | INFO | Trains fetched | count=10
2026-06-23 11:41:31,365 | INFO | Trains fetched | count=10
2026-06-23 11:41:36,754 | INFO | Trains fetched | count=10
2026-06-23 11:41:36,762 | INFO | Trains fetched | count=10
2026-06-23 11:41:42,473 | INFO | Trains fetched | count=10
2026-06-23 11:41:42,481 | INFO | Trains fetched | count=10
2026-06-23 11:41:47,980 | INFO | Trains fetched | count=10
2026-06-23 11:41:47,988 | INFO | Trains fetched | count=10
2026-06-23 11:41:53,497 | INFO | Trains fetched | count=10
2026-06-23 11:41:53,510 | INFO | Trains fetched | count=10
2026-06-23 11:41:58,943 | INFO | Trains fetched | count=10
2026-06-23 11:41:58,955 | INFO | Trains fetched | count=10
2026-06-23 11:42:04,307 | INFO | Hotels fetched | count=8
2026-06-23 11:42:04,316 | INFO | Hotels fetched | count=8
2026-06-23 11:42:09,636 | INFO | Hotels fetched | count=8
2026-06-23 11:42:09,643 | INFO | Hotels fetched | count=8
2026-06-23 11:42:15,014 | INFO | Hotels fetched | count=8
2026-06-23 11:42:15,021 | INFO | Hotels fetched | count=8
2026-06-23 11:42:20,389 | INFO | Hotels fetched | count=8
2026-06-23 11:42:20,397 | INFO | Hotels fetched | count=8
2026-06-23 11:42:25,988 | INFO | Hotels fetched | count=8
2026-06-23 11:42:25,996 | INFO | Hotels fetched | count=8
2026-06-23 12:32:27,361 | INFO | Flights fetched
2026-06-23 12:32:27,375 | INFO | Flights fetched
2026-06-23 12:32:30,368 | INFO | Flights fetched
2026-06-23 12:32:30,379 | INFO | Flights fetched
2026-06-23 12:32:32,831 | INFO | Buses fetched | count=6
2026-06-23 12:32:32,839 | INFO | Buses fetched | count=6
2026-06-23 12:32:35,199 | INFO | Trains fetched | count=10
2026-06-23 12:32:35,207 | INFO | Trains fetched | count=10
2026-06-23 12:32:37,492 | INFO | Hotels fetched | count=8
2026-06-23 12:32:37,500 | INFO | Hotels fetched | count=8
2026-06-23 12:32:39,947 | INFO | Flights fetched
2026-06-23 12:32:39,954 | INFO | Flights fetched
2026-06-23 12:32:45,644 | INFO | Flights fetched
2026-06-23 12:32:45,657 | INFO | Flights fetched
2026-06-23 12:32:51,136 | INFO | Flights fetched
2026-06-23 12:32:51,145 | INFO | Flights fetched
2026-06-23 12:32:56,854 | INFO | Flights fetched
2026-06-23 12:32:56,863 | INFO | Flights fetched
2026-06-23 12:33:02,380 | INFO | Flights fetched
2026-06-23 12:33:02,388 | INFO | Flights fetched
2026-06-23 12:33:07,858 | INFO | Flights fetched
2026-06-23 12:33:07,866 | INFO | Flights fetched
2026-06-23 12:33:13,362 | INFO | Flights fetched
2026-06-23 12:33:13,371 | INFO | Flights fetched
2026-06-23 12:33:18,861 | INFO | Buses fetched | count=6
2026-06-23 12:33:18,870 | INFO | Buses fetched | count=6
2026-06-23 12:33:24,278 | INFO | Buses fetched | count=6
2026-06-23 12:33:24,287 | INFO | Buses fetched | count=6
2026-06-23 12:33:29,760 | INFO | Buses fetched | count=6
2026-06-23 12:33:29,771 | INFO | Buses fetched | count=6
2026-06-23 12:33:35,330 | INFO | Buses fetched | count=6
2026-06-23 12:33:35,347 | INFO | Buses fetched | count=6
2026-06-23 12:33:40,809 | INFO | Buses fetched | count=6
2026-06-23 12:33:40,819 | INFO | Buses fetched | count=6
2026-06-23 12:33:46,539 | INFO | Buses fetched | count=6
2026-06-23 12:33:46,550 | INFO | Buses fetched | count=6
2026-06-23 12:33:52,018 | INFO | Buses fetched | count=6
2026-06-23 12:33:52,031 | INFO | Buses fetched | count=6
2026-06-23 12:33:57,570 | INFO | Trains fetched | count=10
2026-06-23 12:33:57,582 | INFO | Trains fetched | count=10
2026-06-23 12:34:02,942 | INFO | Trains fetched | count=10
2026-06-23 12:34:02,953 | INFO | Trains fetched | count=10
2026-06-23 12:34:08,642 | INFO | Trains fetched | count=10
2026-06-23 12:34:08,665 | INFO | Trains fetched | count=10
2026-06-23 12:34:14,060 | INFO | Trains fetched | count=10
2026-06-23 12:34:14,070 | INFO | Trains fetched | count=10
2026-06-23 12:34:19,607 | INFO | Trains fetched | count=10
2026-06-23 12:34:19,616 | INFO | Trains fetched | count=10
2026-06-23 12:34:25,152 | INFO | Trains fetched | count=10
2026-06-23 12:34:25,162 | INFO | Trains fetched | count=10
2026-06-23 12:34:31,071 | INFO | Trains fetched | count=10
2026-06-23 12:34:31,085 | INFO | Trains fetched | count=10
2026-06-23 12:34:36,537 | INFO | Hotels fetched | count=8
2026-06-23 12:34:36,547 | INFO | Hotels fetched | count=8
2026-06-23 12:34:42,056 | INFO | Hotels fetched | count=8
2026-06-23 12:34:42,066 | INFO | Hotels fetched | count=8
2026-06-23 12:34:47,470 | INFO | Hotels fetched | count=8
2026-06-23 12:34:47,479 | INFO | Hotels fetched | count=8
2026-06-23 12:34:52,890 | INFO | Hotels fetched | count=8
2026-06-23 12:34:52,899 | INFO | Hotels fetched | count=8
2026-06-23 12:34:58,501 | INFO | Hotels fetched | count=8
2026-06-23 12:34:58,512 | INFO | Hotels fetched | count=8
2026-06-23 12:50:13,390 | INFO | Flights fetched
2026-06-23 12:50:13,404 | INFO | Flights fetched
2026-06-23 12:50:16,439 | INFO | Flights fetched
2026-06-23 12:50:16,453 | INFO | Flights fetched
2026-06-23 12:50:19,002 | INFO | Buses fetched | count=6
2026-06-23 12:50:19,010 | INFO | Buses fetched | count=6
2026-06-23 12:50:21,399 | INFO | Trains fetched | count=10
2026-06-23 12:50:21,407 | INFO | Trains fetched | count=10
2026-06-23 12:50:23,889 | INFO | Hotels fetched | count=8
2026-06-23 12:50:23,899 | INFO | Hotels fetched | count=8
2026-06-23 12:50:26,634 | INFO | Flights fetched
2026-06-23 12:50:26,644 | INFO | Flights fetched
2026-06-23 12:50:32,490 | INFO | Flights fetched
2026-06-23 12:50:32,515 | INFO | Flights fetched
2026-06-23 12:50:38,070 | INFO | Flights fetched
2026-06-23 12:50:38,084 | INFO | Flights fetched
2026-06-23 12:50:43,853 | INFO | Flights fetched
2026-06-23 12:50:43,867 | INFO | Flights fetched
2026-06-23 12:50:49,596 | INFO | Flights fetched
2026-06-23 12:50:49,605 | INFO | Flights fetched
2026-06-23 12:50:55,263 | INFO | Flights fetched
2026-06-23 12:50:55,275 | INFO | Flights fetched
2026-06-23 12:51:00,950 | INFO | Flights fetched
2026-06-23 12:51:00,962 | INFO | Flights fetched
2026-06-23 12:51:06,900 | INFO | Buses fetched | count=6
2026-06-23 12:51:06,918 | INFO | Buses fetched | count=6
2026-06-23 12:51:12,623 | INFO | Buses fetched | count=6
2026-06-23 12:51:12,640 | INFO | Buses fetched | count=6
2026-06-23 12:51:18,354 | INFO | Buses fetched | count=6
2026-06-23 12:51:18,368 | INFO | Buses fetched | count=6
2026-06-23 12:51:24,081 | INFO | Buses fetched | count=6
2026-06-23 12:51:24,098 | INFO | Buses fetched | count=6
2026-06-23 12:51:29,877 | INFO | Buses fetched | count=6
2026-06-23 12:51:29,890 | INFO | Buses fetched | count=6
2026-06-23 12:51:35,392 | INFO | Buses fetched | count=6
2026-06-23 12:51:35,409 | INFO | Buses fetched | count=6
2026-06-23 12:51:40,971 | INFO | Buses fetched | count=6
2026-06-23 12:51:40,983 | INFO | Buses fetched | count=6
2026-06-23 12:51:46,562 | INFO | Trains fetched | count=10
2026-06-23 12:51:46,576 | INFO | Trains fetched | count=10
2026-06-23 12:51:52,298 | INFO | Trains fetched | count=10
2026-06-23 12:51:52,312 | INFO | Trains fetched | count=10
2026-06-23 12:51:58,033 | INFO | Trains fetched | count=10
2026-06-23 12:51:58,046 | INFO | Trains fetched | count=10
2026-06-23 12:52:03,888 | INFO | Trains fetched | count=10
2026-06-23 12:52:03,919 | INFO | Trains fetched | count=10
2026-06-23 12:52:09,830 | INFO | Trains fetched | count=10
2026-06-23 12:52:09,844 | INFO | Trains fetched | count=10
2026-06-23 12:52:15,548 | INFO | Trains fetched | count=10
2026-06-23 12:52:15,559 | INFO | Trains fetched | count=10
2026-06-23 12:52:21,266 | INFO | Trains fetched | count=10
2026-06-23 12:52:21,276 | INFO | Trains fetched | count=10
2026-06-23 12:52:27,148 | INFO | Hotels fetched | count=8
2026-06-23 12:52:27,168 | INFO | Hotels fetched | count=8
2026-06-23 12:52:32,625 | INFO | Hotels fetched | count=8
2026-06-23 12:52:32,638 | INFO | Hotels fetched | count=8
2026-06-23 12:52:38,316 | INFO | Hotels fetched | count=8
2026-06-23 12:52:38,327 | INFO | Hotels fetched | count=8
2026-06-23 12:52:43,835 | INFO | Hotels fetched | count=8
2026-06-23 12:52:43,847 | INFO | Hotels fetched | count=8
2026-06-23 12:52:49,276 | INFO | Hotels fetched | count=8
2026-06-23 12:52:49,294 | INFO | Hotels fetched | count=8
2026-06-23 13:08:34,172 | INFO | Flights fetched
2026-06-23 13:08:34,270 | INFO | Flights fetched
2026-06-23 13:08:34,289 | INFO | Flights fetched
2026-06-23 13:08:37,307 | INFO | Flights fetched
2026-06-23 13:08:37,315 | INFO | Flights fetched
2026-06-23 13:08:39,951 | INFO | Buses fetched | count=6
2026-06-23 13:08:39,958 | INFO | Buses fetched | count=6
2026-06-23 13:08:42,229 | INFO | Trains fetched | count=10
2026-06-23 13:08:42,236 | INFO | Trains fetched | count=10
2026-06-23 13:08:44,700 | INFO | Hotels fetched | count=8
2026-06-23 13:08:44,706 | INFO | Hotels fetched | count=8
2026-06-23 13:08:47,197 | INFO | Flights fetched
2026-06-23 13:08:47,205 | INFO | Flights fetched
2026-06-23 13:08:52,724 | INFO | Flights fetched
2026-06-23 13:08:52,746 | INFO | Flights fetched
2026-06-23 13:08:58,319 | INFO | Flights fetched
2026-06-23 13:08:58,342 | INFO | Flights fetched
2026-06-23 13:09:04,025 | INFO | Flights fetched
2026-06-23 13:09:04,051 | INFO | Flights fetched
2026-06-23 13:09:09,518 | INFO | Flights fetched
2026-06-23 13:09:09,530 | INFO | Flights fetched
2026-06-23 13:09:15,301 | INFO | Flights fetched
2026-06-23 13:09:15,336 | INFO | Flights fetched
2026-06-23 13:09:20,972 | INFO | Flights fetched
2026-06-23 13:09:20,985 | INFO | Flights fetched
2026-06-23 13:09:26,462 | INFO | Buses fetched | count=6
2026-06-23 13:09:26,473 | INFO | Buses fetched | count=6
2026-06-23 13:09:32,038 | INFO | Buses fetched | count=6
2026-06-23 13:09:32,048 | INFO | Buses fetched | count=6
2026-06-23 13:09:37,654 | INFO | Buses fetched | count=6
2026-06-23 13:09:37,670 | INFO | Buses fetched | count=6
2026-06-23 13:09:43,333 | INFO | Buses fetched | count=6
2026-06-23 13:09:43,344 | INFO | Buses fetched | count=6
2026-06-23 13:09:49,060 | INFO | Buses fetched | count=6
2026-06-23 13:09:49,079 | INFO | Buses fetched | count=6
2026-06-23 13:09:54,579 | INFO | Buses fetched | count=6
2026-06-23 13:09:54,593 | INFO | Buses fetched | count=6
2026-06-23 13:10:00,384 | INFO | Buses fetched | count=6
2026-06-23 13:10:00,393 | INFO | Buses fetched | count=6
2026-06-23 13:10:06,056 | INFO | Trains fetched | count=10
2026-06-23 13:10:06,074 | INFO | Trains fetched | count=10
2026-06-23 13:10:11,552 | INFO | Trains fetched | count=10
2026-06-23 13:10:11,603 | INFO | Trains fetched | count=10
2026-06-23 13:10:17,132 | INFO | Trains fetched | count=10
2026-06-23 13:10:17,143 | INFO | Trains fetched | count=10
2026-06-23 13:10:22,805 | INFO | Trains fetched | count=10
2026-06-23 13:10:22,823 | INFO | Trains fetched | count=10
2026-06-23 13:10:28,495 | INFO | Trains fetched | count=10
2026-06-23 13:10:28,511 | INFO | Trains fetched | count=10
2026-06-23 13:10:34,029 | INFO | Trains fetched | count=10
2026-06-23 13:10:34,039 | INFO | Trains fetched | count=10
2026-06-23 13:10:39,526 | INFO | Trains fetched | count=10
2026-06-23 13:10:39,539 | INFO | Trains fetched | count=10
2026-06-23 13:10:45,114 | INFO | Hotels fetched | count=8
2026-06-23 13:10:45,123 | INFO | Hotels fetched | count=8
2026-06-23 13:10:50,773 | INFO | Hotels fetched | count=8
2026-06-23 13:10:50,787 | INFO | Hotels fetched | count=8
2026-06-23 13:10:56,464 | INFO | Hotels fetched | count=8
2026-06-23 13:10:56,495 | INFO | Hotels fetched | count=8
2026-06-23 13:11:01,912 | INFO | Hotels fetched | count=8
2026-06-23 13:11:01,933 | INFO | Hotels fetched | count=8
2026-06-23 13:11:07,320 | INFO | Hotels fetched | count=8
2026-06-23 13:11:07,340 | INFO | Hotels fetched | count=8
2026-06-23 13:55:47,085 | INFO | Flights fetched
2026-06-23 13:55:47,327 | INFO | Flights fetched
2026-06-23 13:55:47,338 | INFO | Flights fetched
2026-06-23 13:55:50,408 | INFO | Flights fetched
2026-06-23 13:55:50,424 | INFO | Flights fetched
2026-06-23 13:55:53,058 | INFO | Buses fetched | count=6
2026-06-23 13:55:53,066 | INFO | Buses fetched | count=6
2026-06-23 13:55:55,381 | INFO | Trains fetched | count=10
2026-06-23 13:55:55,392 | INFO | Trains fetched | count=10
2026-06-23 13:55:57,962 | INFO | Hotels fetched | count=8
2026-06-23 13:55:57,975 | INFO | Hotels fetched | count=8
2026-06-23 13:56:00,239 | INFO | Flights fetched
2026-06-23 13:56:00,246 | INFO | Flights fetched
2026-06-23 13:56:05,739 | INFO | Flights fetched
2026-06-23 13:56:05,749 | INFO | Flights fetched
2026-06-23 13:56:11,520 | INFO | Flights fetched
2026-06-23 13:56:11,531 | INFO | Flights fetched
2026-06-23 13:56:17,216 | INFO | Flights fetched
2026-06-23 13:56:17,225 | INFO | Flights fetched
2026-06-23 13:56:23,065 | INFO | Flights fetched
2026-06-23 13:56:23,076 | INFO | Flights fetched
2026-06-23 13:56:28,657 | INFO | Flights fetched
2026-06-23 13:56:28,668 | INFO | Flights fetched
2026-06-23 13:56:34,205 | INFO | Flights fetched
2026-06-23 13:56:34,220 | INFO | Flights fetched
2026-06-23 13:56:39,887 | INFO | Buses fetched | count=6
2026-06-23 13:56:39,902 | INFO | Buses fetched | count=6
2026-06-23 13:56:46,642 | INFO | Buses fetched | count=6
2026-06-23 13:56:46,659 | INFO | Buses fetched | count=6
2026-06-23 13:56:52,455 | INFO | Buses fetched | count=6
2026-06-23 13:56:52,483 | INFO | Buses fetched | count=6
2026-06-23 13:56:57,942 | INFO | Buses fetched | count=6
2026-06-23 13:56:57,954 | INFO | Buses fetched | count=6
2026-06-23 13:57:03,571 | INFO | Buses fetched | count=6
2026-06-23 13:57:03,582 | INFO | Buses fetched | count=6
2026-06-23 13:57:09,270 | INFO | Buses fetched | count=6
2026-06-23 13:57:09,282 | INFO | Buses fetched | count=6
2026-06-23 13:57:14,983 | INFO | Buses fetched | count=6
2026-06-23 13:57:15,004 | INFO | Buses fetched | count=6
2026-06-23 13:57:20,450 | INFO | Trains fetched | count=10
2026-06-23 13:57:20,463 | INFO | Trains fetched | count=10
2026-06-23 13:57:25,937 | INFO | Trains fetched | count=10
2026-06-23 13:57:25,946 | INFO | Trains fetched | count=10
2026-06-23 13:57:31,650 | INFO | Trains fetched | count=10
2026-06-23 13:57:31,661 | INFO | Trains fetched | count=10
2026-06-23 13:57:37,257 | INFO | Trains fetched | count=10
2026-06-23 13:57:37,274 | INFO | Trains fetched | count=10
2026-06-23 13:57:42,959 | INFO | Trains fetched | count=10
2026-06-23 13:57:43,020 | INFO | Trains fetched | count=10
2026-06-23 13:57:48,813 | INFO | Trains fetched | count=10
2026-06-23 13:57:48,832 | INFO | Trains fetched | count=10
2026-06-23 13:57:54,289 | INFO | Trains fetched | count=10
2026-06-23 13:57:54,319 | INFO | Trains fetched | count=10
2026-06-23 13:57:59,862 | INFO | Hotels fetched | count=8
2026-06-23 13:57:59,872 | INFO | Hotels fetched | count=8
2026-06-23 13:58:05,481 | INFO | Hotels fetched | count=8
2026-06-23 13:58:05,490 | INFO | Hotels fetched | count=8
2026-06-23 13:58:11,024 | INFO | Hotels fetched | count=8
2026-06-23 13:58:11,045 | INFO | Hotels fetched | count=8
2026-06-23 13:58:16,705 | INFO | Hotels fetched | count=8
2026-06-23 13:58:16,733 | INFO | Hotels fetched | count=8
2026-06-23 13:58:22,321 | INFO | Hotels fetched | count=8
2026-06-23 13:58:22,331 | INFO | Hotels fetched | count=8
2026-06-23 13:59:33,983 | INFO | Flights fetched
2026-06-23 13:59:33,994 | INFO | Flights fetched
2026-06-23 13:59:34,585 | INFO | Flights fetched
2026-06-23 13:59:34,594 | INFO | Flights fetched
2026-06-23 13:59:35,377 | INFO | Bookings fetched | count=0
2026-06-23 13:59:35,383 | INFO | Bookings fetched | count=0
2026-06-23 13:59:35,432 | INFO | Hotel bookings fetched | count=0
2026-06-23 13:59:35,439 | INFO | Hotel bookings fetched | count=0
2026-06-23 14:53:41,065 | INFO | Flights fetched
2026-06-23 14:53:41,072 | INFO | Flights fetched
2026-06-23 14:53:41,618 | INFO | Flights fetched
2026-06-23 14:53:41,623 | INFO | Flights fetched
2026-06-23 14:53:44,010 | INFO | Buses fetched | count=6
2026-06-23 14:53:44,018 | INFO | Buses fetched | count=6
2026-06-23 14:53:46,075 | INFO | Trains fetched | count=10
2026-06-23 14:53:46,080 | INFO | Trains fetched | count=10
2026-06-23 14:53:48,260 | INFO | Hotels fetched | count=8
2026-06-23 14:53:48,266 | INFO | Hotels fetched | count=8
2026-06-23 14:53:50,438 | INFO | Flights fetched
2026-06-23 14:53:50,454 | INFO | Flights fetched
2026-06-23 14:53:55,766 | INFO | Flights fetched
2026-06-23 14:53:55,776 | INFO | Flights fetched
2026-06-23 14:54:01,335 | INFO | Flights fetched
2026-06-23 14:54:01,339 | INFO | Flights fetched
2026-06-23 14:54:06,618 | INFO | Flights fetched
2026-06-23 14:54:06,622 | INFO | Flights fetched
2026-06-23 14:54:11,884 | INFO | Flights fetched
2026-06-23 14:54:11,889 | INFO | Flights fetched
2026-06-23 14:54:17,142 | INFO | Flights fetched
2026-06-23 14:54:17,147 | INFO | Flights fetched
2026-06-23 14:54:22,410 | INFO | Flights fetched
2026-06-23 14:54:22,417 | INFO | Flights fetched
2026-06-23 14:54:27,658 | INFO | Buses fetched | count=6
2026-06-23 14:54:27,663 | INFO | Buses fetched | count=6
2026-06-23 14:54:32,889 | INFO | Buses fetched | count=6
2026-06-23 14:54:32,894 | INFO | Buses fetched | count=6
2026-06-23 14:54:38,123 | INFO | Buses fetched | count=6
2026-06-23 14:54:38,128 | INFO | Buses fetched | count=6
2026-06-23 14:54:43,354 | INFO | Buses fetched | count=6
2026-06-23 14:54:43,359 | INFO | Buses fetched | count=6
2026-06-23 14:54:48,641 | INFO | Buses fetched | count=6
2026-06-23 14:54:48,646 | INFO | Buses fetched | count=6
2026-06-23 14:54:53,906 | INFO | Buses fetched | count=6
2026-06-23 14:54:53,916 | INFO | Buses fetched | count=6
2026-06-23 14:54:59,158 | INFO | Buses fetched | count=6
2026-06-23 14:54:59,163 | INFO | Buses fetched | count=6
2026-06-23 14:55:04,423 | INFO | Trains fetched | count=10
2026-06-23 14:55:04,430 | INFO | Trains fetched | count=10
2026-06-23 14:55:09,635 | INFO | Trains fetched | count=10
2026-06-23 14:55:09,640 | INFO | Trains fetched | count=10
2026-06-23 14:55:14,916 | INFO | Trains fetched | count=10
2026-06-23 14:55:14,923 | INFO | Trains fetched | count=10
2026-06-23 14:55:20,173 | INFO | Trains fetched | count=10
2026-06-23 14:55:20,179 | INFO | Trains fetched | count=10
2026-06-23 14:55:25,423 | INFO | Trains fetched | count=10
2026-06-23 14:55:25,428 | INFO | Trains fetched | count=10
2026-06-23 14:55:30,692 | INFO | Trains fetched | count=10
2026-06-23 14:55:30,701 | INFO | Trains fetched | count=10
2026-06-23 14:55:35,931 | INFO | Trains fetched | count=10
2026-06-23 14:55:35,937 | INFO | Trains fetched | count=10
2026-06-23 14:55:41,184 | INFO | Hotels fetched | count=8
2026-06-23 14:55:41,190 | INFO | Hotels fetched | count=8
2026-06-23 14:55:46,426 | INFO | Hotels fetched | count=8
2026-06-23 14:55:46,431 | INFO | Hotels fetched | count=8
2026-06-23 14:55:51,692 | INFO | Hotels fetched | count=8
2026-06-23 14:55:51,697 | INFO | Hotels fetched | count=8
2026-06-23 14:55:56,912 | INFO | Hotels fetched | count=8
2026-06-23 14:55:56,919 | INFO | Hotels fetched | count=8
2026-06-23 14:56:02,128 | INFO | Hotels fetched | count=8
2026-06-23 14:56:02,133 | INFO | Hotels fetched | count=8
2026-06-23 15:06:22,244 | INFO | Flights fetched
2026-06-23 15:06:22,250 | INFO | Flights fetched
2026-06-23 15:06:26,389 | INFO | Flights fetched
2026-06-23 15:06:26,394 | INFO | Flights fetched
2026-06-23 15:06:28,589 | INFO | Buses fetched | count=6
2026-06-23 15:06:28,592 | INFO | Buses fetched | count=6
2026-06-23 15:06:30,806 | INFO | Trains fetched | count=10
2026-06-23 15:06:30,811 | INFO | Trains fetched | count=10
2026-06-23 15:06:32,968 | INFO | Hotels fetched | count=8
2026-06-23 15:06:32,974 | INFO | Hotels fetched | count=8
2026-06-23 15:06:35,880 | INFO | Flights fetched
2026-06-23 15:06:35,884 | INFO | Flights fetched
2026-06-23 15:06:41,136 | INFO | Flights fetched
2026-06-23 15:06:41,143 | INFO | Flights fetched
2026-06-23 15:06:46,413 | INFO | Flights fetched
2026-06-23 15:06:46,418 | INFO | Flights fetched
2026-06-23 15:06:51,666 | INFO | Flights fetched
2026-06-23 15:06:51,671 | INFO | Flights fetched
2026-06-23 15:06:56,895 | INFO | Flights fetched
2026-06-23 15:06:56,900 | INFO | Flights fetched
2026-06-23 15:07:02,147 | INFO | Flights fetched
2026-06-23 15:07:02,153 | INFO | Flights fetched
2026-06-23 15:07:07,412 | INFO | Flights fetched
2026-06-23 15:07:07,416 | INFO | Flights fetched
2026-06-23 15:07:12,637 | INFO | Buses fetched | count=6
2026-06-23 15:07:12,642 | INFO | Buses fetched | count=6
2026-06-23 15:07:17,856 | INFO | Buses fetched | count=6
2026-06-23 15:07:17,862 | INFO | Buses fetched | count=6
2026-06-23 15:07:23,055 | INFO | Buses fetched | count=6
2026-06-23 15:07:23,060 | INFO | Buses fetched | count=6
2026-06-23 15:07:28,356 | INFO | Buses fetched | count=6
2026-06-23 15:07:28,361 | INFO | Buses fetched | count=6
2026-06-23 15:07:33,627 | INFO | Buses fetched | count=6
2026-06-23 15:07:33,633 | INFO | Buses fetched | count=6
2026-06-23 15:07:38,859 | INFO | Buses fetched | count=6
2026-06-23 15:07:38,864 | INFO | Buses fetched | count=6
2026-06-23 15:07:44,103 | INFO | Buses fetched | count=6
2026-06-23 15:07:44,109 | INFO | Buses fetched | count=6
2026-06-23 15:07:49,355 | INFO | Trains fetched | count=10
2026-06-23 15:07:49,360 | INFO | Trains fetched | count=10
2026-06-23 15:07:54,587 | INFO | Trains fetched | count=10
2026-06-23 15:07:54,595 | INFO | Trains fetched | count=10
2026-06-23 15:07:59,850 | INFO | Trains fetched | count=10
2026-06-23 15:07:59,855 | INFO | Trains fetched | count=10
2026-06-23 15:08:05,085 | INFO | Trains fetched | count=10
2026-06-23 15:08:05,090 | INFO | Trains fetched | count=10
2026-06-23 15:08:10,326 | INFO | Trains fetched | count=10
2026-06-23 15:08:10,331 | INFO | Trains fetched | count=10
2026-06-23 15:08:15,565 | INFO | Trains fetched | count=10
2026-06-23 15:08:15,572 | INFO | Trains fetched | count=10
2026-06-23 15:08:20,796 | INFO | Trains fetched | count=10
2026-06-23 15:08:20,801 | INFO | Trains fetched | count=10
2026-06-23 15:08:26,359 | INFO | Hotels fetched | count=8
2026-06-23 15:08:26,365 | INFO | Hotels fetched | count=8
2026-06-23 15:08:31,584 | INFO | Hotels fetched | count=8
2026-06-23 15:08:31,590 | INFO | Hotels fetched | count=8
2026-06-23 15:08:36,819 | INFO | Hotels fetched | count=8
2026-06-23 15:08:36,825 | INFO | Hotels fetched | count=8
2026-06-23 15:08:42,085 | INFO | Hotels fetched | count=8
2026-06-23 15:08:42,089 | INFO | Hotels fetched | count=8
2026-06-23 15:08:47,299 | INFO | Hotels fetched | count=8
2026-06-23 15:08:47,304 | INFO | Hotels fetched | count=8
2026-06-23 15:28:23,400 | INFO | Flights fetched
2026-06-23 15:28:23,409 | INFO | Flights fetched
2026-06-23 15:28:26,429 | INFO | Flights fetched
2026-06-23 15:28:26,437 | INFO | Flights fetched
2026-06-23 15:28:28,822 | INFO | Buses fetched | count=6
2026-06-23 15:28:28,828 | INFO | Buses fetched | count=6
2026-06-23 15:28:31,007 | INFO | Trains fetched | count=10
2026-06-23 15:28:31,016 | INFO | Trains fetched | count=10
2026-06-23 15:28:33,384 | INFO | Hotels fetched | count=8
2026-06-23 15:28:33,392 | INFO | Hotels fetched | count=8
2026-06-23 15:28:35,563 | INFO | Flights fetched
2026-06-23 15:28:35,570 | INFO | Flights fetched
2026-06-23 15:28:40,814 | INFO | Flights fetched
2026-06-23 15:28:40,826 | INFO | Flights fetched
2026-06-23 15:28:46,034 | INFO | Flights fetched
2026-06-23 15:28:46,038 | INFO | Flights fetched
2026-06-23 15:28:51,245 | INFO | Flights fetched
2026-06-23 15:28:51,249 | INFO | Flights fetched
2026-06-23 15:28:56,478 | INFO | Flights fetched
2026-06-23 15:28:56,483 | INFO | Flights fetched
2026-06-23 15:29:01,708 | INFO | Flights fetched
2026-06-23 15:29:01,715 | INFO | Flights fetched
2026-06-23 15:29:06,959 | INFO | Flights fetched
2026-06-23 15:29:06,965 | INFO | Flights fetched
2026-06-23 15:29:12,196 | INFO | Buses fetched | count=6
2026-06-23 15:29:12,202 | INFO | Buses fetched | count=6
2026-06-23 15:29:17,408 | INFO | Buses fetched | count=6
2026-06-23 15:29:17,417 | INFO | Buses fetched | count=6
2026-06-23 15:29:22,618 | INFO | Buses fetched | count=6
2026-06-23 15:29:22,622 | INFO | Buses fetched | count=6
2026-06-23 15:29:27,841 | INFO | Buses fetched | count=6
2026-06-23 15:29:27,846 | INFO | Buses fetched | count=6
2026-06-23 15:29:33,056 | INFO | Buses fetched | count=6
2026-06-23 15:29:33,063 | INFO | Buses fetched | count=6
2026-06-23 15:29:38,290 | INFO | Buses fetched | count=6
2026-06-23 15:29:38,297 | INFO | Buses fetched | count=6
2026-06-23 15:29:43,518 | INFO | Buses fetched | count=6
2026-06-23 15:29:43,523 | INFO | Buses fetched | count=6
2026-06-23 15:29:48,772 | INFO | Trains fetched | count=10
2026-06-23 15:29:48,778 | INFO | Trains fetched | count=10
2026-06-23 15:29:54,031 | INFO | Trains fetched | count=10
2026-06-23 15:29:54,038 | INFO | Trains fetched | count=10
2026-06-23 15:29:59,284 | INFO | Trains fetched | count=10
2026-06-23 15:29:59,291 | INFO | Trains fetched | count=10
2026-06-23 15:30:04,531 | INFO | Trains fetched | count=10
2026-06-23 15:30:04,537 | INFO | Trains fetched | count=10
2026-06-23 15:30:09,738 | INFO | Trains fetched | count=10
2026-06-23 15:30:09,743 | INFO | Trains fetched | count=10
2026-06-23 15:30:14,978 | INFO | Trains fetched | count=10
2026-06-23 15:30:14,983 | INFO | Trains fetched | count=10
2026-06-23 15:30:20,220 | INFO | Trains fetched | count=10
2026-06-23 15:30:20,228 | INFO | Trains fetched | count=10
2026-06-23 15:30:25,474 | INFO | Hotels fetched | count=8
2026-06-23 15:30:25,486 | INFO | Hotels fetched | count=8
2026-06-23 15:30:30,690 | INFO | Hotels fetched | count=8
2026-06-23 15:30:30,698 | INFO | Hotels fetched | count=8
2026-06-23 15:30:35,901 | INFO | Hotels fetched | count=8
2026-06-23 15:30:35,910 | INFO | Hotels fetched | count=8
2026-06-23 15:30:41,135 | INFO | Hotels fetched | count=8
2026-06-23 15:30:41,143 | INFO | Hotels fetched | count=8
2026-06-23 15:30:46,346 | INFO | Hotels fetched | count=8
2026-06-23 15:30:46,352 | INFO | Hotels fetched | count=8
2026-06-23 15:42:58,930 | INFO | Flights fetched
2026-06-23 15:42:58,940 | INFO | Flights fetched
2026-06-23 15:43:01,860 | INFO | Flights fetched
2026-06-23 15:43:01,865 | INFO | Flights fetched
2026-06-23 15:43:04,148 | INFO | Buses fetched | count=6
2026-06-23 15:43:04,153 | INFO | Buses fetched | count=6
2026-06-23 15:43:06,277 | INFO | Trains fetched | count=10
2026-06-23 15:43:06,282 | INFO | Trains fetched | count=10
2026-06-23 15:43:08,426 | INFO | Hotels fetched | count=8
2026-06-23 15:43:08,429 | INFO | Hotels fetched | count=8
2026-06-23 15:43:10,599 | INFO | Flights fetched
2026-06-23 15:43:10,606 | INFO | Flights fetched
2026-06-23 15:43:15,886 | INFO | Flights fetched
2026-06-23 15:43:15,893 | INFO | Flights fetched
2026-06-23 15:43:21,144 | INFO | Flights fetched
2026-06-23 15:43:21,148 | INFO | Flights fetched
2026-06-23 15:43:26,389 | INFO | Flights fetched
2026-06-23 15:43:26,394 | INFO | Flights fetched
2026-06-23 15:43:31,655 | INFO | Flights fetched
2026-06-23 15:43:31,661 | INFO | Flights fetched
2026-06-23 15:43:36,874 | INFO | Flights fetched
2026-06-23 15:43:36,879 | INFO | Flights fetched
2026-06-23 15:43:42,129 | INFO | Flights fetched
2026-06-23 15:43:42,138 | INFO | Flights fetched
2026-06-23 15:43:47,373 | INFO | Flights fetched
2026-06-23 15:43:47,380 | INFO | Flights fetched
2026-06-23 15:43:49,512 | INFO | Flights fetched
2026-06-23 15:43:49,518 | INFO | Flights fetched
2026-06-23 15:43:51,657 | INFO | Flights fetched
2026-06-23 15:43:51,663 | INFO | Flights fetched
2026-06-23 15:43:53,767 | INFO | Flights fetched
2026-06-23 15:43:53,771 | INFO | Flights fetched
2026-06-23 15:43:55,916 | INFO | Bookings fetched | count=0
2026-06-23 15:43:55,921 | INFO | Bookings fetched | count=0
2026-06-23 15:43:55,945 | INFO | Hotel bookings fetched | count=0
2026-06-23 15:43:55,950 | INFO | Hotel bookings fetched | count=0
2026-06-23 15:43:57,991 | INFO | Flights fetched
2026-06-23 15:43:57,996 | INFO | Flights fetched
2026-06-23 15:44:03,180 | INFO | Buses fetched | count=6
2026-06-23 15:44:03,186 | INFO | Buses fetched | count=6
2026-06-23 15:44:08,400 | INFO | Buses fetched | count=6
2026-06-23 15:44:08,405 | INFO | Buses fetched | count=6
2026-06-23 15:44:13,606 | INFO | Buses fetched | count=6
2026-06-23 15:44:13,612 | INFO | Buses fetched | count=6
2026-06-23 15:44:18,849 | INFO | Buses fetched | count=6
2026-06-23 15:44:18,855 | INFO | Buses fetched | count=6
2026-06-23 15:44:24,125 | INFO | Buses fetched | count=6
2026-06-23 15:44:24,131 | INFO | Buses fetched | count=6
2026-06-23 15:44:29,314 | INFO | Buses fetched | count=6
2026-06-23 15:44:29,321 | INFO | Buses fetched | count=6
2026-06-23 15:44:34,566 | INFO | Buses fetched | count=6
2026-06-23 15:44:34,578 | INFO | Buses fetched | count=6
2026-06-23 15:44:39,788 | INFO | Buses fetched | count=6
2026-06-23 15:44:39,799 | INFO | Buses fetched | count=6
2026-06-23 15:44:41,919 | INFO | Buses fetched | count=6
2026-06-23 15:44:41,925 | INFO | Buses fetched | count=6
2026-06-23 15:44:44,079 | INFO | Buses fetched | count=6
2026-06-23 15:44:44,083 | INFO | Buses fetched | count=6
2026-06-23 15:44:46,187 | INFO | Buses fetched | count=6
2026-06-23 15:44:46,193 | INFO | Buses fetched | count=6
2026-06-23 15:44:48,313 | INFO | Bookings fetched | count=0
2026-06-23 15:44:48,318 | INFO | Bookings fetched | count=0
2026-06-23 15:44:48,335 | INFO | Hotel bookings fetched | count=0
2026-06-23 15:44:48,340 | INFO | Hotel bookings fetched | count=0
2026-06-23 15:44:50,394 | INFO | Buses fetched | count=6
2026-06-23 15:44:50,398 | INFO | Buses fetched | count=6
2026-06-23 15:44:55,662 | INFO | Trains fetched | count=10
2026-06-23 15:44:55,670 | INFO | Trains fetched | count=10
2026-06-23 15:45:00,902 | INFO | Trains fetched | count=10
2026-06-23 15:45:00,911 | INFO | Trains fetched | count=10
2026-06-23 15:45:06,127 | INFO | Trains fetched | count=10
2026-06-23 15:45:06,133 | INFO | Trains fetched | count=10
2026-06-23 15:45:11,415 | INFO | Trains fetched | count=10
2026-06-23 15:45:11,428 | INFO | Trains fetched | count=10
2026-06-23 15:45:16,735 | INFO | Trains fetched | count=10
2026-06-23 15:45:16,741 | INFO | Trains fetched | count=10
2026-06-23 15:45:21,965 | INFO | Trains fetched | count=10
2026-06-23 15:45:21,977 | INFO | Trains fetched | count=10
2026-06-23 15:45:27,573 | INFO | Trains fetched | count=10
2026-06-23 15:45:27,582 | INFO | Trains fetched | count=10
2026-06-23 15:45:32,876 | INFO | Trains fetched | count=10
2026-06-23 15:45:32,881 | INFO | Trains fetched | count=10
2026-06-23 15:45:35,045 | INFO | Trains fetched | count=10
2026-06-23 15:45:35,048 | INFO | Trains fetched | count=10
2026-06-23 15:45:37,220 | INFO | Trains fetched | count=10
2026-06-23 15:45:37,224 | INFO | Trains fetched | count=10
2026-06-23 15:45:39,381 | INFO | Trains fetched | count=10
2026-06-23 15:45:39,386 | INFO | Trains fetched | count=10
2026-06-23 15:45:41,530 | INFO | Bookings fetched | count=0
2026-06-23 15:45:41,535 | INFO | Bookings fetched | count=0
2026-06-23 15:45:41,550 | INFO | Hotel bookings fetched | count=0
2026-06-23 15:45:41,554 | INFO | Hotel bookings fetched | count=0
2026-06-23 15:45:43,595 | INFO | Trains fetched | count=10
2026-06-23 15:45:43,600 | INFO | Trains fetched | count=10
2026-06-23 15:45:48,831 | INFO | Hotels fetched | count=8
2026-06-23 15:45:48,837 | INFO | Hotels fetched | count=8
2026-06-23 15:45:54,025 | INFO | Hotels fetched | count=8
2026-06-23 15:45:54,028 | INFO | Hotels fetched | count=8
2026-06-23 15:45:59,238 | INFO | Hotels fetched | count=8
2026-06-23 15:45:59,242 | INFO | Hotels fetched | count=8
2026-06-23 15:46:04,777 | INFO | Hotels fetched | count=8
2026-06-23 15:46:04,782 | INFO | Hotels fetched | count=8
2026-06-23 15:46:10,016 | INFO | Hotels fetched | count=8
2026-06-23 15:46:10,023 | INFO | Hotels fetched | count=8
2026-06-23 15:46:15,242 | INFO | Hotels fetched | count=8
2026-06-23 15:46:15,249 | INFO | Hotels fetched | count=8
2026-06-23 15:46:17,352 | INFO | Hotels fetched | count=8
2026-06-23 15:46:17,357 | INFO | Hotels fetched | count=8
2026-06-23 15:46:19,471 | INFO | Hotels fetched | count=8
2026-06-23 15:46:19,476 | INFO | Hotels fetched | count=8
2026-06-23 15:46:21,591 | INFO | Hotels fetched | count=8
2026-06-23 15:46:21,598 | INFO | Hotels fetched | count=8
2026-06-23 15:46:23,688 | INFO | Bookings fetched | count=0
2026-06-23 15:46:23,691 | INFO | Bookings fetched | count=0
2026-06-23 15:46:23,707 | INFO | Hotel bookings fetched | count=0
2026-06-23 15:46:23,711 | INFO | Hotel bookings fetched | count=0
2026-06-23 15:46:25,764 | INFO | Hotels fetched | count=8
2026-06-23 15:46:25,768 | INFO | Hotels fetched | count=8
2026-06-24 09:03:20,998 | INFO | Flights fetched
2026-06-24 09:03:21,008 | INFO | Flights fetched
2026-06-24 09:03:24,015 | INFO | Flights fetched
2026-06-24 09:03:24,185 | INFO | Flights fetched
2026-06-24 09:03:26,839 | INFO | Buses fetched | count=6
2026-06-24 09:03:26,844 | INFO | Buses fetched | count=6
2026-06-24 09:03:28,985 | INFO | Trains fetched | count=10
2026-06-24 09:03:28,992 | INFO | Trains fetched | count=10
2026-06-24 09:03:31,332 | INFO | Hotels fetched | count=8
2026-06-24 09:03:31,338 | INFO | Hotels fetched | count=8
2026-06-24 09:03:33,523 | INFO | Flights fetched
2026-06-24 09:03:33,531 | INFO | Flights fetched
2026-06-24 09:03:39,325 | INFO | Flights fetched
2026-06-24 09:03:39,333 | INFO | Flights fetched
2026-06-24 09:03:44,848 | INFO | Flights fetched
2026-06-24 09:03:44,867 | INFO | Flights fetched
2026-06-24 09:03:50,479 | INFO | Flights fetched
2026-06-24 09:03:50,487 | INFO | Flights fetched
2026-06-24 09:03:55,999 | INFO | Flights fetched
2026-06-24 09:03:56,016 | INFO | Flights fetched
2026-06-24 09:04:01,370 | INFO | Flights fetched
2026-06-24 09:04:01,379 | INFO | Flights fetched
2026-06-24 09:04:06,814 | INFO | Flights fetched
2026-06-24 09:04:06,824 | INFO | Flights fetched
2026-06-24 09:04:12,200 | INFO | Flights fetched
2026-06-24 09:04:12,208 | INFO | Flights fetched
2026-06-24 09:04:14,709 | INFO | Flights fetched
2026-06-24 09:04:14,714 | INFO | Flights fetched
2026-06-24 09:04:16,959 | INFO | Flights fetched
2026-06-24 09:04:16,966 | INFO | Flights fetched
2026-06-24 09:04:19,199 | INFO | Flights fetched
2026-06-24 09:04:19,206 | INFO | Flights fetched
2026-06-24 09:04:21,511 | INFO | Bookings fetched | count=0
2026-06-24 09:04:21,517 | INFO | Bookings fetched | count=0
2026-06-24 09:04:21,549 | INFO | Hotel bookings fetched | count=0
2026-06-24 09:04:21,556 | INFO | Hotel bookings fetched | count=0
2026-06-24 09:04:23,578 | INFO | Flights fetched
2026-06-24 09:04:23,586 | INFO | Flights fetched
2026-06-24 09:04:29,284 | INFO | Buses fetched | count=6
2026-06-24 09:04:29,300 | INFO | Buses fetched | count=6
2026-06-24 09:04:34,690 | INFO | Buses fetched | count=6
2026-06-24 09:04:34,698 | INFO | Buses fetched | count=6
2026-06-24 09:04:40,183 | INFO | Buses fetched | count=6
2026-06-24 09:04:40,192 | INFO | Buses fetched | count=6
2026-06-24 09:04:45,609 | INFO | Buses fetched | count=6
2026-06-24 09:04:45,617 | INFO | Buses fetched | count=6
2026-06-24 09:04:51,000 | INFO | Buses fetched | count=6
2026-06-24 09:04:51,009 | INFO | Buses fetched | count=6
2026-06-24 09:04:56,688 | INFO | Buses fetched | count=6
2026-06-24 09:04:56,697 | INFO | Buses fetched | count=6
2026-06-24 09:05:02,151 | INFO | Buses fetched | count=6
2026-06-24 09:05:02,160 | INFO | Buses fetched | count=6
2026-06-24 09:05:07,602 | INFO | Buses fetched | count=6
2026-06-24 09:05:07,611 | INFO | Buses fetched | count=6
2026-06-24 09:05:09,838 | INFO | Buses fetched | count=6
2026-06-24 09:05:09,845 | INFO | Buses fetched | count=6
2026-06-24 09:05:12,272 | INFO | Buses fetched | count=6
2026-06-24 09:05:12,281 | INFO | Buses fetched | count=6
2026-06-24 09:05:14,536 | INFO | Buses fetched | count=6
2026-06-24 09:05:14,544 | INFO | Buses fetched | count=6
2026-06-24 09:05:16,754 | INFO | Bookings fetched | count=0
2026-06-24 09:05:16,761 | INFO | Bookings fetched | count=0
2026-06-24 09:05:16,788 | INFO | Hotel bookings fetched | count=0
2026-06-24 09:05:16,795 | INFO | Hotel bookings fetched | count=0
2026-06-24 09:05:18,864 | INFO | Buses fetched | count=6
2026-06-24 09:05:18,870 | INFO | Buses fetched | count=6
2026-06-24 09:05:24,254 | INFO | Trains fetched | count=10
2026-06-24 09:05:24,267 | INFO | Trains fetched | count=10
2026-06-24 09:05:29,656 | INFO | Trains fetched | count=10
2026-06-24 09:05:29,669 | INFO | Trains fetched | count=10
2026-06-24 09:05:35,194 | INFO | Trains fetched | count=10
2026-06-24 09:05:35,206 | INFO | Trains fetched | count=10
2026-06-24 09:05:40,576 | INFO | Trains fetched | count=10
2026-06-24 09:05:40,585 | INFO | Trains fetched | count=10
2026-06-24 09:05:46,015 | INFO | Trains fetched | count=10
2026-06-24 09:05:46,025 | INFO | Trains fetched | count=10
2026-06-24 09:05:51,805 | INFO | Trains fetched | count=10
2026-06-24 09:05:51,813 | INFO | Trains fetched | count=10
2026-06-24 09:05:57,382 | INFO | Trains fetched | count=10
2026-06-24 09:05:57,392 | INFO | Trains fetched | count=10
2026-06-24 09:06:02,943 | INFO | Trains fetched | count=10
2026-06-24 09:06:02,962 | INFO | Trains fetched | count=10
2026-06-24 09:06:05,144 | INFO | Trains fetched | count=10
2026-06-24 09:06:05,153 | INFO | Trains fetched | count=10
2026-06-24 09:06:07,599 | INFO | Trains fetched | count=10
2026-06-24 09:06:07,611 | INFO | Trains fetched | count=10
2026-06-24 09:06:09,843 | INFO | Trains fetched | count=10
2026-06-24 09:06:09,850 | INFO | Trains fetched | count=10
2026-06-24 09:06:12,283 | INFO | Bookings fetched | count=0
2026-06-24 09:06:12,290 | INFO | Bookings fetched | count=0
2026-06-24 09:06:12,315 | INFO | Hotel bookings fetched | count=0
2026-06-24 09:06:12,323 | INFO | Hotel bookings fetched | count=0
2026-06-24 09:06:14,392 | INFO | Trains fetched | count=10
2026-06-24 09:06:14,397 | INFO | Trains fetched | count=10
2026-06-24 09:06:19,776 | INFO | Hotels fetched | count=8
2026-06-24 09:06:19,787 | INFO | Hotels fetched | count=8
2026-06-24 09:06:25,356 | INFO | Hotels fetched | count=8
2026-06-24 09:06:25,364 | INFO | Hotels fetched | count=8
2026-06-24 09:06:30,791 | INFO | Hotels fetched | count=8
2026-06-24 09:06:30,802 | INFO | Hotels fetched | count=8
2026-06-24 09:06:36,141 | INFO | Hotels fetched | count=8
2026-06-24 09:06:36,150 | INFO | Hotels fetched | count=8
2026-06-24 09:06:41,473 | INFO | Hotels fetched | count=8
2026-06-24 09:06:41,482 | INFO | Hotels fetched | count=8
2026-06-24 09:06:47,078 | INFO | Hotels fetched | count=8
2026-06-24 09:06:47,087 | INFO | Hotels fetched | count=8
2026-06-24 09:06:49,285 | INFO | Hotels fetched | count=8
2026-06-24 09:06:49,291 | INFO | Hotels fetched | count=8
2026-06-24 09:06:51,496 | INFO | Hotels fetched | count=8
2026-06-24 09:06:51,503 | INFO | Hotels fetched | count=8
2026-06-24 09:06:53,666 | INFO | Hotels fetched | count=8
2026-06-24 09:06:53,673 | INFO | Hotels fetched | count=8
2026-06-24 09:06:55,853 | INFO | Bookings fetched | count=0
2026-06-24 09:06:55,862 | INFO | Bookings fetched | count=0
2026-06-24 09:06:55,890 | INFO | Hotel bookings fetched | count=0
2026-06-24 09:06:55,897 | INFO | Hotel bookings fetched | count=0
2026-06-24 09:06:58,112 | INFO | Hotels fetched | count=8
2026-06-24 09:06:58,126 | INFO | Hotels fetched | count=8
2026-06-24 09:34:33,186 | INFO | Flights fetched
2026-06-24 09:34:33,197 | INFO | Flights fetched
2026-06-24 09:34:36,164 | INFO | Flights fetched
2026-06-24 09:34:36,175 | INFO | Flights fetched
2026-06-24 09:34:38,602 | INFO | Buses fetched | count=6
2026-06-24 09:34:38,610 | INFO | Buses fetched | count=6
2026-06-24 09:34:40,825 | INFO | Trains fetched | count=10
2026-06-24 09:34:40,830 | INFO | Trains fetched | count=10
2026-06-24 09:34:43,117 | INFO | Hotels fetched | count=8
2026-06-24 09:34:43,122 | INFO | Hotels fetched | count=8
2026-06-24 09:34:45,493 | INFO | Flights fetched
2026-06-24 09:34:45,499 | INFO | Flights fetched
2026-06-24 09:34:50,938 | INFO | Flights fetched
2026-06-24 09:34:50,950 | INFO | Flights fetched
2026-06-24 09:34:53,287 | INFO | Flights fetched
2026-06-24 09:34:53,295 | INFO | Flights fetched
2026-06-24 09:34:55,728 | INFO | Flights fetched
2026-06-24 09:34:55,734 | INFO | Flights fetched
2026-06-24 09:34:58,039 | INFO | Bookings fetched | count=0
2026-06-24 09:34:58,045 | INFO | Bookings fetched | count=0
2026-06-24 09:34:58,076 | INFO | Hotel bookings fetched | count=0
2026-06-24 09:34:58,082 | INFO | Hotel bookings fetched | count=0
2026-06-24 09:35:01,222 | INFO | Flights fetched
2026-06-24 09:35:01,228 | INFO | Flights fetched
2026-06-24 09:35:06,694 | INFO | Flights fetched
2026-06-24 09:35:06,701 | INFO | Flights fetched
2026-06-24 09:35:12,298 | INFO | Flights fetched
2026-06-24 09:35:12,315 | INFO | Flights fetched
2026-06-24 09:35:17,708 | INFO | Flights fetched
2026-06-24 09:35:17,715 | INFO | Flights fetched
2026-06-24 09:35:23,208 | INFO | Flights fetched
2026-06-24 09:35:23,216 | INFO | Flights fetched
2026-06-24 09:35:28,648 | INFO | Flights fetched
2026-06-24 09:35:28,657 | INFO | Flights fetched
2026-06-24 09:35:34,139 | INFO | Flights fetched
2026-06-24 09:35:34,147 | INFO | Flights fetched
2026-06-24 09:35:36,416 | INFO | Flights fetched
2026-06-24 09:35:36,423 | INFO | Flights fetched
2026-06-24 09:35:38,789 | INFO | Flights fetched
2026-06-24 09:35:38,797 | INFO | Flights fetched
2026-06-24 09:35:41,029 | INFO | Flights fetched
2026-06-24 09:35:41,037 | INFO | Flights fetched
2026-06-24 09:35:43,286 | INFO | Flights fetched
2026-06-24 09:35:43,293 | INFO | Flights fetched
2026-06-24 09:35:45,765 | INFO | Bookings fetched | count=0
2026-06-24 09:35:45,772 | INFO | Bookings fetched | count=0
2026-06-24 09:35:45,805 | INFO | Hotel bookings fetched | count=0
2026-06-24 09:35:45,810 | INFO | Hotel bookings fetched | count=0
2026-06-24 09:35:48,877 | INFO | Flights fetched
2026-06-24 09:35:48,884 | INFO | Flights fetched
2026-06-24 09:35:54,424 | INFO | Buses fetched | count=6
2026-06-24 09:35:54,441 | INFO | Buses fetched | count=6
2026-06-24 09:35:59,958 | INFO | Buses fetched | count=6
2026-06-24 09:35:59,976 | INFO | Buses fetched | count=6
2026-06-24 09:36:02,182 | INFO | Buses fetched | count=6
2026-06-24 09:36:02,189 | INFO | Buses fetched | count=6
2026-06-24 09:36:04,600 | INFO | Buses fetched | count=6
2026-06-24 09:36:04,613 | INFO | Buses fetched | count=6
2026-06-24 09:36:06,841 | INFO | Bookings fetched | count=0
2026-06-24 09:36:06,848 | INFO | Bookings fetched | count=0
2026-06-24 09:36:06,875 | INFO | Hotel bookings fetched | count=0
2026-06-24 09:36:06,882 | INFO | Hotel bookings fetched | count=0
2026-06-24 09:36:10,007 | INFO | Buses fetched | count=6
2026-06-24 09:36:10,014 | INFO | Buses fetched | count=6
2026-06-24 09:36:15,529 | INFO | Buses fetched | count=6
2026-06-24 09:36:15,549 | INFO | Buses fetched | count=6
2026-06-24 09:36:21,067 | INFO | Buses fetched | count=6
2026-06-24 09:36:21,081 | INFO | Buses fetched | count=6
2026-06-24 09:36:26,670 | INFO | Buses fetched | count=6
2026-06-24 09:36:26,685 | INFO | Buses fetched | count=6
2026-06-24 09:36:32,121 | INFO | Buses fetched | count=6
2026-06-24 09:36:32,129 | INFO | Buses fetched | count=6
2026-06-24 09:36:37,579 | INFO | Buses fetched | count=6
2026-06-24 09:36:37,589 | INFO | Buses fetched | count=6
2026-06-24 09:36:43,212 | INFO | Buses fetched | count=6
2026-06-24 09:36:43,230 | INFO | Buses fetched | count=6
2026-06-24 09:36:45,501 | INFO | Buses fetched | count=6
2026-06-24 09:36:45,512 | INFO | Buses fetched | count=6
2026-06-24 09:36:47,835 | INFO | Buses fetched | count=6
2026-06-24 09:36:47,844 | INFO | Buses fetched | count=6
2026-06-24 09:36:50,117 | INFO | Buses fetched | count=6
2026-06-24 09:36:50,127 | INFO | Buses fetched | count=6
2026-06-24 09:36:52,610 | INFO | Buses fetched | count=6
2026-06-24 09:36:52,622 | INFO | Buses fetched | count=6
2026-06-24 09:36:54,847 | INFO | Bookings fetched | count=0
2026-06-24 09:36:54,852 | INFO | Bookings fetched | count=0
2026-06-24 09:36:54,879 | INFO | Hotel bookings fetched | count=0
2026-06-24 09:36:54,884 | INFO | Hotel bookings fetched | count=0
2026-06-24 09:36:57,953 | INFO | Buses fetched | count=6
2026-06-24 09:36:57,960 | INFO | Buses fetched | count=6
2026-06-24 09:37:03,315 | INFO | Trains fetched | count=10
2026-06-24 09:37:03,326 | INFO | Trains fetched | count=10
2026-06-24 09:37:08,668 | INFO | Trains fetched | count=10
2026-06-24 09:37:08,678 | INFO | Trains fetched | count=10
2026-06-24 09:37:11,112 | INFO | Trains fetched | count=10
2026-06-24 09:37:11,120 | INFO | Trains fetched | count=10
2026-06-24 09:37:13,404 | INFO | Trains fetched | count=10
2026-06-24 09:37:13,411 | INFO | Trains fetched | count=10
2026-06-24 09:37:15,694 | INFO | Bookings fetched | count=0
2026-06-24 09:37:15,700 | INFO | Bookings fetched | count=0
2026-06-24 09:37:15,731 | INFO | Hotel bookings fetched | count=0
2026-06-24 09:37:15,738 | INFO | Hotel bookings fetched | count=0
2026-06-24 09:37:18,815 | INFO | Trains fetched | count=10
2026-06-24 09:37:18,822 | INFO | Trains fetched | count=10
2026-06-24 09:37:24,321 | INFO | Trains fetched | count=10
2026-06-24 09:37:24,337 | INFO | Trains fetched | count=10
2026-06-24 09:37:29,880 | INFO | Trains fetched | count=10
2026-06-24 09:37:29,896 | INFO | Trains fetched | count=10
2026-06-24 09:37:35,255 | INFO | Trains fetched | count=10
2026-06-24 09:37:35,263 | INFO | Trains fetched | count=10
2026-06-24 09:37:40,756 | INFO | Trains fetched | count=10
2026-06-24 09:37:40,770 | INFO | Trains fetched | count=10
2026-06-24 09:37:46,166 | INFO | Trains fetched | count=10
2026-06-24 09:37:46,179 | INFO | Trains fetched | count=10
2026-06-24 09:37:51,610 | INFO | Trains fetched | count=10
2026-06-24 09:37:51,620 | INFO | Trains fetched | count=10
2026-06-24 09:37:53,876 | INFO | Trains fetched | count=10
2026-06-24 09:37:53,884 | INFO | Trains fetched | count=10
2026-06-24 09:37:56,229 | INFO | Trains fetched | count=10
2026-06-24 09:37:56,237 | INFO | Trains fetched | count=10
2026-06-24 09:37:58,692 | INFO | Trains fetched | count=10
2026-06-24 09:37:58,704 | INFO | Trains fetched | count=10
2026-06-24 09:38:00,975 | INFO | Trains fetched | count=10
2026-06-24 09:38:00,983 | INFO | Trains fetched | count=10
2026-06-24 09:38:03,204 | INFO | Bookings fetched | count=0
2026-06-24 09:38:03,210 | INFO | Bookings fetched | count=0
2026-06-24 09:38:03,244 | INFO | Hotel bookings fetched | count=0
2026-06-24 09:38:03,250 | INFO | Hotel bookings fetched | count=0
2026-06-24 09:38:06,331 | INFO | Trains fetched | count=10
2026-06-24 09:38:06,338 | INFO | Trains fetched | count=10
2026-06-24 09:38:11,926 | INFO | Hotels fetched | count=8
2026-06-24 09:38:11,935 | INFO | Hotels fetched | count=8
2026-06-24 09:38:17,408 | INFO | Hotels fetched | count=8
2026-06-24 09:38:17,428 | INFO | Hotels fetched | count=8
2026-06-24 09:38:19,568 | INFO | Hotels fetched | count=8
2026-06-24 09:38:19,573 | INFO | Hotels fetched | count=8
2026-06-24 09:38:21,862 | INFO | Hotels fetched | count=8
2026-06-24 09:38:21,869 | INFO | Hotels fetched | count=8
2026-06-24 09:38:24,055 | INFO | Bookings fetched | count=0
2026-06-24 09:38:24,060 | INFO | Bookings fetched | count=0
2026-06-24 09:38:24,086 | INFO | Hotel bookings fetched | count=0
2026-06-24 09:38:24,090 | INFO | Hotel bookings fetched | count=0
2026-06-24 09:38:27,255 | INFO | Hotels fetched | count=8
2026-06-24 09:38:27,263 | INFO | Hotels fetched | count=8
2026-06-24 09:38:32,634 | INFO | Hotels fetched | count=8
2026-06-24 09:38:32,642 | INFO | Hotels fetched | count=8
2026-06-24 09:38:38,005 | INFO | Hotels fetched | count=8
2026-06-24 09:38:38,014 | INFO | Hotels fetched | count=8
2026-06-24 09:38:43,480 | INFO | Hotels fetched | count=8
2026-06-24 09:38:43,503 | INFO | Hotels fetched | count=8
2026-06-24 09:38:48,825 | INFO | Hotels fetched | count=8
2026-06-24 09:38:48,835 | INFO | Hotels fetched | count=8
2026-06-24 09:38:51,205 | INFO | Hotels fetched | count=8
2026-06-24 09:38:51,215 | INFO | Hotels fetched | count=8
2026-06-24 09:38:53,512 | INFO | Hotels fetched | count=8
2026-06-24 09:38:53,519 | INFO | Hotels fetched | count=8
2026-06-24 09:38:55,789 | INFO | Hotels fetched | count=8
2026-06-24 09:38:55,797 | INFO | Hotels fetched | count=8
2026-06-24 09:38:57,965 | INFO | Hotels fetched | count=8
2026-06-24 09:38:57,977 | INFO | Hotels fetched | count=8
2026-06-24 09:39:00,160 | INFO | Bookings fetched | count=0
2026-06-24 09:39:00,166 | INFO | Bookings fetched | count=0
2026-06-24 09:39:00,194 | INFO | Hotel bookings fetched | count=0
2026-06-24 09:39:00,200 | INFO | Hotel bookings fetched | count=0
2026-06-24 09:39:03,301 | INFO | Hotels fetched | count=8
2026-06-24 09:39:03,310 | INFO | Hotels fetched | count=8
2026-06-24 09:51:40,603 | INFO | Flights fetched
2026-06-24 09:51:40,629 | INFO | Flights fetched
2026-06-24 09:51:41,220 | INFO | Flights fetched
2026-06-24 09:51:41,229 | INFO | Flights fetched
2026-06-24 10:00:10,372 | INFO | Flights fetched
2026-06-24 10:00:10,383 | INFO | Flights fetched
2026-06-24 10:00:47,174 | INFO | Flight booking request received | user=Anav Gusain | flight_id=2 | passengers=1
2026-06-24 10:00:47,191 | INFO | Flight booked successfully | booking_id=BK5255 | pnr=MMT53444 | user=Anav Gusain | remaining_seats=34
2026-06-24 10:00:47,201 | INFO | Flights fetched
2026-06-24 10:00:52,155 | INFO | Bookings fetched | count=1
2026-06-24 10:00:52,162 | INFO | Bookings fetched | count=1
2026-06-24 10:00:52,206 | INFO | Hotel bookings fetched | count=0
2026-06-24 10:00:52,214 | INFO | Hotel bookings fetched | count=0
2026-06-24 10:01:11,730 | INFO | Buses fetched | count=6
2026-06-24 10:01:11,739 | INFO | Buses fetched | count=6
2026-06-24 10:01:52,571 | INFO | Trains fetched | count=10
2026-06-24 10:01:52,581 | INFO | Trains fetched | count=10
2026-06-24 10:03:21,047 | INFO | Hotels fetched | count=8
2026-06-24 10:03:21,053 | INFO | Hotels fetched | count=8
2026-06-24 10:12:33,866 | INFO | Flights fetched
2026-06-24 10:12:33,876 | INFO | Flights fetched
2026-06-24 10:12:36,909 | INFO | Flights fetched
2026-06-24 10:12:36,926 | INFO | Flights fetched
2026-06-24 10:12:39,283 | INFO | Buses fetched | count=6
2026-06-24 10:12:39,289 | INFO | Buses fetched | count=6
2026-06-24 10:12:41,665 | INFO | Trains fetched | count=10
2026-06-24 10:12:41,672 | INFO | Trains fetched | count=10
2026-06-24 10:12:43,949 | INFO | Hotels fetched | count=8
2026-06-24 10:12:43,955 | INFO | Hotels fetched | count=8
2026-06-24 10:12:46,344 | INFO | Flights fetched
2026-06-24 10:12:46,352 | INFO | Flights fetched
2026-06-24 10:12:51,819 | INFO | Flights fetched
2026-06-24 10:12:51,835 | INFO | Flights fetched
2026-06-24 10:12:54,082 | INFO | Flights fetched
2026-06-24 10:12:54,089 | INFO | Flights fetched
2026-06-24 10:13:26,711 | INFO | Flights fetched
2026-06-24 10:13:26,718 | INFO | Flights fetched
2026-06-24 10:13:28,962 | INFO | Bookings fetched | count=1
2026-06-24 10:13:28,967 | INFO | Bookings fetched | count=1
2026-06-24 10:13:29,002 | INFO | Hotel bookings fetched | count=0
2026-06-24 10:13:29,010 | INFO | Hotel bookings fetched | count=0
2026-06-24 10:13:32,047 | INFO | Flight cancellation request received | booking_id=BK5255
2026-06-24 10:13:32,062 | INFO | Flight booking cancelled | booking_id=BK5255 | restored_seats=1
2026-06-24 10:13:32,077 | INFO | Bookings fetched | count=0
2026-06-24 10:13:32,131 | INFO | Hotel bookings fetched | count=0
2026-06-24 10:13:34,160 | INFO | Flights fetched
2026-06-24 10:13:34,167 | INFO | Flights fetched
2026-06-24 10:13:39,857 | INFO | Flights fetched
2026-06-24 10:13:39,864 | INFO | Flights fetched
2026-06-24 10:13:45,433 | INFO | Flights fetched
2026-06-24 10:13:45,443 | INFO | Flights fetched
2026-06-24 10:13:50,842 | INFO | Flights fetched
2026-06-24 10:13:50,848 | INFO | Flights fetched
2026-06-24 10:13:56,544 | INFO | Flights fetched
2026-06-24 10:13:56,551 | INFO | Flights fetched
2026-06-24 10:14:02,046 | INFO | Flights fetched
2026-06-24 10:14:02,054 | INFO | Flights fetched
2026-06-24 10:14:07,636 | INFO | Flights fetched
2026-06-24 10:14:07,656 | INFO | Flights fetched
2026-06-24 10:14:09,867 | INFO | Flights fetched
2026-06-24 10:14:09,874 | INFO | Flights fetched
2026-06-24 10:14:28,455 | INFO | Flight booking request received | user=Playwright User | flight_id=1 | passengers=1
2026-06-24 10:14:28,473 | INFO | Flight booked successfully | booking_id=BK1884 | pnr=MMT30677 | user=Playwright User | remaining_seats=39
2026-06-24 10:14:28,490 | INFO | Flights fetched
2026-06-24 10:14:31,870 | INFO | Bookings fetched | count=1
2026-06-24 10:14:31,877 | INFO | Bookings fetched | count=1
2026-06-24 10:14:31,905 | INFO | Hotel bookings fetched | count=0
2026-06-24 10:14:31,910 | INFO | Hotel bookings fetched | count=0
2026-06-24 10:14:34,994 | INFO | Flights fetched
2026-06-24 10:14:35,002 | INFO | Flights fetched
2026-06-24 10:14:37,390 | INFO | Flights fetched
2026-06-24 10:14:37,396 | INFO | Flights fetched
2026-06-24 10:14:39,702 | INFO | Flights fetched
2026-06-24 10:14:39,718 | INFO | Flights fetched
2026-06-24 10:14:42,159 | INFO | Bookings fetched | count=1
2026-06-24 10:14:42,168 | INFO | Bookings fetched | count=1
2026-06-24 10:14:42,201 | INFO | Hotel bookings fetched | count=0
2026-06-24 10:14:42,210 | INFO | Hotel bookings fetched | count=0
2026-06-24 10:14:45,274 | INFO | Flight cancellation request received | booking_id=BK1884
2026-06-24 10:14:45,292 | INFO | Flight booking cancelled | booking_id=BK1884 | restored_seats=1
2026-06-24 10:14:45,310 | INFO | Bookings fetched | count=0
2026-06-24 10:14:45,370 | INFO | Hotel bookings fetched | count=0
2026-06-24 10:14:47,401 | INFO | Flights fetched
2026-06-24 10:14:47,408 | INFO | Flights fetched
2026-06-24 10:14:52,809 | INFO | Buses fetched | count=6
2026-06-24 10:14:52,818 | INFO | Buses fetched | count=6
2026-06-24 10:14:58,418 | INFO | Buses fetched | count=6
2026-06-24 10:14:58,435 | INFO | Buses fetched | count=6
2026-06-24 10:15:00,671 | INFO | Buses fetched | count=6
2026-06-24 10:15:00,680 | INFO | Buses fetched | count=6
2026-06-24 10:15:14,652 | INFO | Bus booking request received | user=Playwright User | bus_id=1 | passengers=1
2026-06-24 10:15:14,666 | INFO | Bus booked successfully | booking_id=BUSBK3037 | pnr=BUS23459 | remaining_seats=17
2026-06-24 10:15:14,676 | INFO | Buses fetched | count=6
2026-06-24 10:15:17,828 | INFO | Bookings fetched | count=0
2026-06-24 10:15:17,836 | INFO | Bookings fetched | count=0
2026-06-24 10:15:17,867 | INFO | Hotel bookings fetched | count=0
2026-06-24 10:15:17,873 | INFO | Hotel bookings fetched | count=0
2026-06-24 10:15:21,148 | INFO | Buses fetched | count=6
2026-06-24 10:15:21,155 | INFO | Buses fetched | count=6
2026-06-30 16:09:04,159 | INFO | Flights fetched
2026-06-30 16:09:04,174 | INFO | Flights fetched
2026-06-30 16:09:07,024 | INFO | Flights fetched
2026-06-30 16:09:07,030 | INFO | Flights fetched
2026-06-30 16:09:09,368 | INFO | Buses fetched | count=6
2026-06-30 16:09:09,373 | INFO | Buses fetched | count=6
2026-06-30 16:09:11,497 | INFO | Trains fetched | count=10
2026-06-30 16:09:11,507 | INFO | Trains fetched | count=10
2026-06-30 16:09:13,930 | INFO | Hotels fetched | count=8
2026-06-30 16:09:13,936 | INFO | Hotels fetched | count=8
2026-06-30 16:09:16,128 | INFO | Flights fetched
2026-06-30 16:09:16,134 | INFO | Flights fetched
2026-06-30 16:09:21,431 | INFO | Flights fetched
2026-06-30 16:09:21,442 | INFO | Flights fetched
2026-06-30 16:09:23,629 | INFO | Flights fetched
2026-06-30 16:09:23,633 | INFO | Flights fetched
2026-06-30 16:09:56,194 | INFO | Flights fetched
2026-06-30 16:09:56,198 | INFO | Flights fetched
2026-06-30 16:09:58,320 | INFO | Bookings fetched | count=0
2026-06-30 16:09:58,323 | INFO | Bookings fetched | count=0
2026-06-30 16:09:58,343 | INFO | Hotel bookings fetched | count=0
2026-06-30 16:09:58,346 | INFO | Hotel bookings fetched | count=0
2026-06-30 16:10:01,393 | INFO | Bookings fetched | count=0
2026-06-30 16:10:01,409 | INFO | Hotel bookings fetched | count=0
2026-06-30 16:10:03,431 | INFO | Flights fetched
2026-06-30 16:10:03,435 | INFO | Flights fetched
2026-06-30 16:10:08,668 | INFO | Flights fetched
2026-06-30 16:10:08,672 | INFO | Flights fetched
2026-06-30 16:10:13,873 | INFO | Flights fetched
2026-06-30 16:10:13,878 | INFO | Flights fetched
2026-06-30 16:10:19,191 | INFO | Flights fetched
2026-06-30 16:10:19,196 | INFO | Flights fetched
2026-06-30 16:10:24,438 | INFO | Flights fetched
2026-06-30 16:10:24,444 | INFO | Flights fetched
2026-06-30 16:10:29,663 | INFO | Flights fetched
2026-06-30 16:10:29,668 | INFO | Flights fetched
2026-06-30 16:10:34,912 | INFO | Flights fetched
2026-06-30 16:10:34,921 | INFO | Flights fetched
2026-06-30 16:10:37,083 | INFO | Flights fetched
2026-06-30 16:10:37,088 | INFO | Flights fetched
2026-06-30 16:11:09,579 | INFO | Flights fetched
2026-06-30 16:11:09,584 | INFO | Flights fetched
2026-06-30 16:11:11,733 | INFO | Flights fetched
2026-06-30 16:11:11,737 | INFO | Flights fetched
2026-06-30 16:11:13,891 | INFO | Flights fetched
2026-06-30 16:11:13,897 | INFO | Flights fetched
2026-06-30 16:11:16,045 | INFO | Bookings fetched | count=0
2026-06-30 16:11:16,049 | INFO | Bookings fetched | count=0
2026-06-30 16:11:16,067 | INFO | Hotel bookings fetched | count=0
2026-06-30 16:11:16,070 | INFO | Hotel bookings fetched | count=0
2026-06-30 16:12:16,230 | INFO | Flights fetched
2026-06-30 16:12:16,247 | INFO | Flights fetched
2026-06-30 16:12:19,213 | INFO | Flights fetched
2026-06-30 16:12:19,226 | INFO | Flights fetched
2026-06-30 16:12:21,631 | INFO | Buses fetched | count=6
2026-06-30 16:12:21,648 | INFO | Buses fetched | count=6
2026-06-30 16:12:23,789 | INFO | Trains fetched | count=10
2026-06-30 16:12:23,801 | INFO | Trains fetched | count=10
2026-06-30 16:12:26,028 | INFO | Hotels fetched | count=8
2026-06-30 16:12:26,039 | INFO | Hotels fetched | count=8
2026-06-30 16:12:28,273 | INFO | Flights fetched
2026-06-30 16:12:28,288 | INFO | Flights fetched
2026-06-30 16:12:33,670 | INFO | Flights fetched
2026-06-30 16:12:33,698 | INFO | Flights fetched
2026-06-30 16:12:35,927 | INFO | Flights fetched
2026-06-30 16:12:35,951 | INFO | Flights fetched
2026-06-30 16:13:08,571 | INFO | Flights fetched
2026-06-30 16:13:08,580 | INFO | Flights fetched
2026-06-30 16:13:10,803 | INFO | Bookings fetched | count=0
2026-06-30 16:13:10,809 | INFO | Bookings fetched | count=0
2026-06-30 16:13:10,847 | INFO | Hotel bookings fetched | count=0
2026-06-30 16:13:10,853 | INFO | Hotel bookings fetched | count=0
2026-06-30 16:13:13,873 | INFO | Flights fetched
2026-06-30 16:13:13,881 | INFO | Flights fetched
2026-06-30 16:13:19,437 | INFO | Flights fetched
2026-06-30 16:13:19,446 | INFO | Flights fetched
2026-06-30 16:13:24,842 | INFO | Flights fetched
2026-06-30 16:13:24,853 | INFO | Flights fetched
2026-06-30 16:13:30,250 | INFO | Flights fetched
2026-06-30 16:13:30,259 | INFO | Flights fetched
2026-06-30 16:13:35,664 | INFO | Flights fetched
2026-06-30 16:13:35,672 | INFO | Flights fetched
2026-06-30 16:13:41,078 | INFO | Flights fetched
2026-06-30 16:13:41,086 | INFO | Flights fetched
2026-06-30 16:13:46,546 | INFO | Flights fetched
2026-06-30 16:13:46,553 | INFO | Flights fetched
2026-06-30 16:13:48,796 | INFO | Flights fetched
2026-06-30 16:13:48,802 | INFO | Flights fetched
2026-06-30 16:14:21,478 | INFO | Flights fetched
2026-06-30 16:14:21,483 | INFO | Flights fetched
2026-06-30 16:14:23,736 | INFO | Flights fetched
2026-06-30 16:14:23,754 | INFO | Flights fetched
2026-06-30 16:14:25,977 | INFO | Flights fetched
2026-06-30 16:14:25,984 | INFO | Flights fetched
2026-06-30 16:14:28,189 | INFO | Bookings fetched | count=0
2026-06-30 16:14:28,194 | INFO | Bookings fetched | count=0
2026-06-30 16:14:28,224 | INFO | Hotel bookings fetched | count=0
2026-06-30 16:14:28,230 | INFO | Hotel bookings fetched | count=0
2026-06-30 16:14:31,288 | INFO | Flights fetched
2026-06-30 16:14:31,301 | INFO | Flights fetched
2026-06-30 16:14:36,630 | INFO | Buses fetched | count=6
2026-06-30 16:14:36,636 | INFO | Buses fetched | count=6
2026-06-30 16:14:42,015 | INFO | Buses fetched | count=6
2026-06-30 16:14:42,025 | INFO | Buses fetched | count=6
2026-06-30 16:14:44,261 | INFO | Buses fetched | count=6
2026-06-30 16:14:44,268 | INFO | Buses fetched | count=6
2026-06-30 16:15:16,570 | INFO | Buses fetched | count=6
2026-06-30 16:15:16,585 | INFO | Buses fetched | count=6
2026-06-30 16:15:18,886 | INFO | Bookings fetched | count=0
2026-06-30 16:15:18,891 | INFO | Bookings fetched | count=0
2026-06-30 16:15:18,938 | INFO | Hotel bookings fetched | count=0
2026-06-30 16:15:18,945 | INFO | Hotel bookings fetched | count=0
2026-06-30 16:15:22,006 | INFO | Buses fetched | count=6
2026-06-30 16:15:22,018 | INFO | Buses fetched | count=6
2026-06-30 16:15:27,383 | INFO | Buses fetched | count=6
2026-06-30 16:15:27,389 | INFO | Buses fetched | count=6
2026-06-30 16:15:32,788 | INFO | Buses fetched | count=6
2026-06-30 16:15:32,796 | INFO | Buses fetched | count=6
2026-06-30 16:15:38,234 | INFO | Buses fetched | count=6
2026-06-30 16:15:38,255 | INFO | Buses fetched | count=6
2026-06-30 16:15:43,611 | INFO | Buses fetched | count=6
2026-06-30 16:15:43,619 | INFO | Buses fetched | count=6
2026-06-30 16:15:49,013 | INFO | Buses fetched | count=6
2026-06-30 16:15:49,023 | INFO | Buses fetched | count=6
2026-06-30 16:15:54,377 | INFO | Buses fetched | count=6
2026-06-30 16:15:54,383 | INFO | Buses fetched | count=6
2026-06-30 16:15:56,673 | INFO | Buses fetched | count=6
2026-06-30 16:15:56,679 | INFO | Buses fetched | count=6
2026-06-30 16:16:29,354 | INFO | Buses fetched | count=6
2026-06-30 16:16:29,362 | INFO | Buses fetched | count=6
2026-06-30 16:16:31,609 | INFO | Buses fetched | count=6
2026-06-30 16:16:31,629 | INFO | Buses fetched | count=6
2026-06-30 16:16:33,827 | INFO | Buses fetched | count=6
2026-06-30 16:16:33,831 | INFO | Buses fetched | count=6
2026-06-30 16:16:36,077 | INFO | Bookings fetched | count=0
2026-06-30 16:16:36,091 | INFO | Bookings fetched | count=0
2026-06-30 16:16:36,119 | INFO | Hotel bookings fetched | count=0
2026-06-30 16:16:36,124 | INFO | Hotel bookings fetched | count=0
2026-06-30 16:16:39,196 | INFO | Buses fetched | count=6
2026-06-30 16:16:39,217 | INFO | Buses fetched | count=6
2026-06-30 16:16:44,474 | INFO | Trains fetched | count=10
2026-06-30 16:16:44,491 | INFO | Trains fetched | count=10
2026-06-30 16:16:49,809 | INFO | Trains fetched | count=10
2026-06-30 16:16:49,824 | INFO | Trains fetched | count=10
2026-06-30 16:16:52,154 | INFO | Trains fetched | count=10
2026-06-30 16:16:52,161 | INFO | Trains fetched | count=10
2026-06-30 16:17:24,549 | INFO | Trains fetched | count=10
2026-06-30 16:17:24,557 | INFO | Trains fetched | count=10
2026-06-30 16:17:26,816 | INFO | Bookings fetched | count=0
2026-06-30 16:17:26,821 | INFO | Bookings fetched | count=0
2026-06-30 16:17:26,851 | INFO | Hotel bookings fetched | count=0
2026-06-30 16:17:26,856 | INFO | Hotel bookings fetched | count=0
2026-06-30 16:17:29,917 | INFO | Trains fetched | count=10
2026-06-30 16:17:29,925 | INFO | Trains fetched | count=10
2026-06-30 16:17:35,353 | INFO | Trains fetched | count=10
2026-06-30 16:17:35,359 | INFO | Trains fetched | count=10
2026-06-30 16:17:40,778 | INFO | Trains fetched | count=10
2026-06-30 16:17:40,793 | INFO | Trains fetched | count=10
2026-06-30 16:17:46,231 | INFO | Trains fetched | count=10
2026-06-30 16:17:46,250 | INFO | Trains fetched | count=10
2026-06-30 16:17:51,629 | INFO | Trains fetched | count=10
2026-06-30 16:17:51,635 | INFO | Trains fetched | count=10
2026-06-30 16:17:57,029 | INFO | Trains fetched | count=10
2026-06-30 16:17:57,036 | INFO | Trains fetched | count=10
2026-06-30 16:18:02,384 | INFO | Trains fetched | count=10
2026-06-30 16:18:02,394 | INFO | Trains fetched | count=10
2026-06-30 16:18:04,612 | INFO | Trains fetched | count=10
2026-06-30 16:18:04,619 | INFO | Trains fetched | count=10
2026-06-30 16:18:37,296 | INFO | Trains fetched | count=10
2026-06-30 16:18:37,302 | INFO | Trains fetched | count=10
2026-06-30 16:18:39,602 | INFO | Trains fetched | count=10
2026-06-30 16:18:39,609 | INFO | Trains fetched | count=10
2026-06-30 16:18:41,814 | INFO | Trains fetched | count=10
2026-06-30 16:18:41,822 | INFO | Trains fetched | count=10
2026-06-30 16:18:44,070 | INFO | Bookings fetched | count=0
2026-06-30 16:18:44,078 | INFO | Bookings fetched | count=0
2026-06-30 16:18:44,127 | INFO | Hotel bookings fetched | count=0
2026-06-30 16:18:44,136 | INFO | Hotel bookings fetched | count=0
2026-06-30 16:18:47,171 | INFO | Trains fetched | count=10
2026-06-30 16:18:47,182 | INFO | Trains fetched | count=10
2026-06-30 16:18:52,503 | INFO | Hotels fetched | count=8
2026-06-30 16:18:52,511 | INFO | Hotels fetched | count=8
2026-06-30 16:18:57,825 | INFO | Hotels fetched | count=8
2026-06-30 16:18:57,832 | INFO | Hotels fetched | count=8
2026-06-30 16:19:00,008 | INFO | Hotels fetched | count=8
2026-06-30 16:19:00,013 | INFO | Hotels fetched | count=8
2026-06-30 16:19:32,288 | INFO | Hotels fetched | count=8
2026-06-30 16:19:32,304 | INFO | Hotels fetched | count=8
2026-06-30 16:19:34,463 | INFO | Bookings fetched | count=0
2026-06-30 16:19:34,472 | INFO | Bookings fetched | count=0
2026-06-30 16:19:34,504 | INFO | Hotel bookings fetched | count=0
2026-06-30 16:19:34,509 | INFO | Hotel bookings fetched | count=0
2026-06-30 16:19:37,544 | INFO | Hotels fetched | count=8
2026-06-30 16:19:37,553 | INFO | Hotels fetched | count=8
2026-06-30 16:19:42,893 | INFO | Hotels fetched | count=8
2026-06-30 16:19:42,903 | INFO | Hotels fetched | count=8
2026-06-30 16:19:48,271 | INFO | Hotels fetched | count=8
2026-06-30 16:19:48,278 | INFO | Hotels fetched | count=8
2026-06-30 16:19:53,559 | INFO | Hotels fetched | count=8
2026-06-30 16:19:53,567 | INFO | Hotels fetched | count=8
2026-06-30 16:19:58,885 | INFO | Hotels fetched | count=8
2026-06-30 16:19:58,903 | INFO | Hotels fetched | count=8
2026-06-30 16:20:01,058 | INFO | Hotels fetched | count=8
2026-06-30 16:20:01,070 | INFO | Hotels fetched | count=8
2026-06-30 16:20:18,969 | INFO | Hotel booking request received | user=Playwright User | hotel_id=1 | rooms_requested=1
2026-06-30 16:20:18,982 | INFO | Hotel booked successfully | booking_id=HTBK4813 | pnr=HTL60103 | user=Playwright User | remaining_rooms=19
2026-06-30 16:20:18,988 | INFO | Hotels fetched | count=8
2026-06-30 16:20:22,390 | INFO | Bookings fetched | count=0
2026-06-30 16:20:22,399 | INFO | Bookings fetched | count=0
2026-06-30 16:20:22,418 | INFO | Hotel bookings fetched | count=1
2026-06-30 16:20:22,425 | INFO | Hotel bookings fetched | count=1
2026-06-30 16:20:25,499 | INFO | Hotels fetched | count=8
2026-06-30 16:20:25,507 | INFO | Hotels fetched | count=8
2026-06-30 16:20:27,699 | INFO | Hotels fetched | count=8
2026-06-30 16:20:27,711 | INFO | Hotels fetched | count=8
2026-06-30 16:20:29,874 | INFO | Hotels fetched | count=8
2026-06-30 16:20:29,883 | INFO | Hotels fetched | count=8
2026-06-30 16:20:32,050 | INFO | Bookings fetched | count=0
2026-06-30 16:20:32,056 | INFO | Bookings fetched | count=0
2026-06-30 16:20:32,082 | INFO | Hotel bookings fetched | count=1
2026-06-30 16:20:32,097 | INFO | Hotel bookings fetched | count=1
2026-06-30 16:20:35,306 | INFO | Hotel cancellation request received | booking_id=HTBK4813
2026-06-30 16:20:35,314 | INFO | Hotel booking cancelled | booking_id=HTBK4813 | restored_rooms=1
2026-06-30 16:20:35,321 | INFO | Bookings fetched | count=0
2026-06-30 16:20:35,347 | INFO | Hotel bookings fetched | count=0
2026-06-30 16:20:37,414 | INFO | Hotels fetched | count=8
2026-06-30 16:20:37,422 | INFO | Hotels fetched | count=8
2026-06-30 17:18:48,893 | INFO | Flights fetched
2026-06-30 17:18:48,902 | INFO | Flights fetched
2026-06-30 17:18:51,834 | INFO | Flights fetched
2026-06-30 17:18:51,839 | INFO | Flights fetched
2026-06-30 17:18:54,020 | INFO | Buses fetched | count=6
2026-06-30 17:18:54,024 | INFO | Buses fetched | count=6
2026-06-30 17:18:56,135 | INFO | Trains fetched | count=10
2026-06-30 17:18:56,138 | INFO | Trains fetched | count=10
2026-06-30 17:18:58,342 | INFO | Hotels fetched | count=8
2026-06-30 17:18:58,346 | INFO | Hotels fetched | count=8
2026-06-30 17:19:00,497 | INFO | Flights fetched
2026-06-30 17:19:00,501 | INFO | Flights fetched
2026-06-30 17:19:05,822 | INFO | Flights fetched
2026-06-30 17:19:05,830 | INFO | Flights fetched
2026-06-30 17:19:07,964 | INFO | Flights fetched
2026-06-30 17:19:07,968 | INFO | Flights fetched
2026-06-30 17:19:18,737 | INFO | Flight booking request received | user=Playwright User | flight_id=1 | passengers=1
2026-06-30 17:19:18,749 | INFO | Flight booked successfully | booking_id=BK2374 | pnr=MMT45955 | user=Playwright User | remaining_seats=39
2026-06-30 17:19:18,753 | INFO | Flights fetched
2026-06-30 17:19:22,112 | INFO | Bookings fetched | count=1
2026-06-30 17:19:22,116 | INFO | Bookings fetched | count=1
2026-06-30 17:19:22,134 | INFO | Hotel bookings fetched | count=0
2026-06-30 17:19:22,137 | INFO | Hotel bookings fetched | count=0
2026-06-30 17:19:25,174 | INFO | Flights fetched
2026-06-30 17:19:25,178 | INFO | Flights fetched
2026-06-30 17:19:27,323 | INFO | Bookings fetched | count=1
2026-06-30 17:19:27,327 | INFO | Bookings fetched | count=1
2026-06-30 17:19:27,344 | INFO | Hotel bookings fetched | count=0
2026-06-30 17:19:27,347 | INFO | Hotel bookings fetched | count=0
2026-06-30 17:19:30,617 | INFO | Flight cancellation request received | booking_id=BK2374
2026-06-30 17:19:30,624 | INFO | Flight booking cancelled | booking_id=BK2374 | restored_seats=1
2026-06-30 17:19:30,630 | INFO | Bookings fetched | count=0
2026-06-30 17:19:30,644 | INFO | Hotel bookings fetched | count=0
2026-06-30 17:19:32,678 | INFO | Flights fetched
2026-06-30 17:19:32,682 | INFO | Flights fetched
2026-06-30 17:19:37,949 | INFO | Flights fetched
2026-06-30 17:19:37,955 | INFO | Flights fetched
2026-06-30 17:19:43,217 | INFO | Flights fetched
2026-06-30 17:19:43,226 | INFO | Flights fetched
2026-06-30 17:19:48,443 | INFO | Flights fetched
2026-06-30 17:19:48,448 | INFO | Flights fetched
2026-06-30 17:19:53,679 | INFO | Flights fetched
2026-06-30 17:19:53,685 | INFO | Flights fetched
2026-06-30 17:19:58,960 | INFO | Flights fetched
2026-06-30 17:19:58,964 | INFO | Flights fetched
2026-06-30 17:20:04,252 | INFO | Flights fetched
2026-06-30 17:20:04,258 | INFO | Flights fetched
2026-06-30 17:20:06,413 | INFO | Flights fetched
2026-06-30 17:20:06,418 | INFO | Flights fetched
2026-06-30 17:20:38,912 | INFO | Flights fetched
2026-06-30 17:20:38,917 | INFO | Flights fetched
2026-06-30 17:20:41,058 | INFO | Flights fetched
2026-06-30 17:20:41,063 | INFO | Flights fetched
2026-06-30 17:20:43,199 | INFO | Flights fetched
2026-06-30 17:20:43,204 | INFO | Flights fetched
2026-06-30 17:20:45,304 | INFO | Bookings fetched | count=0
2026-06-30 17:20:45,307 | INFO | Bookings fetched | count=0
2026-06-30 17:20:45,320 | INFO | Hotel bookings fetched | count=0
2026-06-30 17:20:45,323 | INFO | Hotel bookings fetched | count=0
2026-06-30 17:20:48,379 | INFO | Flights fetched
2026-06-30 17:20:48,383 | INFO | Flights fetched
2026-06-30 17:20:53,579 | INFO | Buses fetched | count=6
2026-06-30 17:20:53,585 | INFO | Buses fetched | count=6
2026-06-30 17:20:58,783 | INFO | Buses fetched | count=6
2026-06-30 17:20:58,787 | INFO | Buses fetched | count=6
2026-06-30 17:21:00,902 | INFO | Buses fetched | count=6
2026-06-30 17:21:00,906 | INFO | Buses fetched | count=6
2026-06-30 17:21:33,075 | INFO | Buses fetched | count=6
2026-06-30 17:21:33,080 | INFO | Buses fetched | count=6
2026-06-30 17:21:35,216 | INFO | Bookings fetched | count=0
2026-06-30 17:21:35,219 | INFO | Bookings fetched | count=0
2026-06-30 17:21:35,235 | INFO | Hotel bookings fetched | count=0
2026-06-30 17:21:35,239 | INFO | Hotel bookings fetched | count=0
2026-06-30 17:21:38,286 | INFO | Buses fetched | count=6
2026-06-30 17:21:38,292 | INFO | Buses fetched | count=6
2026-06-30 17:21:43,558 | INFO | Buses fetched | count=6
2026-06-30 17:21:43,562 | INFO | Buses fetched | count=6
2026-06-30 17:21:48,821 | INFO | Buses fetched | count=6
2026-06-30 17:21:48,828 | INFO | Buses fetched | count=6
2026-06-30 17:21:54,079 | INFO | Buses fetched | count=6
2026-06-30 17:21:54,085 | INFO | Buses fetched | count=6
2026-06-30 17:21:59,361 | INFO | Buses fetched | count=6
2026-06-30 17:21:59,366 | INFO | Buses fetched | count=6
2026-06-30 17:22:04,644 | INFO | Buses fetched | count=6
2026-06-30 17:22:04,649 | INFO | Buses fetched | count=6
2026-06-30 17:22:09,914 | INFO | Buses fetched | count=6
2026-06-30 17:22:09,920 | INFO | Buses fetched | count=6
2026-06-30 17:22:12,063 | INFO | Buses fetched | count=6
2026-06-30 17:22:12,069 | INFO | Buses fetched | count=6
2026-06-30 17:22:44,547 | INFO | Buses fetched | count=6
2026-06-30 17:22:44,553 | INFO | Buses fetched | count=6
2026-06-30 17:22:46,644 | INFO | Buses fetched | count=6
2026-06-30 17:22:46,648 | INFO | Buses fetched | count=6
2026-06-30 17:22:48,755 | INFO | Buses fetched | count=6
2026-06-30 17:22:48,759 | INFO | Buses fetched | count=6
2026-06-30 17:22:50,856 | INFO | Bookings fetched | count=0
2026-06-30 17:22:50,860 | INFO | Bookings fetched | count=0
2026-06-30 17:22:50,874 | INFO | Hotel bookings fetched | count=0
2026-06-30 17:22:50,877 | INFO | Hotel bookings fetched | count=0
2026-06-30 17:22:53,913 | INFO | Buses fetched | count=6
2026-06-30 17:22:53,917 | INFO | Buses fetched | count=6
2026-06-30 17:22:59,117 | INFO | Trains fetched | count=10
2026-06-30 17:22:59,123 | INFO | Trains fetched | count=10
2026-06-30 17:23:04,321 | INFO | Trains fetched | count=10
2026-06-30 17:23:04,327 | INFO | Trains fetched | count=10
2026-06-30 17:23:06,427 | INFO | Trains fetched | count=10
2026-06-30 17:23:06,433 | INFO | Trains fetched | count=10
2026-06-30 17:23:38,613 | INFO | Trains fetched | count=10
2026-06-30 17:23:38,618 | INFO | Trains fetched | count=10
2026-06-30 17:23:40,714 | INFO | Bookings fetched | count=0
2026-06-30 17:23:40,717 | INFO | Bookings fetched | count=0
2026-06-30 17:23:40,732 | INFO | Hotel bookings fetched | count=0
2026-06-30 17:23:40,735 | INFO | Hotel bookings fetched | count=0
2026-06-30 17:23:43,777 | INFO | Trains fetched | count=10
2026-06-30 17:23:43,780 | INFO | Trains fetched | count=10
2026-06-30 17:23:49,004 | INFO | Trains fetched | count=10
2026-06-30 17:23:49,008 | INFO | Trains fetched | count=10
2026-06-30 17:23:54,230 | INFO | Trains fetched | count=10
2026-06-30 17:23:54,237 | INFO | Trains fetched | count=10
2026-06-30 17:23:59,461 | INFO | Trains fetched | count=10
2026-06-30 17:23:59,466 | INFO | Trains fetched | count=10
2026-06-30 17:24:04,743 | INFO | Trains fetched | count=10
2026-06-30 17:24:04,748 | INFO | Trains fetched | count=10
2026-06-30 17:24:10,045 | INFO | Trains fetched | count=10
2026-06-30 17:24:10,050 | INFO | Trains fetched | count=10
2026-06-30 17:24:15,561 | INFO | Trains fetched | count=10
2026-06-30 17:24:15,568 | INFO | Trains fetched | count=10
2026-06-30 17:24:17,786 | INFO | Trains fetched | count=10
2026-06-30 17:24:17,795 | INFO | Trains fetched | count=10
2026-06-30 17:24:50,355 | INFO | Trains fetched | count=10
2026-06-30 17:24:50,361 | INFO | Trains fetched | count=10
2026-06-30 17:24:52,512 | INFO | Trains fetched | count=10
2026-06-30 17:24:52,516 | INFO | Trains fetched | count=10
2026-06-30 17:24:54,664 | INFO | Trains fetched | count=10
2026-06-30 17:24:54,669 | INFO | Trains fetched | count=10
2026-06-30 17:24:56,807 | INFO | Bookings fetched | count=0
2026-06-30 17:24:56,811 | INFO | Bookings fetched | count=0
2026-06-30 17:24:56,828 | INFO | Hotel bookings fetched | count=0
2026-06-30 17:24:56,831 | INFO | Hotel bookings fetched | count=0
2026-06-30 17:24:59,898 | INFO | Trains fetched | count=10
2026-06-30 17:24:59,902 | INFO | Trains fetched | count=10
2026-06-30 17:25:05,138 | INFO | Hotels fetched | count=8
2026-06-30 17:25:05,143 | INFO | Hotels fetched | count=8
2026-06-30 17:25:10,371 | INFO | Hotels fetched | count=8
2026-06-30 17:25:10,376 | INFO | Hotels fetched | count=8
2026-06-30 17:25:12,486 | INFO | Hotels fetched | count=8
2026-06-30 17:25:12,490 | INFO | Hotels fetched | count=8
2026-06-30 17:25:44,658 | INFO | Hotels fetched | count=8
2026-06-30 17:25:44,663 | INFO | Hotels fetched | count=8
2026-06-30 17:25:46,796 | INFO | Bookings fetched | count=0
2026-06-30 17:25:46,801 | INFO | Bookings fetched | count=0
2026-06-30 17:25:46,820 | INFO | Hotel bookings fetched | count=0
2026-06-30 17:25:46,823 | INFO | Hotel bookings fetched | count=0
2026-06-30 17:25:49,867 | INFO | Hotels fetched | count=8
2026-06-30 17:25:49,871 | INFO | Hotels fetched | count=8
2026-06-30 17:25:55,105 | INFO | Hotels fetched | count=8
2026-06-30 17:25:55,108 | INFO | Hotels fetched | count=8
2026-06-30 17:26:00,310 | INFO | Hotels fetched | count=8
2026-06-30 17:26:00,315 | INFO | Hotels fetched | count=8
2026-06-30 17:26:05,575 | INFO | Hotels fetched | count=8
2026-06-30 17:26:05,581 | INFO | Hotels fetched | count=8
2026-06-30 17:26:10,844 | INFO | Hotels fetched | count=8
2026-06-30 17:26:10,851 | INFO | Hotels fetched | count=8
2026-06-30 17:26:12,963 | INFO | Hotels fetched | count=8
2026-06-30 17:26:12,967 | INFO | Hotels fetched | count=8
2026-06-30 17:26:32,803 | INFO | Hotel booking request received | user=Playwright User | hotel_id=1 | rooms_requested=1
2026-06-30 17:26:32,812 | INFO | Hotel booked successfully | booking_id=HTBK6438 | pnr=HTL47167 | user=Playwright User | remaining_rooms=19
2026-06-30 17:26:32,817 | INFO | Hotels fetched | count=8
2026-06-30 17:26:36,175 | INFO | Bookings fetched | count=0
2026-06-30 17:26:36,179 | INFO | Bookings fetched | count=0
2026-06-30 17:26:36,195 | INFO | Hotel bookings fetched | count=1
2026-06-30 17:26:36,198 | INFO | Hotel bookings fetched | count=1
2026-06-30 17:26:39,242 | INFO | Hotels fetched | count=8
2026-06-30 17:26:39,246 | INFO | Hotels fetched | count=8
2026-06-30 17:26:41,360 | INFO | Hotels fetched | count=8
2026-06-30 17:26:41,364 | INFO | Hotels fetched | count=8
2026-06-30 17:26:43,472 | INFO | Hotels fetched | count=8
2026-06-30 17:26:43,478 | INFO | Hotels fetched | count=8
2026-06-30 17:26:45,584 | INFO | Bookings fetched | count=0
2026-06-30 17:26:45,587 | INFO | Bookings fetched | count=0
2026-06-30 17:26:45,602 | INFO | Hotel bookings fetched | count=1
2026-06-30 17:26:45,606 | INFO | Hotel bookings fetched | count=1
2026-06-30 17:26:48,851 | INFO | Hotel cancellation request received | booking_id=HTBK6438
2026-06-30 17:26:48,858 | INFO | Hotel booking cancelled | booking_id=HTBK6438 | restored_rooms=1
2026-06-30 17:26:48,864 | INFO | Bookings fetched | count=0
2026-06-30 17:26:48,875 | INFO | Hotel bookings fetched | count=0
2026-06-30 17:26:50,905 | INFO | Hotels fetched | count=8
2026-06-30 17:26:50,909 | INFO | Hotels fetched | count=8
2026-06-30 17:31:53,442 | INFO | Flights fetched
2026-06-30 17:31:53,448 | INFO | Flights fetched
2026-06-30 17:31:56,390 | INFO | Flights fetched
2026-06-30 17:31:56,393 | INFO | Flights fetched
2026-06-30 17:31:58,590 | INFO | Buses fetched | count=6
2026-06-30 17:31:58,593 | INFO | Buses fetched | count=6
2026-06-30 17:32:00,711 | INFO | Trains fetched | count=10
2026-06-30 17:32:00,714 | INFO | Trains fetched | count=10
2026-06-30 17:32:02,836 | INFO | Hotels fetched | count=8
2026-06-30 17:32:02,839 | INFO | Hotels fetched | count=8
2026-06-30 17:32:05,036 | INFO | Flights fetched
2026-06-30 17:32:05,040 | INFO | Flights fetched
2026-06-30 17:32:10,282 | INFO | Flights fetched
2026-06-30 17:32:10,287 | INFO | Flights fetched
2026-06-30 17:32:12,376 | INFO | Flights fetched
2026-06-30 17:32:12,380 | INFO | Flights fetched
2026-06-30 17:32:46,564 | INFO | Flights fetched
2026-06-30 17:32:46,570 | INFO | Flights fetched
2026-06-30 17:32:48,669 | INFO | Bookings fetched | count=0
2026-06-30 17:32:48,672 | INFO | Bookings fetched | count=0
2026-06-30 17:32:48,689 | INFO | Hotel bookings fetched | count=0
2026-06-30 17:32:48,692 | INFO | Hotel bookings fetched | count=0
2026-06-30 17:32:51,727 | INFO | Flights fetched
2026-06-30 17:32:51,730 | INFO | Flights fetched
2026-06-30 17:32:57,016 | INFO | Flights fetched
2026-06-30 17:32:57,020 | INFO | Flights fetched
2026-06-30 17:33:02,285 | INFO | Flights fetched
2026-06-30 17:33:02,290 | INFO | Flights fetched
2026-06-30 17:33:07,557 | INFO | Flights fetched
2026-06-30 17:33:07,564 | INFO | Flights fetched
2026-06-30 17:33:12,785 | INFO | Flights fetched
2026-06-30 17:33:12,791 | INFO | Flights fetched
2026-06-30 17:33:18,067 | INFO | Flights fetched
2026-06-30 17:33:18,072 | INFO | Flights fetched
2026-06-30 17:33:23,325 | INFO | Flights fetched
2026-06-30 17:33:23,329 | INFO | Flights fetched
2026-06-30 17:33:25,459 | INFO | Flights fetched
2026-06-30 17:33:25,462 | INFO | Flights fetched
2026-06-30 18:54:56,080 | INFO | Flights fetched
2026-06-30 18:54:56,092 | INFO | Flights fetched
2026-06-30 18:54:56,765 | INFO | Flights fetched
2026-06-30 18:54:56,773 | INFO | Flights fetched
2026-06-30 18:54:59,430 | INFO | Buses fetched | count=6
2026-06-30 18:54:59,436 | INFO | Buses fetched | count=6
2026-06-30 18:55:01,941 | INFO | Trains fetched | count=10
2026-06-30 18:55:01,949 | INFO | Trains fetched | count=10
2026-06-30 18:55:04,489 | INFO | Hotels fetched | count=8
2026-06-30 18:55:04,495 | INFO | Hotels fetched | count=8
2026-06-30 18:55:06,987 | INFO | Flights fetched
2026-06-30 18:55:06,994 | INFO | Flights fetched
2026-06-30 18:55:15,291 | INFO | Flight booking request received | user=Playwright User | flight_id=1 | passengers=1
2026-06-30 18:55:15,311 | INFO | Flight booked successfully | booking_id=BK6079 | pnr=MMT56610 | user=Playwright User | remaining_seats=39
2026-06-30 18:55:15,328 | INFO | Flights fetched
2026-06-30 18:55:17,474 | INFO | Bookings fetched | count=1
2026-06-30 18:55:17,481 | INFO | Bookings fetched | count=1
2026-06-30 18:55:17,517 | INFO | Hotel bookings fetched | count=0
2026-06-30 18:55:17,522 | INFO | Hotel bookings fetched | count=0
2026-06-30 18:55:19,349 | INFO | Bookings fetched | count=1
2026-06-30 18:55:19,356 | INFO | Bookings fetched | count=1
2026-06-30 18:55:19,382 | INFO | Hotel bookings fetched | count=0
2026-06-30 18:55:19,388 | INFO | Hotel bookings fetched | count=0
2026-06-30 18:55:21,329 | INFO | Flight cancellation request received | booking_id=BK6079
2026-06-30 18:55:21,342 | INFO | Flight booking cancelled | booking_id=BK6079 | restored_seats=1
2026-06-30 18:55:21,352 | INFO | Bookings fetched | count=0
2026-06-30 18:55:21,383 | INFO | Hotel bookings fetched | count=0
2026-06-30 18:55:23,464 | INFO | Flights fetched
2026-06-30 18:55:23,471 | INFO | Flights fetched
2026-06-30 18:55:30,606 | INFO | Flights fetched
2026-06-30 18:55:30,615 | INFO | Flights fetched
2026-06-30 18:55:37,888 | INFO | Flights fetched
2026-06-30 18:55:37,895 | INFO | Flights fetched
2026-06-30 18:55:45,003 | INFO | Flights fetched
2026-06-30 18:55:45,012 | INFO | Flights fetched
2026-06-30 18:55:52,292 | INFO | Flights fetched
2026-06-30 18:55:52,299 | INFO | Flights fetched
2026-06-30 18:55:59,235 | INFO | Flights fetched
2026-06-30 18:55:59,243 | INFO | Flights fetched
2026-06-30 18:56:07,206 | INFO | Flights fetched
2026-06-30 18:56:09,458 | INFO | Bookings fetched | count=0
2026-06-30 18:56:09,517 | INFO | Bookings fetched | count=0
2026-06-30 18:56:09,658 | INFO | Hotel bookings fetched | count=0
2026-06-30 18:56:09,677 | INFO | Hotel bookings fetched | count=0
2026-06-30 18:57:12,038 | INFO | Bookings fetched | count=0
2026-06-30 18:57:12,046 | INFO | Bookings fetched | count=0
2026-06-30 18:57:12,073 | INFO | Hotel bookings fetched | count=0
2026-06-30 18:57:12,079 | INFO | Hotel bookings fetched | count=0
2026-06-30 18:57:13,880 | INFO | Flights fetched
2026-06-30 18:57:13,888 | INFO | Flights fetched
2026-06-30 18:57:20,676 | INFO | Buses fetched | count=6
2026-06-30 18:57:20,683 | INFO | Buses fetched | count=6
2026-06-30 18:57:28,301 | INFO | Bus booking request received | user=Playwright User | bus_id=1 | passengers=1
2026-06-30 18:57:28,318 | INFO | Bus booked successfully | booking_id=BUSBK4459 | pnr=BUS10356 | remaining_seats=17
2026-06-30 18:57:28,335 | INFO | Buses fetched | count=6
2026-06-30 18:57:30,471 | INFO | Bookings fetched | count=0
2026-06-30 18:57:30,478 | INFO | Bookings fetched | count=0
2026-06-30 18:57:30,507 | INFO | Hotel bookings fetched | count=0
2026-06-30 18:57:30,513 | INFO | Hotel bookings fetched | count=0
2026-06-30 18:57:32,313 | INFO | Bookings fetched | count=0
2026-06-30 18:57:32,319 | INFO | Bookings fetched | count=0
2026-06-30 18:57:32,345 | INFO | Hotel bookings fetched | count=0
2026-06-30 18:57:32,350 | INFO | Hotel bookings fetched | count=0
2026-06-30 18:57:34,338 | INFO | Bookings fetched | count=0
2026-06-30 18:57:34,369 | INFO | Hotel bookings fetched | count=0
2026-06-30 18:57:36,341 | INFO | Buses fetched | count=6
2026-06-30 18:57:36,348 | INFO | Buses fetched | count=6
2026-06-30 18:57:43,281 | INFO | Buses fetched | count=6
2026-06-30 18:57:43,289 | INFO | Buses fetched | count=6
2026-06-30 18:57:50,434 | INFO | Buses fetched | count=6
2026-06-30 18:57:50,443 | INFO | Buses fetched | count=6
2026-06-30 18:57:57,397 | INFO | Buses fetched | count=6
2026-06-30 18:57:57,408 | INFO | Buses fetched | count=6
2026-06-30 18:58:04,728 | INFO | Buses fetched | count=6
2026-06-30 18:58:04,747 | INFO | Buses fetched | count=6
2026-06-30 18:58:11,823 | INFO | Buses fetched | count=6
2026-06-30 18:58:11,831 | INFO | Buses fetched | count=6
2026-06-30 18:58:19,620 | INFO | Buses fetched | count=6
2026-06-30 18:58:21,906 | INFO | Bookings fetched | count=0
2026-06-30 18:58:21,923 | INFO | Bookings fetched | count=0
2026-06-30 18:58:21,985 | INFO | Hotel bookings fetched | count=0
2026-06-30 18:58:21,997 | INFO | Hotel bookings fetched | count=0
2026-06-30 18:59:24,368 | INFO | Bookings fetched | count=0
2026-06-30 18:59:24,383 | INFO | Bookings fetched | count=0
2026-06-30 18:59:24,432 | INFO | Hotel bookings fetched | count=0
2026-06-30 18:59:24,445 | INFO | Hotel bookings fetched | count=0
2026-06-30 18:59:26,317 | INFO | Buses fetched | count=6
2026-06-30 18:59:26,323 | INFO | Buses fetched | count=6
2026-06-30 18:59:32,879 | INFO | Trains fetched | count=10
2026-06-30 18:59:32,886 | INFO | Trains fetched | count=10
2026-06-30 18:59:40,528 | INFO | Train booking request received | user=Playwright User | train_id=1 | passengers=1
2026-06-30 18:59:40,539 | INFO | Train booked successfully | booking_id=TRBK4335 | pnr=TRN65763 | remaining_seats=119
2026-06-30 18:59:40,548 | INFO | Trains fetched | count=10
2026-06-30 18:59:42,717 | INFO | Bookings fetched | count=0
2026-06-30 18:59:42,724 | INFO | Bookings fetched | count=0
2026-06-30 18:59:42,753 | INFO | Hotel bookings fetched | count=0
2026-06-30 18:59:42,759 | INFO | Hotel bookings fetched | count=0
2026-06-30 18:59:44,564 | INFO | Bookings fetched | count=0
2026-06-30 18:59:44,569 | INFO | Bookings fetched | count=0
2026-06-30 18:59:44,592 | INFO | Hotel bookings fetched | count=0
2026-06-30 18:59:44,597 | INFO | Hotel bookings fetched | count=0
2026-06-30 18:59:46,525 | INFO | Bookings fetched | count=0
2026-06-30 18:59:46,558 | INFO | Hotel bookings fetched | count=0
2026-06-30 18:59:48,585 | INFO | Trains fetched | count=10
2026-06-30 18:59:48,591 | INFO | Trains fetched | count=10
2026-06-30 18:59:55,532 | INFO | Trains fetched | count=10
2026-06-30 18:59:55,542 | INFO | Trains fetched | count=10
2026-06-30 19:00:02,817 | INFO | Trains fetched | count=10
2026-06-30 19:00:02,827 | INFO | Trains fetched | count=10
2026-06-30 19:00:09,903 | INFO | Trains fetched | count=10
2026-06-30 19:00:09,912 | INFO | Trains fetched | count=10
2026-06-30 19:00:17,195 | INFO | Trains fetched | count=10
2026-06-30 19:00:17,213 | INFO | Trains fetched | count=10
2026-06-30 19:00:24,192 | INFO | Trains fetched | count=10
2026-06-30 19:00:24,203 | INFO | Trains fetched | count=10
2026-06-30 19:00:32,134 | INFO | Trains fetched | count=10
2026-06-30 19:00:34,298 | INFO | Bookings fetched | count=0
2026-06-30 19:00:34,305 | INFO | Bookings fetched | count=0
2026-06-30 19:00:34,329 | INFO | Hotel bookings fetched | count=0
2026-06-30 19:00:34,335 | INFO | Hotel bookings fetched | count=0
2026-06-30 19:01:36,660 | INFO | Bookings fetched | count=0
2026-06-30 19:01:36,666 | INFO | Bookings fetched | count=0
2026-06-30 19:01:36,691 | INFO | Hotel bookings fetched | count=0
2026-06-30 19:01:36,696 | INFO | Hotel bookings fetched | count=0
2026-06-30 19:01:38,536 | INFO | Trains fetched | count=10
2026-06-30 19:01:38,543 | INFO | Trains fetched | count=10
2026-06-30 19:01:45,179 | INFO | Hotels fetched | count=8
2026-06-30 19:01:45,187 | INFO | Hotels fetched | count=8
2026-06-30 19:01:51,925 | INFO | Hotel booking request received | user=Playwright User | hotel_id=1 | rooms_requested=1
2026-06-30 19:01:51,944 | INFO | Hotel booked successfully | booking_id=HTBK2142 | pnr=HTL50130 | user=Playwright User | remaining_rooms=19
2026-06-30 19:01:51,961 | INFO | Hotels fetched | count=8
2026-06-30 19:01:54,210 | INFO | Bookings fetched | count=0
2026-06-30 19:01:54,223 | INFO | Bookings fetched | count=0
2026-06-30 19:01:54,254 | INFO | Hotel bookings fetched | count=1
2026-06-30 19:01:54,261 | INFO | Hotel bookings fetched | count=1
2026-06-30 19:01:56,025 | INFO | Bookings fetched | count=0
2026-06-30 19:01:56,031 | INFO | Bookings fetched | count=0
2026-06-30 19:01:56,056 | INFO | Hotel bookings fetched | count=1
2026-06-30 19:01:56,061 | INFO | Hotel bookings fetched | count=1
2026-06-30 19:01:57,957 | INFO | Hotel cancellation request received | booking_id=HTBK2142
2026-06-30 19:01:57,969 | INFO | Hotel booking cancelled | booking_id=HTBK2142 | restored_rooms=1
2026-06-30 19:01:57,976 | INFO | Bookings fetched | count=0
2026-06-30 19:01:58,003 | INFO | Hotel bookings fetched | count=0
2026-06-30 19:02:00,092 | INFO | Hotels fetched | count=8
2026-06-30 19:02:00,097 | INFO | Hotels fetched | count=8
2026-06-30 19:02:06,189 | INFO | Hotels fetched | count=8
2026-06-30 19:02:06,196 | INFO | Hotels fetched | count=8
2026-06-30 19:02:12,141 | INFO | Hotels fetched | count=8
2026-06-30 19:02:12,149 | INFO | Hotels fetched | count=8
2026-06-30 19:02:18,233 | INFO | Hotels fetched | count=8
2026-06-30 19:02:18,246 | INFO | Hotels fetched | count=8
2026-06-30 19:02:25,208 | INFO | Hotel booking request received | user=Playwright User | hotel_id=1 | rooms_requested=0
2026-06-30 19:02:25,209 | WARNING | Hotel booking failed | reason=Invalid Room Count | requested=0
2026-06-30 19:02:25,223 | INFO | Hotels fetched | count=8
2026-06-30 19:02:27,126 | INFO | Bookings fetched | count=0
2026-06-30 19:02:27,133 | INFO | Bookings fetched | count=0
2026-06-30 19:02:27,162 | INFO | Hotel bookings fetched | count=0
2026-06-30 19:02:27,168 | INFO | Hotel bookings fetched | count=0
2026-06-30 19:03:29,586 | INFO | Bookings fetched | count=0
2026-06-30 19:03:29,594 | INFO | Bookings fetched | count=0
2026-06-30 19:03:29,623 | INFO | Hotel bookings fetched | count=0
2026-06-30 19:03:29,629 | INFO | Hotel bookings fetched | count=0
2026-06-30 19:03:31,409 | INFO | Hotels fetched | count=8
2026-06-30 19:03:31,416 | INFO | Hotels fetched | count=8
2026-07-01 11:27:26,247 | INFO | Flights fetched
2026-07-01 11:27:26,260 | INFO | Flights fetched
2026-07-01 11:27:27,019 | INFO | Flights fetched
2026-07-01 11:27:27,027 | INFO | Flights fetched
2026-07-01 11:27:29,717 | INFO | Buses fetched | count=6
2026-07-01 11:27:29,723 | INFO | Buses fetched | count=6
2026-07-01 11:27:32,097 | INFO | Trains fetched | count=10
2026-07-01 11:27:32,105 | INFO | Trains fetched | count=10
2026-07-01 11:27:51,279 | INFO | Flights fetched
2026-07-01 11:27:51,291 | INFO | Flights fetched
2026-07-01 11:27:51,990 | INFO | Flights fetched
2026-07-01 11:27:52,003 | INFO | Flights fetched
2026-07-01 11:27:54,736 | INFO | Buses fetched | count=6
2026-07-01 11:27:54,747 | INFO | Buses fetched | count=6
2026-07-01 11:27:57,194 | INFO | Trains fetched | count=10
2026-07-01 11:27:57,206 | INFO | Trains fetched | count=10
2026-07-01 11:27:59,795 | INFO | Hotels fetched | count=8
2026-07-01 11:27:59,801 | INFO | Hotels fetched | count=8
2026-07-01 11:28:02,474 | INFO | Flights fetched
2026-07-01 11:28:02,482 | INFO | Flights fetched
2026-07-01 11:28:04,287 | INFO | Flights fetched
2026-07-01 11:28:04,294 | INFO | Flights fetched
2026-07-01 11:28:13,910 | INFO | Flights fetched
2026-07-01 11:28:13,924 | INFO | Flights fetched
2026-07-01 11:28:25,707 | INFO | Flights fetched
2026-07-01 11:28:25,714 | INFO | Flights fetched
2026-07-01 11:28:27,417 | INFO | Bookings fetched | count=0
2026-07-01 11:28:27,423 | INFO | Bookings fetched | count=0
2026-07-01 11:28:27,457 | INFO | Hotel bookings fetched | count=0
2026-07-01 11:28:27,464 | INFO | Hotel bookings fetched | count=0
2026-07-01 11:28:29,256 | INFO | Flights fetched
2026-07-01 11:28:29,263 | INFO | Flights fetched
2026-07-01 11:28:31,107 | INFO | Flights fetched
2026-07-01 11:28:31,128 | INFO | Flights fetched
2026-07-01 11:28:39,635 | INFO | Flights fetched
2026-07-01 11:28:39,662 | INFO | Flights fetched
2026-07-01 11:28:41,332 | INFO | Flights fetched
2026-07-01 11:28:41,338 | INFO | Flights fetched
2026-07-01 11:28:49,298 | INFO | Flights fetched
2026-07-01 11:28:49,308 | INFO | Flights fetched
2026-07-01 11:28:50,975 | INFO | Flights fetched
2026-07-01 11:28:50,983 | INFO | Flights fetched
2026-07-01 11:28:59,515 | INFO | Flights fetched
2026-07-01 11:28:59,540 | INFO | Flights fetched
2026-07-01 11:29:01,201 | INFO | Flights fetched
2026-07-01 11:29:01,209 | INFO | Flights fetched
2026-07-01 11:29:09,113 | INFO | Flights fetched
2026-07-01 11:29:09,124 | INFO | Flights fetched
2026-07-01 11:29:10,825 | INFO | Flights fetched
2026-07-01 11:29:10,832 | INFO | Flights fetched
2026-07-01 11:29:19,247 | INFO | Flights fetched
2026-07-01 11:29:19,255 | INFO | Flights fetched
2026-07-01 11:29:20,940 | INFO | Flights fetched
2026-07-01 11:29:20,947 | INFO | Flights fetched
2026-07-01 11:29:28,919 | INFO | Flights fetched
2026-07-01 11:29:28,925 | INFO | Flights fetched
2026-07-01 11:29:41,071 | INFO | Flights fetched
2026-07-01 11:29:41,081 | INFO | Flights fetched
2026-07-01 11:29:44,831 | INFO | Flights fetched
2026-07-01 11:29:44,840 | INFO | Flights fetched
2026-07-01 11:29:48,573 | INFO | Flights fetched
2026-07-01 11:29:48,581 | INFO | Flights fetched
2026-07-01 11:29:50,228 | INFO | Bookings fetched | count=0
2026-07-01 11:29:50,235 | INFO | Bookings fetched | count=0
2026-07-01 11:29:50,266 | INFO | Hotel bookings fetched | count=0
2026-07-01 11:29:50,272 | INFO | Hotel bookings fetched | count=0
2026-07-01 11:29:52,080 | INFO | Flights fetched
2026-07-01 11:29:52,089 | INFO | Flights fetched
2026-07-01 11:29:53,764 | INFO | Flights fetched
2026-07-01 11:29:53,771 | INFO | Flights fetched
2026-07-01 11:30:01,707 | INFO | Buses fetched | count=6
2026-07-01 11:30:01,718 | INFO | Buses fetched | count=6
2026-07-01 11:30:03,396 | INFO | Buses fetched | count=6
2026-07-01 11:30:03,404 | INFO | Buses fetched | count=6
2026-07-01 11:30:11,640 | INFO | Buses fetched | count=6
2026-07-01 11:30:11,650 | INFO | Buses fetched | count=6
2026-07-01 11:30:23,457 | INFO | Buses fetched | count=6
2026-07-01 11:30:23,464 | INFO | Buses fetched | count=6
2026-07-01 11:30:25,119 | INFO | Bookings fetched | count=0
2026-07-01 11:30:25,125 | INFO | Bookings fetched | count=0
2026-07-01 11:30:25,156 | INFO | Hotel bookings fetched | count=0
2026-07-01 11:30:25,163 | INFO | Hotel bookings fetched | count=0
2026-07-01 11:30:27,019 | INFO | Buses fetched | count=6
2026-07-01 11:30:27,027 | INFO | Buses fetched | count=6
2026-07-01 11:30:28,684 | INFO | Buses fetched | count=6
2026-07-01 11:30:28,692 | INFO | Buses fetched | count=6
2026-07-01 11:30:37,137 | INFO | Buses fetched | count=6
2026-07-01 11:30:37,151 | INFO | Buses fetched | count=6
2026-07-01 11:30:38,966 | INFO | Buses fetched | count=6
2026-07-01 11:30:38,974 | INFO | Buses fetched | count=6
2026-07-01 11:30:46,946 | INFO | Buses fetched | count=6
2026-07-01 11:30:46,955 | INFO | Buses fetched | count=6
2026-07-01 11:30:48,632 | INFO | Buses fetched | count=6
2026-07-01 11:30:48,641 | INFO | Buses fetched | count=6
2026-07-01 11:30:57,248 | INFO | Buses fetched | count=6
2026-07-01 11:30:57,258 | INFO | Buses fetched | count=6
2026-07-01 11:30:58,904 | INFO | Buses fetched | count=6
2026-07-01 11:30:58,913 | INFO | Buses fetched | count=6
2026-07-01 11:31:07,131 | INFO | Buses fetched | count=6
2026-07-01 11:31:07,152 | INFO | Buses fetched | count=6
2026-07-01 11:31:08,847 | INFO | Buses fetched | count=6
2026-07-01 11:31:08,856 | INFO | Buses fetched | count=6
2026-07-01 11:31:17,062 | INFO | Buses fetched | count=6
2026-07-01 11:31:17,071 | INFO | Buses fetched | count=6
2026-07-01 11:31:18,757 | INFO | Buses fetched | count=6
2026-07-01 11:31:18,765 | INFO | Buses fetched | count=6
2026-07-01 11:31:26,792 | INFO | Buses fetched | count=6
2026-07-01 11:31:26,803 | INFO | Buses fetched | count=6
2026-07-01 11:31:38,936 | INFO | Buses fetched | count=6
2026-07-01 11:31:38,944 | INFO | Buses fetched | count=6
2026-07-01 11:31:42,717 | INFO | Buses fetched | count=6
2026-07-01 11:31:42,725 | INFO | Buses fetched | count=6
2026-07-01 11:31:46,563 | INFO | Buses fetched | count=6
2026-07-01 11:31:46,576 | INFO | Buses fetched | count=6
2026-07-01 11:31:48,240 | INFO | Bookings fetched | count=0
2026-07-01 11:31:48,246 | INFO | Bookings fetched | count=0
2026-07-01 11:31:48,274 | INFO | Hotel bookings fetched | count=0
2026-07-01 11:31:48,280 | INFO | Hotel bookings fetched | count=0
2026-07-01 11:31:50,119 | INFO | Buses fetched | count=6
2026-07-01 11:31:50,129 | INFO | Buses fetched | count=6
2026-07-01 11:31:51,850 | INFO | Buses fetched | count=6
2026-07-01 11:31:51,859 | INFO | Buses fetched | count=6
2026-07-01 11:31:59,709 | INFO | Trains fetched | count=10
2026-07-01 11:31:59,720 | INFO | Trains fetched | count=10
2026-07-01 11:32:01,412 | INFO | Trains fetched | count=10
2026-07-01 11:32:01,421 | INFO | Trains fetched | count=10
2026-07-01 11:32:09,437 | INFO | Trains fetched | count=10
2026-07-01 11:32:09,450 | INFO | Trains fetched | count=10
2026-07-01 11:32:21,346 | INFO | Trains fetched | count=10
2026-07-01 11:32:21,354 | INFO | Trains fetched | count=10
2026-07-01 11:32:23,198 | INFO | Bookings fetched | count=0
2026-07-01 11:32:23,214 | INFO | Bookings fetched | count=0
2026-07-01 11:32:23,286 | INFO | Hotel bookings fetched | count=0
2026-07-01 11:32:23,297 | INFO | Hotel bookings fetched | count=0
2026-07-01 11:32:25,187 | INFO | Trains fetched | count=10
2026-07-01 11:32:25,196 | INFO | Trains fetched | count=10
2026-07-01 11:32:27,011 | INFO | Trains fetched | count=10
2026-07-01 11:32:27,028 | INFO | Trains fetched | count=10
2026-07-01 11:32:35,528 | INFO | Trains fetched | count=10
2026-07-01 11:32:35,539 | INFO | Trains fetched | count=10
2026-07-01 11:32:37,194 | INFO | Trains fetched | count=10
2026-07-01 11:32:37,208 | INFO | Trains fetched | count=10
2026-07-01 11:32:45,287 | INFO | Trains fetched | count=10
2026-07-01 11:32:45,298 | INFO | Trains fetched | count=10
2026-07-01 11:32:46,979 | INFO | Trains fetched | count=10
2026-07-01 11:32:46,988 | INFO | Trains fetched | count=10
2026-07-01 11:32:55,642 | INFO | Trains fetched | count=10
2026-07-01 11:32:55,667 | INFO | Trains fetched | count=10
2026-07-01 11:32:57,336 | INFO | Trains fetched | count=10
2026-07-01 11:32:57,344 | INFO | Trains fetched | count=10
2026-07-01 11:33:05,290 | INFO | Trains fetched | count=10
2026-07-01 11:33:05,302 | INFO | Trains fetched | count=10
2026-07-01 11:33:06,948 | INFO | Trains fetched | count=10
2026-07-01 11:33:06,955 | INFO | Trains fetched | count=10
2026-07-01 11:33:15,334 | INFO | Trains fetched | count=10
2026-07-01 11:33:15,345 | INFO | Trains fetched | count=10
2026-07-01 11:33:17,009 | INFO | Trains fetched | count=10
2026-07-01 11:33:17,016 | INFO | Trains fetched | count=10
2026-07-01 11:33:25,157 | INFO | Trains fetched | count=10
2026-07-01 11:33:25,174 | INFO | Trains fetched | count=10
2026-07-01 11:33:37,421 | INFO | Trains fetched | count=10
2026-07-01 11:33:37,435 | INFO | Trains fetched | count=10
2026-07-01 11:33:41,069 | INFO | Trains fetched | count=10
2026-07-01 11:33:41,078 | INFO | Trains fetched | count=10
2026-07-01 11:33:44,694 | INFO | Trains fetched | count=10
2026-07-01 11:33:44,701 | INFO | Trains fetched | count=10
2026-07-01 11:33:46,355 | INFO | Bookings fetched | count=0
2026-07-01 11:33:46,364 | INFO | Bookings fetched | count=0
2026-07-01 11:33:46,393 | INFO | Hotel bookings fetched | count=0
2026-07-01 11:33:46,399 | INFO | Hotel bookings fetched | count=0
2026-07-01 11:33:48,295 | INFO | Trains fetched | count=10
2026-07-01 11:33:48,305 | INFO | Trains fetched | count=10
2026-07-01 11:33:49,957 | INFO | Trains fetched | count=10
2026-07-01 11:33:49,964 | INFO | Trains fetched | count=10
2026-07-01 11:33:57,680 | INFO | Hotels fetched | count=8
2026-07-01 11:33:57,688 | INFO | Hotels fetched | count=8
2026-07-01 11:33:59,458 | INFO | Hotels fetched | count=8
2026-07-01 11:33:59,476 | INFO | Hotels fetched | count=8
2026-07-01 11:34:06,342 | INFO | Hotels fetched | count=8
2026-07-01 11:34:06,358 | INFO | Hotels fetched | count=8
2026-07-01 11:34:18,171 | INFO | Hotels fetched | count=8
2026-07-01 11:34:18,178 | INFO | Hotels fetched | count=8
2026-07-01 11:34:19,896 | INFO | Bookings fetched | count=0
2026-07-01 11:34:19,902 | INFO | Bookings fetched | count=0
2026-07-01 11:34:19,927 | INFO | Hotel bookings fetched | count=0
2026-07-01 11:34:19,932 | INFO | Hotel bookings fetched | count=0
2026-07-01 11:34:21,744 | INFO | Hotels fetched | count=8
2026-07-01 11:34:21,751 | INFO | Hotels fetched | count=8
2026-07-01 11:34:23,387 | INFO | Hotels fetched | count=8
2026-07-01 11:34:23,392 | INFO | Hotels fetched | count=8
2026-07-01 11:34:30,501 | INFO | Hotels fetched | count=8
2026-07-01 11:34:30,512 | INFO | Hotels fetched | count=8
2026-07-01 11:34:32,190 | INFO | Hotels fetched | count=8
2026-07-01 11:34:32,198 | INFO | Hotels fetched | count=8
2026-07-01 11:34:38,843 | INFO | Hotels fetched | count=8
2026-07-01 11:34:38,851 | INFO | Hotels fetched | count=8
2026-07-01 11:34:40,481 | INFO | Hotels fetched | count=8
2026-07-01 11:34:40,487 | INFO | Hotels fetched | count=8
2026-07-01 11:34:47,698 | INFO | Hotels fetched | count=8
2026-07-01 11:34:47,710 | INFO | Hotels fetched | count=8
2026-07-01 11:34:49,349 | INFO | Hotels fetched | count=8
2026-07-01 11:34:49,357 | INFO | Hotels fetched | count=8
2026-07-01 11:34:56,108 | INFO | Hotels fetched | count=8
2026-07-01 11:34:56,121 | INFO | Hotels fetched | count=8
2026-07-01 11:35:08,218 | INFO | Hotels fetched | count=8
2026-07-01 11:35:08,229 | INFO | Hotels fetched | count=8
2026-07-01 11:35:11,905 | INFO | Hotels fetched | count=8
2026-07-01 11:35:11,913 | INFO | Hotels fetched | count=8
2026-07-01 11:35:15,533 | INFO | Hotels fetched | count=8
2026-07-01 11:35:15,539 | INFO | Hotels fetched | count=8
2026-07-01 11:35:17,201 | INFO | Bookings fetched | count=0
2026-07-01 11:35:17,207 | INFO | Bookings fetched | count=0
2026-07-01 11:35:17,238 | INFO | Hotel bookings fetched | count=0
2026-07-01 11:35:17,245 | INFO | Hotel bookings fetched | count=0
2026-07-01 11:35:19,064 | INFO | Hotels fetched | count=8
2026-07-01 11:35:19,071 | INFO | Hotels fetched | count=8
2026-07-01 11:35:20,770 | INFO | Hotels fetched | count=8
2026-07-01 11:35:20,778 | INFO | Hotels fetched | count=8
2026-07-01 11:46:33,215 | INFO | Flights fetched
2026-07-01 11:46:33,223 | INFO | Flights fetched
2026-07-01 11:46:36,224 | INFO | Flights fetched
2026-07-01 11:46:36,232 | INFO | Flights fetched
2026-07-01 11:46:38,603 | INFO | Buses fetched | count=6
2026-07-01 11:46:38,610 | INFO | Buses fetched | count=6
2026-07-01 11:46:40,871 | INFO | Trains fetched | count=10
2026-07-01 11:46:40,878 | INFO | Trains fetched | count=10
2026-07-01 11:46:43,229 | INFO | Hotels fetched | count=8
2026-07-01 11:46:43,236 | INFO | Hotels fetched | count=8
2026-07-01 11:46:45,524 | INFO | Flights fetched
2026-07-01 11:46:45,532 | INFO | Flights fetched
2026-07-01 11:46:51,049 | INFO | Flights fetched
2026-07-01 11:46:51,058 | INFO | Flights fetched
2026-07-01 11:46:53,333 | INFO | Flights fetched
2026-07-01 11:46:53,339 | INFO | Flights fetched
2026-07-01 11:46:56,913 | INFO | Flight booking request received | user=Playwright User | flight_id=1 | passengers=1
2026-07-01 11:46:56,928 | INFO | Flight booked successfully | booking_id=BK9902 | pnr=MMT43932 | user=Playwright User | remaining_seats=39
2026-07-01 11:46:56,937 | INFO | Flights fetched
2026-07-01 11:47:00,338 | INFO | Bookings fetched | count=1
2026-07-01 11:47:00,345 | INFO | Bookings fetched | count=1
2026-07-01 11:47:00,377 | INFO | Hotel bookings fetched | count=0
2026-07-01 11:47:00,384 | INFO | Hotel bookings fetched | count=0
2026-07-01 11:47:03,450 | INFO | Flights fetched
2026-07-01 11:47:03,457 | INFO | Flights fetched
2026-07-01 11:47:05,723 | INFO | Bookings fetched | count=1
2026-07-01 11:47:05,730 | INFO | Bookings fetched | count=1
2026-07-01 11:47:05,761 | INFO | Hotel bookings fetched | count=0
2026-07-01 11:47:05,765 | INFO | Hotel bookings fetched | count=0
2026-07-01 11:47:08,781 | INFO | Flight cancellation request received | booking_id=BK9902
2026-07-01 11:47:08,792 | INFO | Flight booking cancelled | booking_id=BK9902 | restored_seats=1
2026-07-01 11:47:08,801 | INFO | Bookings fetched | count=0
2026-07-01 11:47:08,826 | INFO | Hotel bookings fetched | count=0
2026-07-01 11:47:10,881 | INFO | Flights fetched
2026-07-01 11:47:10,888 | INFO | Flights fetched
2026-07-01 11:47:16,535 | INFO | Flights fetched
2026-07-01 11:47:16,544 | INFO | Flights fetched
2026-07-01 11:47:22,030 | INFO | Flights fetched
2026-07-01 11:47:22,039 | INFO | Flights fetched
2026-07-01 11:47:27,521 | INFO | Flights fetched
2026-07-01 11:47:27,528 | INFO | Flights fetched
2026-07-01 11:47:33,013 | INFO | Flights fetched
2026-07-01 11:47:33,022 | INFO | Flights fetched
2026-07-01 11:47:38,732 | INFO | Flights fetched
2026-07-01 11:47:38,755 | INFO | Flights fetched
2026-07-01 11:47:44,194 | INFO | Flights fetched
2026-07-01 11:47:44,201 | INFO | Flights fetched
2026-07-01 11:47:46,379 | INFO | Flights fetched
2026-07-01 11:47:46,385 | INFO | Flights fetched
2026-07-01 11:48:19,027 | INFO | Flights fetched
2026-07-01 11:48:19,038 | INFO | Flights fetched
2026-07-01 11:48:21,248 | INFO | Flights fetched
2026-07-01 11:48:21,260 | INFO | Flights fetched
2026-07-01 11:48:23,461 | INFO | Flights fetched
2026-07-01 11:48:23,469 | INFO | Flights fetched
2026-07-01 11:48:25,657 | INFO | Bookings fetched | count=0
2026-07-01 11:48:25,667 | INFO | Bookings fetched | count=0
2026-07-01 11:48:25,695 | INFO | Hotel bookings fetched | count=0
2026-07-01 11:48:25,701 | INFO | Hotel bookings fetched | count=0
2026-07-01 11:48:28,793 | INFO | Flights fetched
2026-07-01 11:48:28,807 | INFO | Flights fetched
2026-07-01 11:48:34,491 | INFO | Buses fetched | count=6
2026-07-01 11:48:34,499 | INFO | Buses fetched | count=6
2026-07-01 11:48:39,873 | INFO | Buses fetched | count=6
2026-07-01 11:48:39,903 | INFO | Buses fetched | count=6
2026-07-01 11:48:42,073 | INFO | Buses fetched | count=6
2026-07-01 11:48:42,082 | INFO | Buses fetched | count=6
2026-07-01 11:49:14,643 | INFO | Buses fetched | count=6
2026-07-01 11:49:14,652 | INFO | Buses fetched | count=6
2026-07-01 11:49:16,815 | INFO | Bookings fetched | count=0
2026-07-01 11:49:16,821 | INFO | Bookings fetched | count=0
2026-07-01 11:49:16,847 | INFO | Hotel bookings fetched | count=0
2026-07-01 11:49:16,851 | INFO | Hotel bookings fetched | count=0
2026-07-01 11:49:19,933 | INFO | Buses fetched | count=6
2026-07-01 11:49:19,940 | INFO | Buses fetched | count=6
2026-07-01 11:49:25,541 | INFO | Buses fetched | count=6
2026-07-01 11:49:25,550 | INFO | Buses fetched | count=6
2026-07-01 11:49:31,060 | INFO | Buses fetched | count=6
2026-07-01 11:49:31,070 | INFO | Buses fetched | count=6
2026-07-01 11:49:36,491 | INFO | Buses fetched | count=6
2026-07-01 11:49:36,502 | INFO | Buses fetched | count=6
2026-07-01 11:49:41,868 | INFO | Buses fetched | count=6
2026-07-01 11:49:41,876 | INFO | Buses fetched | count=6
2026-07-01 11:49:47,393 | INFO | Buses fetched | count=6
2026-07-01 11:49:47,405 | INFO | Buses fetched | count=6
2026-07-01 11:49:52,919 | INFO | Buses fetched | count=6
2026-07-01 11:49:52,929 | INFO | Buses fetched | count=6
2026-07-01 11:49:55,182 | INFO | Buses fetched | count=6
2026-07-01 11:49:55,188 | INFO | Buses fetched | count=6
2026-07-01 11:50:27,813 | INFO | Buses fetched | count=6
2026-07-01 11:50:27,823 | INFO | Buses fetched | count=6
2026-07-01 11:50:30,078 | INFO | Buses fetched | count=6
2026-07-01 11:50:30,086 | INFO | Buses fetched | count=6
2026-07-01 11:50:32,324 | INFO | Buses fetched | count=6
2026-07-01 11:50:32,333 | INFO | Buses fetched | count=6
2026-07-01 11:50:34,603 | INFO | Bookings fetched | count=0
2026-07-01 11:50:34,609 | INFO | Bookings fetched | count=0
2026-07-01 11:50:34,638 | INFO | Hotel bookings fetched | count=0
2026-07-01 11:50:34,643 | INFO | Hotel bookings fetched | count=0
2026-07-01 11:50:37,728 | INFO | Buses fetched | count=6
2026-07-01 11:50:37,736 | INFO | Buses fetched | count=6
2026-07-01 11:50:43,453 | INFO | Trains fetched | count=10
2026-07-01 11:50:43,467 | INFO | Trains fetched | count=10
2026-07-01 11:50:48,827 | INFO | Trains fetched | count=10
2026-07-01 11:50:48,840 | INFO | Trains fetched | count=10
2026-07-01 11:50:51,303 | INFO | Trains fetched | count=10
2026-07-01 11:50:51,310 | INFO | Trains fetched | count=10
2026-07-01 11:51:23,659 | INFO | Trains fetched | count=10
2026-07-01 11:51:23,669 | INFO | Trains fetched | count=10
2026-07-01 11:51:25,947 | INFO | Bookings fetched | count=0
2026-07-01 11:51:25,954 | INFO | Bookings fetched | count=0
2026-07-01 11:51:25,981 | INFO | Hotel bookings fetched | count=0
2026-07-01 11:51:25,988 | INFO | Hotel bookings fetched | count=0
2026-07-01 11:51:29,080 | INFO | Trains fetched | count=10
2026-07-01 11:51:29,086 | INFO | Trains fetched | count=10
2026-07-01 11:51:34,560 | INFO | Trains fetched | count=10
2026-07-01 11:51:34,569 | INFO | Trains fetched | count=10
2026-07-01 11:51:40,050 | INFO | Trains fetched | count=10
2026-07-01 11:51:40,062 | INFO | Trains fetched | count=10
2026-07-01 11:51:45,685 | INFO | Trains fetched | count=10
2026-07-01 11:51:45,697 | INFO | Trains fetched | count=10
2026-07-01 11:51:51,186 | INFO | Trains fetched | count=10
2026-07-01 11:51:51,195 | INFO | Trains fetched | count=10
2026-07-01 11:51:56,737 | INFO | Trains fetched | count=10
2026-07-01 11:51:56,748 | INFO | Trains fetched | count=10
2026-07-01 11:52:02,225 | INFO | Trains fetched | count=10
2026-07-01 11:52:02,235 | INFO | Trains fetched | count=10
2026-07-01 11:52:04,417 | INFO | Trains fetched | count=10
2026-07-01 11:52:04,426 | INFO | Trains fetched | count=10
2026-07-01 11:52:36,993 | INFO | Trains fetched | count=10
2026-07-01 11:52:37,001 | INFO | Trains fetched | count=10
2026-07-01 11:52:39,186 | INFO | Trains fetched | count=10
2026-07-01 11:52:39,194 | INFO | Trains fetched | count=10
2026-07-01 11:52:41,392 | INFO | Trains fetched | count=10
2026-07-01 11:52:41,400 | INFO | Trains fetched | count=10
2026-07-01 11:52:43,736 | INFO | Bookings fetched | count=0
2026-07-01 11:52:43,740 | INFO | Bookings fetched | count=0
2026-07-01 11:52:43,764 | INFO | Hotel bookings fetched | count=0
2026-07-01 11:52:43,768 | INFO | Hotel bookings fetched | count=0
2026-07-01 11:52:46,849 | INFO | Trains fetched | count=10
2026-07-01 11:52:46,860 | INFO | Trains fetched | count=10
2026-07-01 11:52:52,327 | INFO | Hotels fetched | count=8
2026-07-01 11:52:52,344 | INFO | Hotels fetched | count=8
2026-07-01 11:52:57,631 | INFO | Hotels fetched | count=8
2026-07-01 11:52:57,640 | INFO | Hotels fetched | count=8
2026-07-01 11:52:59,799 | INFO | Hotels fetched | count=8
2026-07-01 11:52:59,805 | INFO | Hotels fetched | count=8
2026-07-01 11:53:32,193 | INFO | Hotels fetched | count=8
2026-07-01 11:53:32,212 | INFO | Hotels fetched | count=8
2026-07-01 11:53:34,434 | INFO | Bookings fetched | count=0
2026-07-01 11:53:34,444 | INFO | Bookings fetched | count=0
2026-07-01 11:53:34,483 | INFO | Hotel bookings fetched | count=0
2026-07-01 11:53:34,492 | INFO | Hotel bookings fetched | count=0
2026-07-01 11:53:37,571 | INFO | Hotels fetched | count=8
2026-07-01 11:53:37,579 | INFO | Hotels fetched | count=8
2026-07-01 11:53:43,039 | INFO | Hotels fetched | count=8
2026-07-01 11:53:43,052 | INFO | Hotels fetched | count=8
2026-07-01 11:53:48,499 | INFO | Hotels fetched | count=8
2026-07-01 11:53:48,519 | INFO | Hotels fetched | count=8
2026-07-01 11:53:54,197 | INFO | Hotels fetched | count=8
2026-07-01 11:53:54,209 | INFO | Hotels fetched | count=8
2026-07-01 11:53:59,662 | INFO | Hotels fetched | count=8
2026-07-01 11:53:59,671 | INFO | Hotels fetched | count=8
2026-07-01 11:54:01,915 | INFO | Hotels fetched | count=8
2026-07-01 11:54:01,923 | INFO | Hotels fetched | count=8
2026-07-01 11:54:34,504 | INFO | Hotels fetched | count=8
2026-07-01 11:54:34,512 | INFO | Hotels fetched | count=8
2026-07-01 11:54:36,681 | INFO | Hotels fetched | count=8
2026-07-01 11:54:36,688 | INFO | Hotels fetched | count=8
2026-07-01 11:54:38,901 | INFO | Hotels fetched | count=8
2026-07-01 11:54:38,908 | INFO | Hotels fetched | count=8
2026-07-01 11:54:41,091 | INFO | Bookings fetched | count=0
2026-07-01 11:54:41,097 | INFO | Bookings fetched | count=0
2026-07-01 11:54:41,123 | INFO | Hotel bookings fetched | count=0
2026-07-01 11:54:41,129 | INFO | Hotel bookings fetched | count=0
2026-07-01 11:54:44,234 | INFO | Hotels fetched | count=8
2026-07-01 11:54:44,240 | INFO | Hotels fetched | count=8
2026-07-01 12:15:36,073 | INFO | Flights fetched
2026-07-01 12:15:36,084 | INFO | Flights fetched
2026-07-01 12:15:39,090 | INFO | Flights fetched
2026-07-01 12:15:39,119 | INFO | Flights fetched
2026-07-01 12:15:41,430 | INFO | Buses fetched | count=6
2026-07-01 12:15:41,435 | INFO | Buses fetched | count=6
2026-07-01 12:15:43,734 | INFO | Trains fetched | count=10
2026-07-01 12:15:43,740 | INFO | Trains fetched | count=10
2026-07-01 12:15:46,067 | INFO | Hotels fetched | count=8
2026-07-01 12:15:46,074 | INFO | Hotels fetched | count=8
2026-07-01 12:15:48,346 | INFO | Flights fetched
2026-07-01 12:15:48,353 | INFO | Flights fetched
2026-07-01 12:15:53,987 | INFO | Flights fetched
2026-07-01 12:15:54,003 | INFO | Flights fetched
2026-07-01 12:15:56,245 | INFO | Flights fetched
2026-07-01 12:15:56,253 | INFO | Flights fetched
2026-07-01 12:16:28,938 | INFO | Flights fetched
2026-07-01 12:16:28,948 | INFO | Flights fetched
2026-07-01 12:16:31,241 | INFO | Bookings fetched | count=0
2026-07-01 12:16:31,247 | INFO | Bookings fetched | count=0
2026-07-01 12:16:31,283 | INFO | Hotel bookings fetched | count=0
2026-07-01 12:16:31,290 | INFO | Hotel bookings fetched | count=0
2026-07-01 12:16:34,324 | INFO | Flights fetched
2026-07-01 12:16:34,330 | INFO | Flights fetched
2026-07-01 12:16:39,812 | INFO | Flights fetched
2026-07-01 12:16:39,820 | INFO | Flights fetched
2026-07-01 12:16:45,656 | INFO | Flights fetched
2026-07-01 12:16:45,666 | INFO | Flights fetched
2026-07-01 12:16:51,244 | INFO | Flights fetched
2026-07-01 12:16:51,261 | INFO | Flights fetched
2026-07-01 12:16:57,100 | INFO | Flights fetched
2026-07-01 12:16:57,107 | INFO | Flights fetched
2026-07-01 12:17:02,784 | INFO | Flights fetched
2026-07-01 12:17:02,794 | INFO | Flights fetched
2026-07-01 12:17:08,483 | INFO | Flights fetched
2026-07-01 12:17:08,504 | INFO | Flights fetched
2026-07-01 12:17:10,628 | INFO | Flights fetched
2026-07-01 12:17:10,635 | INFO | Flights fetched
2026-07-01 12:17:17,831 | INFO | Flight booking request received | user=Playwright User | flight_id=1 | passengers=1
2026-07-01 12:17:17,843 | INFO | Flight booked successfully | booking_id=BK3346 | pnr=MMT31041 | user=Playwright User | remaining_seats=39
2026-07-01 12:17:17,851 | INFO | Flights fetched
2026-07-01 12:17:20,952 | INFO | Bookings fetched | count=1
2026-07-01 12:17:20,959 | INFO | Bookings fetched | count=1
2026-07-01 12:17:20,986 | INFO | Hotel bookings fetched | count=0
2026-07-01 12:17:20,992 | INFO | Hotel bookings fetched | count=0
2026-07-01 12:17:24,051 | INFO | Flights fetched
2026-07-01 12:17:24,057 | INFO | Flights fetched
2026-07-01 12:17:26,554 | INFO | Flights fetched
2026-07-01 12:17:26,560 | INFO | Flights fetched
2026-07-01 12:17:28,815 | INFO | Flights fetched
2026-07-01 12:17:28,826 | INFO | Flights fetched
2026-07-01 12:17:31,075 | INFO | Bookings fetched | count=1
2026-07-01 12:17:31,089 | INFO | Bookings fetched | count=1
2026-07-01 12:17:31,112 | INFO | Hotel bookings fetched | count=0
2026-07-01 12:17:31,119 | INFO | Hotel bookings fetched | count=0
2026-07-01 12:17:34,117 | INFO | Flight cancellation request received | booking_id=BK3346
2026-07-01 12:17:34,129 | INFO | Flight booking cancelled | booking_id=BK3346 | restored_seats=1
2026-07-01 12:17:34,139 | INFO | Bookings fetched | count=0
2026-07-01 12:17:34,170 | INFO | Hotel bookings fetched | count=0
2026-07-01 12:17:36,318 | INFO | Flights fetched
2026-07-01 12:17:36,326 | INFO | Flights fetched
2026-07-01 12:17:41,705 | INFO | Buses fetched | count=6
2026-07-01 12:17:41,714 | INFO | Buses fetched | count=6
2026-07-01 12:17:47,097 | INFO | Buses fetched | count=6
2026-07-01 12:17:47,105 | INFO | Buses fetched | count=6
2026-07-01 12:17:49,599 | INFO | Buses fetched | count=6
2026-07-01 12:17:49,607 | INFO | Buses fetched | count=6
2026-07-01 12:17:53,779 | INFO | Bus booking request received | user=Playwright User | bus_id=1 | passengers=1
2026-07-01 12:17:53,798 | INFO | Bus booked successfully | booking_id=BUSBK8922 | pnr=BUS52296 | remaining_seats=17
2026-07-01 12:17:53,815 | INFO | Buses fetched | count=6
2026-07-01 12:17:57,304 | INFO | Bookings fetched | count=0
2026-07-01 12:17:57,320 | INFO | Bookings fetched | count=0
2026-07-01 12:17:57,381 | INFO | Hotel bookings fetched | count=0
2026-07-01 12:17:57,390 | INFO | Hotel bookings fetched | count=0
2026-07-01 12:18:00,537 | INFO | Buses fetched | count=6
2026-07-01 12:18:00,550 | INFO | Buses fetched | count=6
2026-07-01 12:18:02,754 | INFO | Bookings fetched | count=0
2026-07-01 12:18:02,761 | INFO | Bookings fetched | count=0
2026-07-01 12:18:02,789 | INFO | Hotel bookings fetched | count=0
2026-07-01 12:18:02,794 | INFO | Hotel bookings fetched | count=0
2026-07-01 12:18:06,096 | INFO | Bookings fetched | count=0
2026-07-01 12:18:06,150 | INFO | Hotel bookings fetched | count=0
2026-07-01 12:18:08,172 | INFO | Buses fetched | count=6
2026-07-01 12:18:08,182 | INFO | Buses fetched | count=6
2026-07-01 12:18:13,658 | INFO | Buses fetched | count=6
2026-07-01 12:18:13,670 | INFO | Buses fetched | count=6
2026-07-01 12:18:19,145 | INFO | Buses fetched | count=6
2026-07-01 12:18:19,156 | INFO | Buses fetched | count=6
2026-07-01 12:18:24,641 | INFO | Buses fetched | count=6
2026-07-01 12:18:24,650 | INFO | Buses fetched | count=6
2026-07-01 12:18:30,315 | INFO | Buses fetched | count=6
2026-07-01 12:18:30,341 | INFO | Buses fetched | count=6
2026-07-01 12:18:35,982 | INFO | Buses fetched | count=6
2026-07-01 12:18:35,992 | INFO | Buses fetched | count=6
2026-07-01 12:18:41,758 | INFO | Buses fetched | count=6
2026-07-01 12:18:41,766 | INFO | Buses fetched | count=6
2026-07-01 12:18:43,950 | INFO | Buses fetched | count=6
2026-07-01 12:18:43,956 | INFO | Buses fetched | count=6
2026-07-01 12:18:57,225 | INFO | Bus booking request received | user=Playwright User | bus_id=1 | passengers=1
2026-07-01 12:18:57,241 | INFO | Bus booked successfully | booking_id=BUSBK5418 | pnr=BUS24905 | remaining_seats=17
2026-07-01 12:18:57,259 | INFO | Buses fetched | count=6
2026-07-01 12:19:00,777 | INFO | Bookings fetched | count=0
2026-07-01 12:19:00,796 | INFO | Bookings fetched | count=0
2026-07-01 12:19:00,868 | INFO | Hotel bookings fetched | count=0
2026-07-01 12:19:00,882 | INFO | Hotel bookings fetched | count=0
2026-07-01 12:19:03,881 | INFO | Buses fetched | count=6
2026-07-01 12:19:03,886 | INFO | Buses fetched | count=6
2026-07-01 12:19:06,184 | INFO | Buses fetched | count=6
2026-07-01 12:19:06,193 | INFO | Buses fetched | count=6
2026-07-01 12:19:08,602 | INFO | Buses fetched | count=6
2026-07-01 12:19:08,610 | INFO | Buses fetched | count=6
2026-07-01 12:19:10,842 | INFO | Bookings fetched | count=0
2026-07-01 12:19:10,847 | INFO | Bookings fetched | count=0
2026-07-01 12:19:10,875 | INFO | Hotel bookings fetched | count=0
2026-07-01 12:19:10,881 | INFO | Hotel bookings fetched | count=0
2026-07-01 12:19:14,155 | INFO | Bookings fetched | count=0
2026-07-01 12:19:14,201 | INFO | Hotel bookings fetched | count=0
2026-07-01 12:19:16,251 | INFO | Buses fetched | count=6
2026-07-01 12:19:16,260 | INFO | Buses fetched | count=6
2026-07-01 12:19:21,624 | INFO | Trains fetched | count=10
2026-07-01 12:19:21,631 | INFO | Trains fetched | count=10
2026-07-01 12:19:27,040 | INFO | Trains fetched | count=10
2026-07-01 12:19:27,050 | INFO | Trains fetched | count=10
2026-07-01 12:19:29,322 | INFO | Trains fetched | count=10
2026-07-01 12:19:29,327 | INFO | Trains fetched | count=10
2026-07-01 12:19:38,530 | INFO | Train booking request received | user=Playwright User | train_id=1 | passengers=1
2026-07-01 12:19:38,540 | INFO | Train booked successfully | booking_id=TRBK2122 | pnr=TRN30876 | remaining_seats=119
2026-07-01 12:19:38,549 | INFO | Trains fetched | count=10
2026-07-01 12:19:41,753 | INFO | Bookings fetched | count=0
2026-07-01 12:19:41,759 | INFO | Bookings fetched | count=0
2026-07-01 12:19:41,786 | INFO | Hotel bookings fetched | count=0
2026-07-01 12:19:41,790 | INFO | Hotel bookings fetched | count=0
2026-07-01 12:19:44,847 | INFO | Trains fetched | count=10
2026-07-01 12:19:44,854 | INFO | Trains fetched | count=10
2026-07-01 12:19:47,326 | INFO | Bookings fetched | count=0
2026-07-01 12:19:47,331 | INFO | Bookings fetched | count=0
2026-07-01 12:19:47,360 | INFO | Hotel bookings fetched | count=0
2026-07-01 12:19:47,368 | INFO | Hotel bookings fetched | count=0
2026-07-01 12:19:50,630 | INFO | Bookings fetched | count=0
2026-07-01 12:19:50,657 | INFO | Hotel bookings fetched | count=0
2026-07-01 12:19:52,722 | INFO | Trains fetched | count=10
2026-07-01 12:19:52,730 | INFO | Trains fetched | count=10
2026-07-01 12:19:58,236 | INFO | Trains fetched | count=10
2026-07-01 12:19:58,243 | INFO | Trains fetched | count=10
2026-07-01 12:20:03,744 | INFO | Trains fetched | count=10
2026-07-01 12:20:03,753 | INFO | Trains fetched | count=10
2026-07-01 12:20:09,198 | INFO | Trains fetched | count=10
2026-07-01 12:20:09,207 | INFO | Trains fetched | count=10
2026-07-01 12:20:14,677 | INFO | Trains fetched | count=10
2026-07-01 12:20:14,685 | INFO | Trains fetched | count=10
2026-07-01 12:20:20,683 | INFO | Trains fetched | count=10
2026-07-01 12:20:20,707 | INFO | Trains fetched | count=10
2026-07-01 12:20:26,247 | INFO | Trains fetched | count=10
2026-07-01 12:20:26,257 | INFO | Trains fetched | count=10
2026-07-01 12:20:28,818 | INFO | Trains fetched | count=10
2026-07-01 12:20:28,829 | INFO | Trains fetched | count=10
2026-07-01 12:20:32,225 | INFO | Train booking request received | user=Playwright User | train_id=1 | passengers=1
2026-07-01 12:20:32,243 | INFO | Train booked successfully | booking_id=TRBK1004 | pnr=TRN25375 | remaining_seats=119
2026-07-01 12:20:32,266 | INFO | Trains fetched | count=10
2026-07-01 12:20:35,761 | INFO | Bookings fetched | count=0
2026-07-01 12:20:35,792 | INFO | Bookings fetched | count=0
2026-07-01 12:20:35,857 | INFO | Hotel bookings fetched | count=0
2026-07-01 12:20:35,865 | INFO | Hotel bookings fetched | count=0
2026-07-01 12:20:38,872 | INFO | Trains fetched | count=10
2026-07-01 12:20:38,879 | INFO | Trains fetched | count=10
2026-07-01 12:20:41,151 | INFO | Trains fetched | count=10
2026-07-01 12:20:41,159 | INFO | Trains fetched | count=10
2026-07-01 12:20:43,452 | INFO | Trains fetched | count=10
2026-07-01 12:20:43,459 | INFO | Trains fetched | count=10
2026-07-01 12:20:45,667 | INFO | Bookings fetched | count=0
2026-07-01 12:20:45,674 | INFO | Bookings fetched | count=0
2026-07-01 12:20:45,701 | INFO | Hotel bookings fetched | count=0
2026-07-01 12:20:45,708 | INFO | Hotel bookings fetched | count=0
2026-07-01 12:20:48,799 | INFO | Bookings fetched | count=0
2026-07-01 12:20:48,852 | INFO | Hotel bookings fetched | count=0
2026-07-01 12:20:51,023 | INFO | Trains fetched | count=10
2026-07-01 12:20:51,060 | INFO | Trains fetched | count=10
2026-07-01 12:20:56,383 | INFO | Hotels fetched | count=8
2026-07-01 12:20:56,391 | INFO | Hotels fetched | count=8
2026-07-01 12:21:01,752 | INFO | Hotels fetched | count=8
2026-07-01 12:21:01,760 | INFO | Hotels fetched | count=8
2026-07-01 12:21:03,930 | INFO | Hotels fetched | count=8
2026-07-01 12:21:03,937 | INFO | Hotels fetched | count=8
2026-07-01 12:21:07,247 | INFO | Hotel booking request received | user=Playwright User | hotel_id=1 | rooms_requested=1
2026-07-01 12:21:07,266 | INFO | Hotel booked successfully | booking_id=HTBK3321 | pnr=HTL80873 | user=Playwright User | remaining_rooms=19
2026-07-01 12:21:07,288 | INFO | Hotels fetched | count=8
2026-07-01 12:21:10,482 | INFO | Bookings fetched | count=0
2026-07-01 12:21:10,499 | INFO | Bookings fetched | count=0
2026-07-01 12:21:10,557 | INFO | Hotel bookings fetched | count=1
2026-07-01 12:21:10,571 | INFO | Hotel bookings fetched | count=1
2026-07-01 12:21:13,587 | INFO | Hotels fetched | count=8
2026-07-01 12:21:13,594 | INFO | Hotels fetched | count=8
2026-07-01 12:21:15,771 | INFO | Bookings fetched | count=0
2026-07-01 12:21:15,776 | INFO | Bookings fetched | count=0
2026-07-01 12:21:15,802 | INFO | Hotel bookings fetched | count=1
2026-07-01 12:21:15,807 | INFO | Hotel bookings fetched | count=1
2026-07-01 12:21:19,021 | INFO | Hotel cancellation request received | booking_id=HTBK3321
2026-07-01 12:21:19,045 | INFO | Hotel booking cancelled | booking_id=HTBK3321 | restored_rooms=1
2026-07-01 12:21:19,052 | INFO | Bookings fetched | count=0
2026-07-01 12:21:19,072 | INFO | Hotel bookings fetched | count=0
2026-07-01 12:21:21,096 | INFO | Hotels fetched | count=8
2026-07-01 12:21:21,103 | INFO | Hotels fetched | count=8
2026-07-01 12:21:26,328 | INFO | Hotels fetched | count=8
2026-07-01 12:21:26,334 | INFO | Hotels fetched | count=8
2026-07-01 12:21:31,556 | INFO | Hotels fetched | count=8
2026-07-01 12:21:31,563 | INFO | Hotels fetched | count=8
2026-07-01 12:21:36,802 | INFO | Hotels fetched | count=8
2026-07-01 12:21:36,807 | INFO | Hotels fetched | count=8
2026-07-01 12:21:42,069 | INFO | Hotels fetched | count=8
2026-07-01 12:21:42,075 | INFO | Hotels fetched | count=8
2026-07-01 12:21:44,160 | INFO | Hotels fetched | count=8
2026-07-01 12:21:44,163 | INFO | Hotels fetched | count=8
2026-07-01 12:22:04,833 | INFO | Hotel booking request received | user=Playwright User | hotel_id=1 | rooms_requested=1
2026-07-01 12:22:04,844 | INFO | Hotel booked successfully | booking_id=HTBK2881 | pnr=HTL19932 | user=Playwright User | remaining_rooms=19
2026-07-01 12:22:04,849 | INFO | Hotels fetched | count=8
2026-07-01 12:22:08,203 | INFO | Bookings fetched | count=0
2026-07-01 12:22:08,209 | INFO | Bookings fetched | count=0
2026-07-01 12:22:08,228 | INFO | Hotel bookings fetched | count=1
2026-07-01 12:22:08,233 | INFO | Hotel bookings fetched | count=1
2026-07-01 12:22:11,271 | INFO | Hotels fetched | count=8
2026-07-01 12:22:11,275 | INFO | Hotels fetched | count=8
2026-07-01 12:22:13,387 | INFO | Hotels fetched | count=8
2026-07-01 12:22:13,391 | INFO | Hotels fetched | count=8
2026-07-01 12:22:15,492 | INFO | Hotels fetched | count=8
2026-07-01 12:22:15,495 | INFO | Hotels fetched | count=8
2026-07-01 12:22:17,599 | INFO | Bookings fetched | count=0
2026-07-01 12:22:17,604 | INFO | Bookings fetched | count=0
2026-07-01 12:22:17,624 | INFO | Hotel bookings fetched | count=1
2026-07-01 12:22:17,627 | INFO | Hotel bookings fetched | count=1
2026-07-01 12:22:20,862 | INFO | Hotel cancellation request received | booking_id=HTBK2881
2026-07-01 12:22:20,871 | INFO | Hotel booking cancelled | booking_id=HTBK2881 | restored_rooms=1
2026-07-01 12:22:20,875 | INFO | Bookings fetched | count=0
2026-07-01 12:22:20,887 | INFO | Hotel bookings fetched | count=0
2026-07-01 12:22:22,926 | INFO | Hotels fetched | count=8
2026-07-01 12:22:22,930 | INFO | Hotels fetched | count=8
2026-07-01 12:30:25,649 | INFO | Flights fetched
2026-07-01 12:30:25,658 | INFO | Flights fetched
2026-07-01 12:30:28,630 | INFO | Flights fetched
2026-07-01 12:30:28,634 | INFO | Flights fetched
2026-07-01 12:30:30,808 | INFO | Buses fetched | count=6
2026-07-01 12:30:30,812 | INFO | Buses fetched | count=6
2026-07-01 12:30:32,934 | INFO | Trains fetched | count=10
2026-07-01 12:30:32,938 | INFO | Trains fetched | count=10
2026-07-01 12:30:35,073 | INFO | Hotels fetched | count=8
2026-07-01 12:30:35,077 | INFO | Hotels fetched | count=8
2026-07-01 12:30:37,229 | INFO | Flights fetched
2026-07-01 12:30:37,233 | INFO | Flights fetched
2026-07-01 12:30:42,482 | INFO | Flights fetched
2026-07-01 12:30:42,489 | INFO | Flights fetched
2026-07-01 12:30:44,630 | INFO | Flights fetched
2026-07-01 12:30:44,635 | INFO | Flights fetched
2026-07-01 12:31:16,877 | INFO | Flights fetched
2026-07-01 12:31:16,882 | INFO | Flights fetched
2026-07-01 12:31:19,023 | INFO | Bookings fetched | count=0
2026-07-01 12:31:19,027 | INFO | Bookings fetched | count=0
2026-07-01 12:31:19,045 | INFO | Hotel bookings fetched | count=0
2026-07-01 12:31:19,051 | INFO | Hotel bookings fetched | count=0
2026-07-01 12:31:22,089 | INFO | Flights fetched
2026-07-01 12:31:22,094 | INFO | Flights fetched
2026-07-01 12:31:27,361 | INFO | Flights fetched
2026-07-01 12:31:27,366 | INFO | Flights fetched
2026-07-01 12:31:32,624 | INFO | Flights fetched
2026-07-01 12:31:32,630 | INFO | Flights fetched
2026-07-01 12:31:37,888 | INFO | Flights fetched
2026-07-01 12:31:37,893 | INFO | Flights fetched
2026-07-01 12:31:43,124 | INFO | Flights fetched
2026-07-01 12:31:43,129 | INFO | Flights fetched
2026-07-01 12:31:48,389 | INFO | Flights fetched
2026-07-01 12:31:48,394 | INFO | Flights fetched
2026-07-01 12:31:53,642 | INFO | Flights fetched
2026-07-01 12:31:53,647 | INFO | Flights fetched
2026-07-01 12:31:55,801 | INFO | Flights fetched
2026-07-01 12:31:55,805 | INFO | Flights fetched
2026-07-01 12:32:28,308 | INFO | Flights fetched
2026-07-01 12:32:28,313 | INFO | Flights fetched
2026-07-01 12:32:30,459 | INFO | Flights fetched
2026-07-01 12:32:30,463 | INFO | Flights fetched
2026-07-01 12:32:32,609 | INFO | Flights fetched
2026-07-01 12:32:32,613 | INFO | Flights fetched
2026-07-01 12:32:34,752 | INFO | Bookings fetched | count=0
2026-07-01 12:32:34,756 | INFO | Bookings fetched | count=0
2026-07-01 12:32:34,775 | INFO | Hotel bookings fetched | count=0
2026-07-01 12:32:34,779 | INFO | Hotel bookings fetched | count=0
2026-07-01 12:32:37,827 | INFO | Flights fetched
2026-07-01 12:32:37,832 | INFO | Flights fetched
2026-07-01 12:32:43,036 | INFO | Buses fetched | count=6
2026-07-01 12:32:43,041 | INFO | Buses fetched | count=6
2026-07-01 12:32:48,245 | INFO | Buses fetched | count=6
2026-07-01 12:32:48,250 | INFO | Buses fetched | count=6
2026-07-01 12:32:50,373 | INFO | Buses fetched | count=6
2026-07-01 12:32:50,377 | INFO | Buses fetched | count=6
2026-07-01 12:33:22,564 | INFO | Buses fetched | count=6
2026-07-01 12:33:22,571 | INFO | Buses fetched | count=6
2026-07-01 12:33:24,718 | INFO | Bookings fetched | count=0
2026-07-01 12:33:24,722 | INFO | Bookings fetched | count=0
2026-07-01 12:33:24,740 | INFO | Hotel bookings fetched | count=0
2026-07-01 12:33:24,743 | INFO | Hotel bookings fetched | count=0
2026-07-01 12:33:27,781 | INFO | Buses fetched | count=6
2026-07-01 12:33:27,785 | INFO | Buses fetched | count=6
2026-07-01 12:33:33,026 | INFO | Buses fetched | count=6
2026-07-01 12:33:33,031 | INFO | Buses fetched | count=6
2026-07-01 12:33:38,246 | INFO | Buses fetched | count=6
2026-07-01 12:33:38,251 | INFO | Buses fetched | count=6
2026-07-01 12:33:43,494 | INFO | Buses fetched | count=6
2026-07-01 12:33:43,501 | INFO | Buses fetched | count=6
2026-07-01 12:33:48,737 | INFO | Buses fetched | count=6
2026-07-01 12:33:48,742 | INFO | Buses fetched | count=6
2026-07-01 12:33:53,977 | INFO | Buses fetched | count=6
2026-07-01 12:33:53,982 | INFO | Buses fetched | count=6
2026-07-01 12:33:59,258 | INFO | Buses fetched | count=6
2026-07-01 12:33:59,263 | INFO | Buses fetched | count=6
2026-07-01 12:34:01,412 | INFO | Buses fetched | count=6
2026-07-01 12:34:01,417 | INFO | Buses fetched | count=6
2026-07-01 12:34:33,907 | INFO | Buses fetched | count=6
2026-07-01 12:34:33,912 | INFO | Buses fetched | count=6
2026-07-01 12:34:36,065 | INFO | Buses fetched | count=6
2026-07-01 12:34:36,069 | INFO | Buses fetched | count=6
2026-07-01 12:34:38,219 | INFO | Buses fetched | count=6
2026-07-01 12:34:38,225 | INFO | Buses fetched | count=6
2026-07-01 12:34:40,353 | INFO | Bookings fetched | count=0
2026-07-01 12:34:40,365 | INFO | Bookings fetched | count=0
2026-07-01 12:34:40,390 | INFO | Hotel bookings fetched | count=0
2026-07-01 12:34:40,394 | INFO | Hotel bookings fetched | count=0
2026-07-01 12:34:43,431 | INFO | Buses fetched | count=6
2026-07-01 12:34:43,434 | INFO | Buses fetched | count=6
2026-07-01 12:34:48,636 | INFO | Trains fetched | count=10
2026-07-01 12:34:48,643 | INFO | Trains fetched | count=10
2026-07-01 12:34:53,846 | INFO | Trains fetched | count=10
2026-07-01 12:34:53,853 | INFO | Trains fetched | count=10
2026-07-01 12:34:55,990 | INFO | Trains fetched | count=10
2026-07-01 12:34:55,994 | INFO | Trains fetched | count=10
2026-07-01 12:35:28,208 | INFO | Trains fetched | count=10
2026-07-01 12:35:28,213 | INFO | Trains fetched | count=10
2026-07-01 12:35:30,360 | INFO | Bookings fetched | count=0
2026-07-01 12:35:30,363 | INFO | Bookings fetched | count=0
2026-07-01 12:35:30,380 | INFO | Hotel bookings fetched | count=0
2026-07-01 12:35:30,386 | INFO | Hotel bookings fetched | count=0
2026-07-01 12:35:33,418 | INFO | Trains fetched | count=10
2026-07-01 12:35:33,422 | INFO | Trains fetched | count=10
2026-07-01 12:35:38,648 | INFO | Trains fetched | count=10
2026-07-01 12:35:38,654 | INFO | Trains fetched | count=10
2026-07-01 12:35:43,889 | INFO | Trains fetched | count=10
2026-07-01 12:35:43,895 | INFO | Trains fetched | count=10
2026-07-01 12:35:49,144 | INFO | Trains fetched | count=10
2026-07-01 12:35:49,151 | INFO | Trains fetched | count=10
2026-07-01 12:35:54,356 | INFO | Trains fetched | count=10
2026-07-01 12:35:54,361 | INFO | Trains fetched | count=10
2026-07-01 12:35:59,614 | INFO | Trains fetched | count=10
2026-07-01 12:35:59,620 | INFO | Trains fetched | count=10
2026-07-01 12:36:04,859 | INFO | Trains fetched | count=10
2026-07-01 12:36:04,864 | INFO | Trains fetched | count=10
2026-07-01 12:36:07,016 | INFO | Trains fetched | count=10
2026-07-01 12:36:07,021 | INFO | Trains fetched | count=10
2026-07-01 12:36:39,520 | INFO | Trains fetched | count=10
2026-07-01 12:36:39,526 | INFO | Trains fetched | count=10
2026-07-01 12:36:41,673 | INFO | Trains fetched | count=10
2026-07-01 12:36:41,678 | INFO | Trains fetched | count=10
2026-07-01 12:36:43,814 | INFO | Trains fetched | count=10
2026-07-01 12:36:43,818 | INFO | Trains fetched | count=10
2026-07-01 12:36:45,936 | INFO | Bookings fetched | count=0
2026-07-01 12:36:45,940 | INFO | Bookings fetched | count=0
2026-07-01 12:36:45,957 | INFO | Hotel bookings fetched | count=0
2026-07-01 12:36:45,961 | INFO | Hotel bookings fetched | count=0
2026-07-01 12:36:49,001 | INFO | Trains fetched | count=10
2026-07-01 12:36:49,004 | INFO | Trains fetched | count=10
2026-07-01 12:36:54,239 | INFO | Hotels fetched | count=8
2026-07-01 12:36:54,245 | INFO | Hotels fetched | count=8
2026-07-01 12:36:59,454 | INFO | Hotels fetched | count=8
2026-07-01 12:36:59,460 | INFO | Hotels fetched | count=8
2026-07-01 12:37:01,568 | INFO | Hotels fetched | count=8
2026-07-01 12:37:01,573 | INFO | Hotels fetched | count=8
2026-07-01 12:37:33,732 | INFO | Hotels fetched | count=8
2026-07-01 12:37:33,735 | INFO | Hotels fetched | count=8
2026-07-01 12:37:35,837 | INFO | Bookings fetched | count=0
2026-07-01 12:37:35,841 | INFO | Bookings fetched | count=0
2026-07-01 12:37:35,855 | INFO | Hotel bookings fetched | count=0
2026-07-01 12:37:35,858 | INFO | Hotel bookings fetched | count=0
2026-07-01 12:37:38,905 | INFO | Hotels fetched | count=8
2026-07-01 12:37:38,908 | INFO | Hotels fetched | count=8
2026-07-01 12:37:44,100 | INFO | Hotels fetched | count=8
2026-07-01 12:37:44,105 | INFO | Hotels fetched | count=8
2026-07-01 12:37:49,297 | INFO | Hotels fetched | count=8
2026-07-01 12:37:49,303 | INFO | Hotels fetched | count=8
2026-07-01 12:37:54,529 | INFO | Hotels fetched | count=8
2026-07-01 12:37:54,534 | INFO | Hotels fetched | count=8
2026-07-01 12:37:59,731 | INFO | Hotels fetched | count=8
2026-07-01 12:37:59,737 | INFO | Hotels fetched | count=8
2026-07-01 12:38:01,848 | INFO | Hotels fetched | count=8
2026-07-01 12:38:01,854 | INFO | Hotels fetched | count=8
2026-07-01 12:38:34,309 | INFO | Hotels fetched | count=8
2026-07-01 12:38:34,314 | INFO | Hotels fetched | count=8
2026-07-01 12:38:36,417 | INFO | Hotels fetched | count=8
2026-07-01 12:38:36,420 | INFO | Hotels fetched | count=8
2026-07-01 12:38:38,529 | INFO | Hotels fetched | count=8
2026-07-01 12:38:38,533 | INFO | Hotels fetched | count=8
2026-07-01 12:38:40,636 | INFO | Bookings fetched | count=0
2026-07-01 12:38:40,639 | INFO | Bookings fetched | count=0
2026-07-01 12:38:40,654 | INFO | Hotel bookings fetched | count=0
2026-07-01 12:38:40,659 | INFO | Hotel bookings fetched | count=0
2026-07-01 12:38:43,709 | INFO | Hotels fetched | count=8
2026-07-01 12:38:43,713 | INFO | Hotels fetched | count=8
2026-07-01 12:58:28,781 | INFO | Flights fetched
2026-07-01 12:58:28,789 | INFO | Flights fetched
2026-07-01 12:58:31,772 | INFO | Flights fetched
2026-07-01 12:58:31,778 | INFO | Flights fetched
2026-07-01 12:58:33,978 | INFO | Buses fetched | count=6
2026-07-01 12:58:33,982 | INFO | Buses fetched | count=6
2026-07-01 12:58:36,078 | INFO | Trains fetched | count=10
2026-07-01 12:58:36,081 | INFO | Trains fetched | count=10
2026-07-01 12:58:38,225 | INFO | Hotels fetched | count=8
2026-07-01 12:58:38,228 | INFO | Hotels fetched | count=8
2026-07-01 12:58:40,383 | INFO | Flights fetched
2026-07-01 12:58:40,387 | INFO | Flights fetched
2026-07-01 12:58:45,652 | INFO | Flights fetched
2026-07-01 12:58:45,659 | INFO | Flights fetched
2026-07-01 12:58:47,808 | INFO | Flights fetched
2026-07-01 12:58:47,812 | INFO | Flights fetched
2026-07-01 12:59:20,038 | INFO | Flights fetched
2026-07-01 12:59:20,042 | INFO | Flights fetched
2026-07-01 12:59:22,189 | INFO | Bookings fetched | count=0
2026-07-01 12:59:22,193 | INFO | Bookings fetched | count=0
2026-07-01 12:59:22,213 | INFO | Hotel bookings fetched | count=0
2026-07-01 12:59:22,218 | INFO | Hotel bookings fetched | count=0
2026-07-01 12:59:25,243 | INFO | Flights fetched
2026-07-01 12:59:25,247 | INFO | Flights fetched
2026-07-01 12:59:30,495 | INFO | Flights fetched
2026-07-01 12:59:30,500 | INFO | Flights fetched
2026-07-01 12:59:35,774 | INFO | Flights fetched
2026-07-01 12:59:35,779 | INFO | Flights fetched
2026-07-01 12:59:41,004 | INFO | Flights fetched
2026-07-01 12:59:41,008 | INFO | Flights fetched
2026-07-01 12:59:46,220 | INFO | Flights fetched
2026-07-01 12:59:46,224 | INFO | Flights fetched
2026-07-01 12:59:51,490 | INFO | Flights fetched
2026-07-01 12:59:51,495 | INFO | Flights fetched
2026-07-01 12:59:56,740 | INFO | Flights fetched
2026-07-01 12:59:56,746 | INFO | Flights fetched
2026-07-01 12:59:58,887 | INFO | Flights fetched
2026-07-01 12:59:58,891 | INFO | Flights fetched
2026-07-01 13:00:31,426 | INFO | Flights fetched
2026-07-01 13:00:31,431 | INFO | Flights fetched
2026-07-01 13:00:33,542 | INFO | Flights fetched
2026-07-01 13:00:33,546 | INFO | Flights fetched
2026-07-01 13:00:35,680 | INFO | Flights fetched
2026-07-01 13:00:35,685 | INFO | Flights fetched
2026-07-01 13:00:37,802 | INFO | Bookings fetched | count=0
2026-07-01 13:00:37,807 | INFO | Bookings fetched | count=0
2026-07-01 13:00:37,824 | INFO | Hotel bookings fetched | count=0
2026-07-01 13:00:37,827 | INFO | Hotel bookings fetched | count=0
2026-07-01 13:00:40,874 | INFO | Flights fetched
2026-07-01 13:00:40,879 | INFO | Flights fetched
2026-07-01 13:00:46,073 | INFO | Buses fetched | count=6
2026-07-01 13:00:46,080 | INFO | Buses fetched | count=6
2026-07-01 13:00:51,267 | INFO | Buses fetched | count=6
2026-07-01 13:00:51,275 | INFO | Buses fetched | count=6
2026-07-01 13:00:53,380 | INFO | Buses fetched | count=6
2026-07-01 13:00:53,384 | INFO | Buses fetched | count=6
2026-07-01 13:01:18,063 | INFO | Bus booking request received | user=Playwright User | bus_id=1 | passengers=1
2026-07-01 13:01:18,072 | INFO | Bus booked successfully | booking_id=BUSBK1777 | pnr=BUS22043 | remaining_seats=17
2026-07-01 13:01:18,077 | INFO | Buses fetched | count=6
2026-07-01 13:01:21,127 | INFO | Bookings fetched | count=0
2026-07-01 13:01:21,130 | INFO | Bookings fetched | count=0
2026-07-01 13:01:21,145 | INFO | Hotel bookings fetched | count=0
2026-07-01 13:01:21,148 | INFO | Hotel bookings fetched | count=0
2026-07-01 13:01:24,192 | INFO | Buses fetched | count=6
2026-07-01 13:01:24,196 | INFO | Buses fetched | count=6
2026-07-01 13:01:26,344 | INFO | Bookings fetched | count=0
2026-07-01 13:01:26,348 | INFO | Bookings fetched | count=0
2026-07-01 13:01:26,363 | INFO | Hotel bookings fetched | count=0
2026-07-01 13:01:26,368 | INFO | Hotel bookings fetched | count=0
2026-07-01 13:01:29,642 | INFO | Bookings fetched | count=0
2026-07-01 13:01:29,656 | INFO | Hotel bookings fetched | count=0
2026-07-01 13:01:31,717 | INFO | Buses fetched | count=6
2026-07-01 13:01:31,722 | INFO | Buses fetched | count=6
2026-07-01 13:01:36,991 | INFO | Buses fetched | count=6
2026-07-01 13:01:36,996 | INFO | Buses fetched | count=6
2026-07-01 13:01:42,226 | INFO | Buses fetched | count=6
2026-07-01 13:01:42,234 | INFO | Buses fetched | count=6
2026-07-01 13:01:47,490 | INFO | Buses fetched | count=6
2026-07-01 13:01:47,496 | INFO | Buses fetched | count=6
2026-07-01 13:01:52,740 | INFO | Buses fetched | count=6
2026-07-01 13:01:52,746 | INFO | Buses fetched | count=6
2026-07-01 13:01:57,976 | INFO | Buses fetched | count=6
2026-07-01 13:01:57,982 | INFO | Buses fetched | count=6
2026-07-01 13:02:03,223 | INFO | Buses fetched | count=6
2026-07-01 13:02:03,229 | INFO | Buses fetched | count=6
2026-07-01 13:02:05,372 | INFO | Buses fetched | count=6
2026-07-01 13:02:05,377 | INFO | Buses fetched | count=6
2026-07-01 13:02:37,878 | INFO | Buses fetched | count=6
2026-07-01 13:02:37,883 | INFO | Buses fetched | count=6
2026-07-01 13:02:40,018 | INFO | Buses fetched | count=6
2026-07-01 13:02:40,021 | INFO | Buses fetched | count=6
2026-07-01 13:02:42,158 | INFO | Buses fetched | count=6
2026-07-01 13:02:42,163 | INFO | Buses fetched | count=6
2026-07-01 13:02:44,311 | INFO | Bookings fetched | count=0
2026-07-01 13:02:44,314 | INFO | Bookings fetched | count=0
2026-07-01 13:02:44,331 | INFO | Hotel bookings fetched | count=0
2026-07-01 13:02:44,334 | INFO | Hotel bookings fetched | count=0
2026-07-01 13:02:47,377 | INFO | Buses fetched | count=6
2026-07-01 13:02:47,382 | INFO | Buses fetched | count=6
2026-07-01 13:02:52,606 | INFO | Trains fetched | count=10
2026-07-01 13:02:52,612 | INFO | Trains fetched | count=10
2026-07-01 13:02:57,813 | INFO | Trains fetched | count=10
2026-07-01 13:02:57,818 | INFO | Trains fetched | count=10
2026-07-01 13:02:59,958 | INFO | Trains fetched | count=10
2026-07-01 13:02:59,962 | INFO | Trains fetched | count=10
2026-07-01 13:03:32,177 | INFO | Trains fetched | count=10
2026-07-01 13:03:32,181 | INFO | Trains fetched | count=10
2026-07-01 13:03:34,299 | INFO | Bookings fetched | count=0
2026-07-01 13:03:34,304 | INFO | Bookings fetched | count=0
2026-07-01 13:03:34,319 | INFO | Hotel bookings fetched | count=0
2026-07-01 13:03:34,322 | INFO | Hotel bookings fetched | count=0
2026-07-01 13:03:37,363 | INFO | Trains fetched | count=10
2026-07-01 13:03:37,367 | INFO | Trains fetched | count=10
2026-07-01 13:03:42,647 | INFO | Trains fetched | count=10
2026-07-01 13:03:42,653 | INFO | Trains fetched | count=10
2026-07-01 13:03:47,879 | INFO | Trains fetched | count=10
2026-07-01 13:03:47,886 | INFO | Trains fetched | count=10
2026-07-01 13:03:53,150 | INFO | Trains fetched | count=10
2026-07-01 13:03:53,155 | INFO | Trains fetched | count=10
2026-07-01 13:03:58,391 | INFO | Trains fetched | count=10
2026-07-01 13:03:58,396 | INFO | Trains fetched | count=10
2026-07-01 13:04:03,646 | INFO | Trains fetched | count=10
2026-07-01 13:04:03,651 | INFO | Trains fetched | count=10
2026-07-01 13:04:08,878 | INFO | Trains fetched | count=10
2026-07-01 13:04:08,884 | INFO | Trains fetched | count=10
2026-07-01 13:04:11,039 | INFO | Trains fetched | count=10
2026-07-01 13:04:11,044 | INFO | Trains fetched | count=10
2026-07-01 13:04:30,013 | INFO | Train booking request received | user=Playwright User | train_id=1 | passengers=1
2026-07-01 13:04:30,023 | INFO | Train booked successfully | booking_id=TRBK2351 | pnr=TRN31165 | remaining_seats=119
2026-07-01 13:04:30,029 | INFO | Trains fetched | count=10
2026-07-01 13:04:33,389 | INFO | Bookings fetched | count=0
2026-07-01 13:04:33,392 | INFO | Bookings fetched | count=0
2026-07-01 13:04:33,412 | INFO | Hotel bookings fetched | count=0
2026-07-01 13:04:33,415 | INFO | Hotel bookings fetched | count=0
2026-07-01 13:04:36,453 | INFO | Trains fetched | count=10
2026-07-01 13:04:36,456 | INFO | Trains fetched | count=10
2026-07-01 13:04:38,590 | INFO | Trains fetched | count=10
2026-07-01 13:04:38,596 | INFO | Trains fetched | count=10
2026-07-01 13:04:40,740 | INFO | Trains fetched | count=10
2026-07-01 13:04:40,747 | INFO | Trains fetched | count=10
2026-07-01 13:04:42,887 | INFO | Bookings fetched | count=0
2026-07-01 13:04:42,891 | INFO | Bookings fetched | count=0
2026-07-01 13:04:42,908 | INFO | Hotel bookings fetched | count=0
2026-07-01 13:04:42,913 | INFO | Hotel bookings fetched | count=0
2026-07-01 13:04:46,164 | INFO | Bookings fetched | count=0
2026-07-01 13:04:46,176 | INFO | Hotel bookings fetched | count=0
2026-07-01 13:04:48,213 | INFO | Trains fetched | count=10
2026-07-01 13:04:48,218 | INFO | Trains fetched | count=10
2026-07-01 13:04:53,433 | INFO | Hotels fetched | count=8
2026-07-01 13:04:53,436 | INFO | Hotels fetched | count=8
2026-07-01 13:04:58,618 | INFO | Hotels fetched | count=8
2026-07-01 13:04:58,623 | INFO | Hotels fetched | count=8
2026-07-01 13:05:00,749 | INFO | Hotels fetched | count=8
2026-07-01 13:05:00,754 | INFO | Hotels fetched | count=8
2026-07-01 13:05:32,915 | INFO | Hotels fetched | count=8
2026-07-01 13:05:32,921 | INFO | Hotels fetched | count=8
2026-07-01 13:05:35,043 | INFO | Bookings fetched | count=0
2026-07-01 13:05:35,046 | INFO | Bookings fetched | count=0
2026-07-01 13:05:35,063 | INFO | Hotel bookings fetched | count=0
2026-07-01 13:05:35,067 | INFO | Hotel bookings fetched | count=0
2026-07-01 13:05:38,106 | INFO | Hotels fetched | count=8
2026-07-01 13:05:38,110 | INFO | Hotels fetched | count=8
2026-07-01 13:05:43,327 | INFO | Hotels fetched | count=8
2026-07-01 13:05:43,332 | INFO | Hotels fetched | count=8
2026-07-01 13:05:48,545 | INFO | Hotels fetched | count=8
2026-07-01 13:05:48,549 | INFO | Hotels fetched | count=8
2026-07-01 13:05:53,766 | INFO | Hotels fetched | count=8
2026-07-01 13:05:53,772 | INFO | Hotels fetched | count=8
2026-07-01 13:05:58,992 | INFO | Hotels fetched | count=8
2026-07-01 13:05:59,001 | INFO | Hotels fetched | count=8
2026-07-01 13:06:01,108 | INFO | Hotels fetched | count=8
2026-07-01 13:06:01,111 | INFO | Hotels fetched | count=8
2026-07-01 13:06:33,561 | INFO | Hotels fetched | count=8
2026-07-01 13:06:33,566 | INFO | Hotels fetched | count=8
2026-07-01 13:06:35,679 | INFO | Hotels fetched | count=8
2026-07-01 13:06:35,683 | INFO | Hotels fetched | count=8
2026-07-01 13:06:37,793 | INFO | Hotels fetched | count=8
2026-07-01 13:06:37,798 | INFO | Hotels fetched | count=8
2026-07-01 13:06:39,909 | INFO | Bookings fetched | count=0
2026-07-01 13:06:39,914 | INFO | Bookings fetched | count=0
2026-07-01 13:06:39,931 | INFO | Hotel bookings fetched | count=0
2026-07-01 13:06:39,934 | INFO | Hotel bookings fetched | count=0
2026-07-01 13:06:42,978 | INFO | Hotels fetched | count=8
2026-07-01 13:06:42,981 | INFO | Hotels fetched | count=8
2026-07-01 14:00:34,333 | INFO | Buses fetched | count=6
2026-07-01 14:00:34,338 | INFO | Buses fetched | count=6
2026-07-01 14:00:36,465 | INFO | Trains fetched | count=10
2026-07-01 14:00:36,470 | INFO | Trains fetched | count=10
2026-07-01 14:00:38,617 | INFO | Hotels fetched | count=8
2026-07-01 14:00:38,620 | INFO | Hotels fetched | count=8
2026-07-01 14:09:24,680 | INFO | Flights fetched
2026-07-01 14:09:24,730 | INFO | Flights fetched
2026-07-01 14:09:24,735 | INFO | Flights fetched
2026-07-01 14:10:14,407 | INFO | Flights fetched
2026-07-01 14:10:14,412 | INFO | Flights fetched
2026-07-01 14:10:17,402 | INFO | Flights fetched
2026-07-01 14:10:17,407 | INFO | Flights fetched
2026-07-01 14:10:19,616 | INFO | Buses fetched | count=6
2026-07-01 14:10:19,620 | INFO | Buses fetched | count=6
2026-07-01 14:10:21,780 | INFO | Trains fetched | count=10
2026-07-01 14:10:21,784 | INFO | Trains fetched | count=10
2026-07-01 14:10:23,957 | INFO | Hotels fetched | count=8
2026-07-01 14:10:23,961 | INFO | Hotels fetched | count=8
2026-07-01 14:10:26,125 | INFO | Flights fetched
2026-07-01 14:10:26,129 | INFO | Flights fetched
2026-07-01 14:10:31,347 | INFO | Flights fetched
2026-07-01 14:10:31,357 | INFO | Flights fetched
2026-07-01 14:10:33,489 | INFO | Flights fetched
2026-07-01 14:10:33,493 | INFO | Flights fetched
2026-07-01 14:10:42,823 | INFO | Bookings fetched | count=0
2026-07-01 14:10:42,839 | INFO | Bookings fetched | count=0
2026-07-01 14:10:42,910 | INFO | Hotel bookings fetched | count=0
2026-07-01 14:10:42,921 | INFO | Hotel bookings fetched | count=0
2026-07-01 14:11:06,140 | INFO | Flights fetched
2026-07-01 14:11:06,149 | INFO | Flights fetched
2026-07-01 14:11:08,377 | INFO | Bookings fetched | count=0
2026-07-01 14:11:08,384 | INFO | Bookings fetched | count=0
2026-07-01 14:11:08,414 | INFO | Hotel bookings fetched | count=0
2026-07-01 14:11:08,420 | INFO | Hotel bookings fetched | count=0
2026-07-01 14:11:11,481 | INFO | Flights fetched
2026-07-01 14:11:11,489 | INFO | Flights fetched
2026-07-01 14:11:17,072 | INFO | Flights fetched
2026-07-01 14:11:17,083 | INFO | Flights fetched
2026-07-01 14:11:22,657 | INFO | Flights fetched
2026-07-01 14:11:22,685 | INFO | Flights fetched
2026-07-01 14:11:28,108 | INFO | Flights fetched
2026-07-01 14:11:28,117 | INFO | Flights fetched
2026-07-01 14:11:33,521 | INFO | Flights fetched
2026-07-01 14:11:33,530 | INFO | Flights fetched
2026-07-01 14:11:39,096 | INFO | Flights fetched
2026-07-01 14:11:39,104 | INFO | Flights fetched
2026-07-01 14:11:44,744 | INFO | Flights fetched
2026-07-01 14:11:44,751 | INFO | Flights fetched
2026-07-01 14:11:47,015 | INFO | Flights fetched
2026-07-01 14:11:47,022 | INFO | Flights fetched
2026-07-01 14:11:52,285 | INFO | Flight booking request received | user=Playwright User | flight_id=1 | passengers=1
2026-07-01 14:11:52,301 | INFO | Flight booked successfully | booking_id=BK9336 | pnr=MMT59948 | user=Playwright User | remaining_seats=39
2026-07-01 14:11:52,311 | INFO | Flights fetched
2026-07-01 14:11:55,508 | INFO | Bookings fetched | count=1
2026-07-01 14:11:55,521 | INFO | Bookings fetched | count=1
2026-07-01 14:11:55,569 | INFO | Hotel bookings fetched | count=0
2026-07-01 14:11:55,580 | INFO | Hotel bookings fetched | count=0
2026-07-01 14:11:58,613 | INFO | Flights fetched
2026-07-01 14:11:58,619 | INFO | Flights fetched
2026-07-01 14:12:00,879 | INFO | Flights fetched
2026-07-01 14:12:00,886 | INFO | Flights fetched
2026-07-01 14:12:03,109 | INFO | Flights fetched
2026-07-01 14:12:03,119 | INFO | Flights fetched
2026-07-01 14:12:05,363 | INFO | Bookings fetched | count=1
2026-07-01 14:12:05,372 | INFO | Bookings fetched | count=1
2026-07-01 14:12:05,409 | INFO | Hotel bookings fetched | count=0
2026-07-01 14:12:05,415 | INFO | Hotel bookings fetched | count=0
2026-07-01 14:12:08,668 | INFO | Flight cancellation request received | booking_id=BK9336
2026-07-01 14:12:08,683 | INFO | Flight booking cancelled | booking_id=BK9336 | restored_seats=1
2026-07-01 14:12:08,702 | INFO | Bookings fetched | count=0
2026-07-01 14:12:08,757 | INFO | Hotel bookings fetched | count=0
2026-07-01 14:12:10,818 | INFO | Flights fetched
2026-07-01 14:12:10,827 | INFO | Flights fetched
2026-07-01 14:12:16,272 | INFO | Buses fetched | count=6
2026-07-01 14:12:16,280 | INFO | Buses fetched | count=6
2026-07-01 14:12:21,736 | INFO | Buses fetched | count=6
2026-07-01 14:12:21,758 | INFO | Buses fetched | count=6
2026-07-01 14:12:23,954 | INFO | Buses fetched | count=6
2026-07-01 14:12:23,965 | INFO | Buses fetched | count=6
2026-07-01 14:12:27,334 | INFO | Bus booking request received | user=Playwright User | bus_id=1 | passengers=1
2026-07-01 14:12:27,345 | INFO | Bus booked successfully | booking_id=BUSBK1450 | pnr=BUS50080 | remaining_seats=17
2026-07-01 14:12:27,353 | INFO | Buses fetched | count=6
2026-07-01 14:12:30,751 | INFO | Bookings fetched | count=0
2026-07-01 14:12:30,756 | INFO | Bookings fetched | count=0
2026-07-01 14:12:30,783 | INFO | Hotel bookings fetched | count=0
2026-07-01 14:12:30,787 | INFO | Hotel bookings fetched | count=0
2026-07-01 14:12:33,962 | INFO | Buses fetched | count=6
2026-07-01 14:12:33,968 | INFO | Buses fetched | count=6
2026-07-01 14:12:36,211 | INFO | Bookings fetched | count=0
2026-07-01 14:12:36,218 | INFO | Bookings fetched | count=0
2026-07-01 14:12:36,245 | INFO | Hotel bookings fetched | count=0
2026-07-01 14:12:36,250 | INFO | Hotel bookings fetched | count=0
2026-07-01 14:12:39,536 | INFO | Bookings fetched | count=0
2026-07-01 14:12:39,579 | INFO | Hotel bookings fetched | count=0
2026-07-01 14:12:41,625 | INFO | Buses fetched | count=6
2026-07-01 14:12:41,633 | INFO | Buses fetched | count=6
2026-07-01 14:12:47,360 | INFO | Buses fetched | count=6
2026-07-01 14:12:47,369 | INFO | Buses fetched | count=6
2026-07-01 14:12:52,855 | INFO | Buses fetched | count=6
2026-07-01 14:12:52,864 | INFO | Buses fetched | count=6
2026-07-01 14:12:58,278 | INFO | Buses fetched | count=6
2026-07-01 14:12:58,287 | INFO | Buses fetched | count=6
2026-07-01 14:13:03,905 | INFO | Buses fetched | count=6
2026-07-01 14:13:03,917 | INFO | Buses fetched | count=6
2026-07-01 14:13:09,307 | INFO | Buses fetched | count=6
2026-07-01 14:13:09,315 | INFO | Buses fetched | count=6
2026-07-01 14:13:14,754 | INFO | Buses fetched | count=6
2026-07-01 14:13:14,762 | INFO | Buses fetched | count=6
2026-07-01 14:13:17,072 | INFO | Buses fetched | count=6
2026-07-01 14:13:17,079 | INFO | Buses fetched | count=6
2026-07-01 14:13:49,710 | INFO | Buses fetched | count=6
2026-07-01 14:13:49,719 | INFO | Buses fetched | count=6
2026-07-01 14:13:51,969 | INFO | Buses fetched | count=6
2026-07-01 14:13:51,976 | INFO | Buses fetched | count=6
2026-07-01 14:13:54,243 | INFO | Buses fetched | count=6
2026-07-01 14:13:54,251 | INFO | Buses fetched | count=6
2026-07-01 14:13:56,749 | INFO | Bookings fetched | count=0
2026-07-01 14:13:56,761 | INFO | Bookings fetched | count=0
2026-07-01 14:13:56,809 | INFO | Hotel bookings fetched | count=0
2026-07-01 14:13:56,817 | INFO | Hotel bookings fetched | count=0
2026-07-01 14:13:59,855 | INFO | Buses fetched | count=6
2026-07-01 14:13:59,862 | INFO | Buses fetched | count=6
2026-07-01 14:14:05,248 | INFO | Trains fetched | count=10
2026-07-01 14:14:05,260 | INFO | Trains fetched | count=10
2026-07-01 14:14:10,693 | INFO | Trains fetched | count=10
2026-07-01 14:14:10,703 | INFO | Trains fetched | count=10
2026-07-01 14:14:12,986 | INFO | Trains fetched | count=10
2026-07-01 14:14:12,994 | INFO | Trains fetched | count=10
2026-07-01 14:14:16,369 | INFO | Train booking request received | user=Playwright User | train_id=1 | passengers=1
2026-07-01 14:14:16,388 | INFO | Train booked successfully | booking_id=TRBK3260 | pnr=TRN84899 | remaining_seats=119
2026-07-01 14:14:16,409 | INFO | Trains fetched | count=10
2026-07-01 14:14:19,582 | INFO | Bookings fetched | count=0
2026-07-01 14:14:19,595 | INFO | Bookings fetched | count=0
2026-07-01 14:14:19,646 | INFO | Hotel bookings fetched | count=0
2026-07-01 14:14:19,651 | INFO | Hotel bookings fetched | count=0
2026-07-01 14:14:22,715 | INFO | Trains fetched | count=10
2026-07-01 14:14:22,723 | INFO | Trains fetched | count=10
2026-07-01 14:14:25,015 | INFO | Bookings fetched | count=0
2026-07-01 14:14:25,022 | INFO | Bookings fetched | count=0
2026-07-01 14:14:25,052 | INFO | Hotel bookings fetched | count=0
2026-07-01 14:14:25,059 | INFO | Hotel bookings fetched | count=0
2026-07-01 14:14:28,395 | INFO | Bookings fetched | count=0
2026-07-01 14:14:28,445 | INFO | Hotel bookings fetched | count=0
2026-07-01 14:14:30,490 | INFO | Trains fetched | count=10
2026-07-01 14:14:30,500 | INFO | Trains fetched | count=10
2026-07-01 14:14:36,162 | INFO | Trains fetched | count=10
2026-07-01 14:14:36,171 | INFO | Trains fetched | count=10
2026-07-01 14:14:41,579 | INFO | Trains fetched | count=10
2026-07-01 14:14:41,587 | INFO | Trains fetched | count=10
2026-07-01 14:14:47,032 | INFO | Trains fetched | count=10
2026-07-01 14:14:47,042 | INFO | Trains fetched | count=10
2026-07-01 14:14:52,461 | INFO | Trains fetched | count=10
2026-07-01 14:14:52,473 | INFO | Trains fetched | count=10
2026-07-01 14:14:58,140 | INFO | Trains fetched | count=10
2026-07-01 14:14:58,153 | INFO | Trains fetched | count=10
2026-07-01 14:15:03,824 | INFO | Trains fetched | count=10
2026-07-01 14:15:03,843 | INFO | Trains fetched | count=10
2026-07-01 14:15:06,067 | INFO | Trains fetched | count=10
2026-07-01 14:15:06,074 | INFO | Trains fetched | count=10
2026-07-01 14:15:22,142 | INFO | Train booking request received | user=Playwright User | train_id=1 | passengers=1
2026-07-01 14:15:22,155 | INFO | Train booked successfully | booking_id=TRBK4869 | pnr=TRN68256 | remaining_seats=119
2026-07-01 14:15:22,170 | INFO | Trains fetched | count=10
2026-07-01 14:15:25,593 | INFO | Bookings fetched | count=0
2026-07-01 14:15:25,601 | INFO | Bookings fetched | count=0
2026-07-01 14:15:25,631 | INFO | Hotel bookings fetched | count=0
2026-07-01 14:15:25,638 | INFO | Hotel bookings fetched | count=0
2026-07-01 14:15:28,707 | INFO | Trains fetched | count=10
2026-07-01 14:15:28,714 | INFO | Trains fetched | count=10
2026-07-01 14:15:30,971 | INFO | Trains fetched | count=10
2026-07-01 14:15:30,979 | INFO | Trains fetched | count=10
2026-07-01 14:15:33,248 | INFO | Trains fetched | count=10
2026-07-01 14:15:33,256 | INFO | Trains fetched | count=10
2026-07-01 14:15:35,512 | INFO | Bookings fetched | count=0
2026-07-01 14:15:35,521 | INFO | Bookings fetched | count=0
2026-07-01 14:15:35,549 | INFO | Hotel bookings fetched | count=0
2026-07-01 14:15:35,555 | INFO | Hotel bookings fetched | count=0
2026-07-01 14:15:38,808 | INFO | Bookings fetched | count=0
2026-07-01 14:15:38,835 | INFO | Hotel bookings fetched | count=0
2026-07-01 14:15:40,919 | INFO | Trains fetched | count=10
2026-07-01 14:15:40,929 | INFO | Trains fetched | count=10
2026-07-01 14:15:46,441 | INFO | Hotels fetched | count=8
2026-07-01 14:15:46,472 | INFO | Hotels fetched | count=8
2026-07-01 14:15:51,724 | INFO | Hotels fetched | count=8
2026-07-01 14:15:51,732 | INFO | Hotels fetched | count=8
2026-07-01 14:15:53,946 | INFO | Hotels fetched | count=8
2026-07-01 14:15:53,953 | INFO | Hotels fetched | count=8
2026-07-01 14:15:58,108 | INFO | Hotel booking request received | user=Playwright User | hotel_id=1 | rooms_requested=1
2026-07-01 14:15:58,126 | INFO | Hotel booked successfully | booking_id=HTBK4920 | pnr=HTL48655 | user=Playwright User | remaining_rooms=19
2026-07-01 14:15:58,144 | INFO | Hotels fetched | count=8
2026-07-01 14:16:01,343 | INFO | Bookings fetched | count=0
2026-07-01 14:16:01,356 | INFO | Bookings fetched | count=0
2026-07-01 14:16:01,389 | INFO | Hotel bookings fetched | count=1
2026-07-01 14:16:01,397 | INFO | Hotel bookings fetched | count=1
2026-07-01 14:16:04,488 | INFO | Hotels fetched | count=8
2026-07-01 14:16:04,499 | INFO | Hotels fetched | count=8
2026-07-01 14:16:06,674 | INFO | Bookings fetched | count=0
2026-07-01 14:16:06,679 | INFO | Bookings fetched | count=0
2026-07-01 14:16:06,708 | INFO | Hotel bookings fetched | count=1
2026-07-01 14:16:06,714 | INFO | Hotel bookings fetched | count=1
2026-07-01 14:16:09,734 | INFO | Hotel cancellation request received | booking_id=HTBK4920
2026-07-01 14:16:09,745 | INFO | Hotel booking cancelled | booking_id=HTBK4920 | restored_rooms=1
2026-07-01 14:16:09,755 | INFO | Bookings fetched | count=0
2026-07-01 14:16:09,777 | INFO | Hotel bookings fetched | count=0
2026-07-01 14:16:11,836 | INFO | Hotels fetched | count=8
2026-07-01 14:16:11,843 | INFO | Hotels fetched | count=8
2026-07-01 14:16:17,334 | INFO | Hotels fetched | count=8
2026-07-01 14:16:17,343 | INFO | Hotels fetched | count=8
2026-07-01 14:16:22,920 | INFO | Hotels fetched | count=8
2026-07-01 14:16:22,928 | INFO | Hotels fetched | count=8
2026-07-01 14:16:28,424 | INFO | Hotels fetched | count=8
2026-07-01 14:16:28,435 | INFO | Hotels fetched | count=8
2026-07-01 14:16:33,760 | INFO | Hotels fetched | count=8
2026-07-01 14:16:33,767 | INFO | Hotels fetched | count=8
2026-07-01 14:16:35,994 | INFO | Hotels fetched | count=8
2026-07-01 14:16:36,001 | INFO | Hotels fetched | count=8
2026-07-01 14:17:08,677 | INFO | Hotels fetched | count=8
2026-07-01 14:17:08,691 | INFO | Hotels fetched | count=8
2026-07-01 14:17:10,835 | INFO | Hotels fetched | count=8
2026-07-01 14:17:10,844 | INFO | Hotels fetched | count=8
2026-07-01 14:17:13,179 | INFO | Hotels fetched | count=8
2026-07-01 14:17:13,189 | INFO | Hotels fetched | count=8
2026-07-01 14:17:15,379 | INFO | Bookings fetched | count=0
2026-07-01 14:17:15,385 | INFO | Bookings fetched | count=0
2026-07-01 14:17:15,412 | INFO | Hotel bookings fetched | count=0
2026-07-01 14:17:15,419 | INFO | Hotel bookings fetched | count=0
2026-07-01 14:17:18,485 | INFO | Hotels fetched | count=8
2026-07-01 14:17:18,492 | INFO | Hotels fetched | count=8
2026-07-01 14:17:44,854 | INFO | Bookings fetched | count=0
2026-07-01 14:17:44,861 | INFO | Bookings fetched | count=0
2026-07-01 14:17:44,890 | INFO | Hotel bookings fetched | count=0
2026-07-01 14:17:44,895 | INFO | Hotel bookings fetched | count=0
2026-07-01 14:17:52,126 | INFO | Flights fetched
2026-07-01 14:17:52,135 | INFO | Flights fetched
2026-07-01 14:17:52,276 | INFO | Flights fetched
2026-07-01 14:17:52,284 | INFO | Flights fetched
2026-07-01 14:18:50,920 | INFO | Flights fetched
2026-07-01 14:18:50,927 | INFO | Flights fetched
2026-07-14 13:31:59,321 | INFO | Flights fetched
2026-07-14 13:31:59,334 | INFO | Flights fetched
2026-07-14 13:31:59,732 | INFO | Flights fetched
2026-07-14 13:31:59,741 | INFO | Flights fetched
2026-07-14 13:35:26,187 | INFO | Flights fetched
2026-07-14 13:35:26,199 | INFO | Flights fetched
2026-07-14 13:35:29,312 | INFO | Flights fetched
2026-07-14 13:35:29,319 | INFO | Flights fetched
2026-07-14 13:35:31,839 | INFO | Buses fetched | count=6
2026-07-14 13:35:31,849 | INFO | Buses fetched | count=6
2026-07-14 13:35:34,082 | INFO | Trains fetched | count=10
2026-07-14 13:35:34,091 | INFO | Trains fetched | count=10
2026-07-14 13:35:36,455 | INFO | Hotels fetched | count=8
2026-07-14 13:35:36,462 | INFO | Hotels fetched | count=8
2026-07-14 13:35:38,790 | INFO | Flights fetched
2026-07-14 13:35:38,798 | INFO | Flights fetched
2026-07-14 13:35:44,427 | INFO | Flights fetched
2026-07-14 13:35:44,444 | INFO | Flights fetched
2026-07-14 13:35:46,831 | INFO | Flights fetched
2026-07-14 13:35:46,853 | INFO | Flights fetched
2026-07-14 13:35:50,394 | INFO | Flight booking request received | user=Playwright User | flight_id=1 | passengers=1
2026-07-14 13:35:50,414 | INFO | Flight booked successfully | booking_id=BK7691 | pnr=MMT21881 | user=Playwright User | remaining_seats=39
2026-07-14 13:35:50,429 | INFO | Flights fetched
2026-07-14 13:35:53,547 | INFO | Bookings fetched | count=1
2026-07-14 13:35:53,553 | INFO | Bookings fetched | count=1
2026-07-14 13:35:53,590 | INFO | Hotel bookings fetched | count=0
2026-07-14 13:35:53,595 | INFO | Hotel bookings fetched | count=0
2026-07-14 13:35:56,748 | INFO | Flights fetched
2026-07-14 13:35:56,762 | INFO | Flights fetched
2026-07-14 13:35:59,061 | INFO | Bookings fetched | count=1
2026-07-14 13:35:59,075 | INFO | Bookings fetched | count=1
2026-07-14 13:35:59,114 | INFO | Hotel bookings fetched | count=0
2026-07-14 13:35:59,121 | INFO | Hotel bookings fetched | count=0
2026-07-14 13:36:02,433 | INFO | Flight cancellation request received | booking_id=BK7691
2026-07-14 13:36:02,444 | INFO | Flight booking cancelled | booking_id=BK7691 | restored_seats=1
2026-07-14 13:36:02,452 | INFO | Bookings fetched | count=0
2026-07-14 13:36:02,477 | INFO | Hotel bookings fetched | count=0
2026-07-14 13:36:04,571 | INFO | Flights fetched
2026-07-14 13:36:04,579 | INFO | Flights fetched
2026-07-14 13:36:10,214 | INFO | Flights fetched
2026-07-14 13:36:10,222 | INFO | Flights fetched
2026-07-14 13:36:15,705 | INFO | Flights fetched
2026-07-14 13:36:15,714 | INFO | Flights fetched
2026-07-14 13:36:21,257 | INFO | Flights fetched
2026-07-14 13:36:21,265 | INFO | Flights fetched
2026-07-14 13:36:26,805 | INFO | Flights fetched
2026-07-14 13:36:26,821 | INFO | Flights fetched
2026-07-14 13:36:32,354 | INFO | Flights fetched
2026-07-14 13:36:32,374 | INFO | Flights fetched
2026-07-14 13:36:37,895 | INFO | Flights fetched
2026-07-14 13:36:37,918 | INFO | Flights fetched
2026-07-14 13:36:40,348 | INFO | Flights fetched
2026-07-14 13:36:40,373 | INFO | Flights fetched
2026-07-14 13:37:01,645 | INFO | Flight booking request received | user=Playwright User | flight_id=1 | passengers=1
2026-07-14 13:37:01,656 | INFO | Flight booked successfully | booking_id=BK3909 | pnr=MMT28737 | user=Playwright User | remaining_seats=39
2026-07-14 13:37:01,667 | INFO | Flights fetched
2026-07-14 13:37:05,112 | INFO | Bookings fetched | count=1
2026-07-14 13:37:05,146 | INFO | Bookings fetched | count=1
2026-07-14 13:37:05,190 | INFO | Hotel bookings fetched | count=0
2026-07-14 13:37:05,197 | INFO | Hotel bookings fetched | count=0
2026-07-14 13:37:08,256 | INFO | Flights fetched
2026-07-14 13:37:08,264 | INFO | Flights fetched
2026-07-14 13:37:10,581 | INFO | Flights fetched
2026-07-14 13:37:10,587 | INFO | Flights fetched
2026-07-14 13:37:12,881 | INFO | Flights fetched
2026-07-14 13:37:12,890 | INFO | Flights fetched
2026-07-14 13:37:15,181 | INFO | Bookings fetched | count=1
2026-07-14 13:37:15,194 | INFO | Bookings fetched | count=1
2026-07-14 13:37:15,228 | INFO | Hotel bookings fetched | count=0
2026-07-14 13:37:15,234 | INFO | Hotel bookings fetched | count=0
2026-07-14 13:37:18,470 | INFO | Flight cancellation request received | booking_id=BK3909
2026-07-14 13:37:18,481 | INFO | Flight booking cancelled | booking_id=BK3909 | restored_seats=1
2026-07-14 13:37:18,492 | INFO | Bookings fetched | count=0
2026-07-14 13:37:18,516 | INFO | Hotel bookings fetched | count=0
2026-07-14 13:37:20,685 | INFO | Flights fetched
2026-07-14 13:37:20,696 | INFO | Flights fetched
2026-07-14 13:37:26,172 | INFO | Buses fetched | count=6
2026-07-14 13:37:26,182 | INFO | Buses fetched | count=6
2026-07-14 13:37:31,584 | INFO | Buses fetched | count=6
2026-07-14 13:37:31,596 | INFO | Buses fetched | count=6
2026-07-14 13:37:33,871 | INFO | Buses fetched | count=6
2026-07-14 13:37:33,895 | INFO | Buses fetched | count=6
2026-07-14 13:37:44,712 | INFO | Bus booking request received | user=Playwright User | bus_id=1 | passengers=1
2026-07-14 13:37:44,723 | INFO | Bus booked successfully | booking_id=BUSBK3353 | pnr=BUS22589 | remaining_seats=17
2026-07-14 13:37:44,733 | INFO | Buses fetched | count=6
2026-07-14 13:37:47,972 | INFO | Bookings fetched | count=0
2026-07-14 13:37:47,987 | INFO | Bookings fetched | count=0
2026-07-14 13:37:48,047 | INFO | Hotel bookings fetched | count=0
2026-07-14 13:37:48,058 | INFO | Hotel bookings fetched | count=0
2026-07-14 13:37:51,078 | INFO | Buses fetched | count=6
2026-07-14 13:37:51,086 | INFO | Buses fetched | count=6
2026-07-14 13:37:53,352 | INFO | Bookings fetched | count=0
2026-07-14 13:37:53,360 | INFO | Bookings fetched | count=0
2026-07-14 13:37:53,393 | INFO | Hotel bookings fetched | count=0
2026-07-14 13:37:53,399 | INFO | Hotel bookings fetched | count=0
2026-07-14 13:37:56,652 | INFO | Bookings fetched | count=0
2026-07-14 13:37:56,681 | INFO | Hotel bookings fetched | count=0
2026-07-14 13:37:58,791 | INFO | Buses fetched | count=6
2026-07-14 13:37:58,802 | INFO | Buses fetched | count=6
2026-07-14 13:38:04,229 | INFO | Buses fetched | count=6
2026-07-14 13:38:04,238 | INFO | Buses fetched | count=6
2026-07-14 13:38:09,683 | INFO | Buses fetched | count=6
2026-07-14 13:38:09,693 | INFO | Buses fetched | count=6
2026-07-14 13:38:15,129 | INFO | Buses fetched | count=6
2026-07-14 13:38:15,137 | INFO | Buses fetched | count=6
2026-07-14 13:38:20,574 | INFO | Buses fetched | count=6
2026-07-14 13:38:20,581 | INFO | Buses fetched | count=6
2026-07-14 13:38:26,056 | INFO | Buses fetched | count=6
2026-07-14 13:38:26,064 | INFO | Buses fetched | count=6
2026-07-14 13:38:31,478 | INFO | Buses fetched | count=6
2026-07-14 13:38:31,485 | INFO | Buses fetched | count=6
2026-07-14 13:38:33,745 | INFO | Buses fetched | count=6
2026-07-14 13:38:33,750 | INFO | Buses fetched | count=6
2026-07-14 13:38:40,509 | INFO | Bus booking request received | user=Playwright User | bus_id=1 | passengers=1
2026-07-14 13:38:40,519 | INFO | Bus booked successfully | booking_id=BUSBK4275 | pnr=BUS44057 | remaining_seats=17
2026-07-14 13:38:40,528 | INFO | Buses fetched | count=6
2026-07-14 13:38:44,033 | INFO | Bookings fetched | count=0
2026-07-14 13:38:44,048 | INFO | Bookings fetched | count=0
2026-07-14 19:42:59,926 | INFO | Flights fetched
2026-07-14 19:42:59,941 | INFO | Flights fetched
2026-07-14 19:43:02,912 | INFO | Flights fetched
2026-07-14 19:43:02,928 | INFO | Flights fetched
2026-07-14 19:43:05,354 | INFO | Buses fetched | count=6
2026-07-14 19:43:05,363 | INFO | Buses fetched | count=6
2026-07-14 19:43:07,762 | INFO | Trains fetched | count=10
2026-07-14 19:43:07,773 | INFO | Trains fetched | count=10
2026-07-14 19:43:10,079 | INFO | Hotels fetched | count=8
2026-07-14 19:43:10,086 | INFO | Hotels fetched | count=8
2026-07-14 19:43:12,623 | INFO | Flights fetched
2026-07-14 19:43:12,630 | INFO | Flights fetched
2026-07-14 19:43:18,131 | INFO | Flights fetched
2026-07-14 19:43:18,143 | INFO | Flights fetched
2026-07-14 19:43:20,414 | INFO | Flights fetched
2026-07-14 19:43:20,422 | INFO | Flights fetched
2026-07-14 19:43:24,145 | INFO | Flight booking request received | user=Playwright User | flight_id=1 | passengers=1
2026-07-14 19:43:24,168 | INFO | Flight booked successfully | booking_id=BK6135 | pnr=MMT81772 | user=Playwright User | remaining_seats=39
2026-07-14 19:43:24,183 | INFO | Flights fetched
2026-07-14 19:43:27,579 | INFO | Bookings fetched | count=1
2026-07-14 19:43:27,587 | INFO | Bookings fetched | count=1
2026-07-14 19:43:27,622 | INFO | Hotel bookings fetched | count=0
2026-07-14 19:43:27,628 | INFO | Hotel bookings fetched | count=0
2026-07-14 19:43:30,698 | INFO | Flights fetched
2026-07-14 19:43:30,704 | INFO | Flights fetched
2026-07-14 19:43:32,973 | INFO | Bookings fetched | count=1
2026-07-14 19:43:32,984 | INFO | Bookings fetched | count=1
2026-07-14 19:43:33,019 | INFO | Hotel bookings fetched | count=0
2026-07-14 19:43:33,024 | INFO | Hotel bookings fetched | count=0
2026-07-14 19:43:36,303 | INFO | Flight cancellation request received | booking_id=BK6135
2026-07-14 19:43:36,315 | INFO | Flight booking cancelled | booking_id=BK6135 | restored_seats=1
2026-07-14 19:43:36,326 | INFO | Bookings fetched | count=0
2026-07-14 19:43:36,366 | INFO | Hotel bookings fetched | count=0
2026-07-14 19:43:38,422 | INFO | Flights fetched
2026-07-14 19:43:38,429 | INFO | Flights fetched
2026-07-14 19:43:43,981 | INFO | Flights fetched
2026-07-14 19:43:43,992 | INFO | Flights fetched
2026-07-14 19:43:49,420 | INFO | Flights fetched
2026-07-14 19:43:49,430 | INFO | Flights fetched
2026-07-14 19:43:54,904 | INFO | Flights fetched
2026-07-14 19:43:54,912 | INFO | Flights fetched
2026-07-14 19:44:00,523 | INFO | Flights fetched
2026-07-14 19:44:00,535 | INFO | Flights fetched
2026-07-14 19:44:05,982 | INFO | Flights fetched
2026-07-14 19:44:05,994 | INFO | Flights fetched
2026-07-14 19:44:11,581 | INFO | Flights fetched
2026-07-14 19:44:11,588 | INFO | Flights fetched
2026-07-14 19:44:13,860 | INFO | Flights fetched
2026-07-14 19:44:13,866 | INFO | Flights fetched
2026-07-14 19:44:17,385 | INFO | Flight booking request received | user=Playwright User | flight_id=1 | passengers=1
2026-07-14 19:44:17,407 | INFO | Flight booked successfully | booking_id=BK7646 | pnr=MMT95942 | user=Playwright User | remaining_seats=39
2026-07-14 19:44:17,432 | INFO | Flights fetched
2026-07-14 19:44:20,556 | INFO | Bookings fetched | count=1
2026-07-14 19:44:20,572 | INFO | Bookings fetched | count=1
2026-07-14 19:44:20,606 | INFO | Hotel bookings fetched | count=0
2026-07-14 19:44:20,612 | INFO | Hotel bookings fetched | count=0
2026-07-14 19:44:23,676 | INFO | Flights fetched
2026-07-14 19:44:23,682 | INFO | Flights fetched
2026-07-14 19:44:26,111 | INFO | Flights fetched
2026-07-14 19:44:26,118 | INFO | Flights fetched
2026-07-14 19:44:28,397 | INFO | Flights fetched
2026-07-14 19:44:28,406 | INFO | Flights fetched
2026-07-14 19:44:30,659 | INFO | Bookings fetched | count=1
2026-07-14 19:44:30,667 | INFO | Bookings fetched | count=1
2026-07-14 19:44:30,699 | INFO | Hotel bookings fetched | count=0
2026-07-14 19:44:30,705 | INFO | Hotel bookings fetched | count=0
2026-07-14 19:44:33,974 | INFO | Flight cancellation request received | booking_id=BK7646
2026-07-14 19:44:33,998 | INFO | Flight booking cancelled | booking_id=BK7646 | restored_seats=1
2026-07-14 19:44:34,017 | INFO | Bookings fetched | count=0
2026-07-14 19:44:34,087 | INFO | Hotel bookings fetched | count=0
2026-07-14 19:44:36,131 | INFO | Flights fetched
2026-07-14 19:44:36,149 | INFO | Flights fetched
2026-07-14 19:44:41,499 | INFO | Buses fetched | count=6
2026-07-14 19:44:41,509 | INFO | Buses fetched | count=6
2026-07-14 19:44:47,131 | INFO | Buses fetched | count=6
2026-07-14 19:44:47,155 | INFO | Buses fetched | count=6
2026-07-14 19:44:49,461 | INFO | Buses fetched | count=6
2026-07-14 19:44:49,468 | INFO | Buses fetched | count=6
2026-07-14 19:44:52,843 | INFO | Bus booking request received | user=Playwright User | bus_id=1 | passengers=1
2026-07-14 19:44:52,855 | INFO | Bus booked successfully | booking_id=BUSBK8589 | pnr=BUS59086 | remaining_seats=16
2026-07-14 19:44:52,865 | INFO | Buses fetched | count=6
2026-07-14 19:44:56,325 | INFO | Bookings fetched | count=0
2026-07-14 19:44:56,332 | INFO | Bookings fetched | count=0
2026-07-14 19:44:56,379 | INFO | Hotel bookings fetched | count=0
2026-07-14 19:44:56,387 | INFO | Hotel bookings fetched | count=0
2026-07-14 19:44:59,527 | INFO | Buses fetched | count=6
2026-07-14 19:44:59,534 | INFO | Buses fetched | count=6
2026-07-14 19:45:01,816 | INFO | Bookings fetched | count=0
2026-07-14 19:45:01,823 | INFO | Bookings fetched | count=0
2026-07-14 19:45:01,853 | INFO | Hotel bookings fetched | count=0
2026-07-14 19:45:01,859 | INFO | Hotel bookings fetched | count=0
2026-07-14 19:45:02,704 | INFO | Bookings fetched | count=0
2026-07-14 19:45:02,762 | INFO | Hotel bookings fetched | count=0
2026-07-14 19:45:04,916 | INFO | Bookings fetched | count=0
2026-07-14 19:45:04,949 | INFO | Hotel bookings fetched | count=0
2026-07-14 19:45:07,009 | INFO | Buses fetched | count=6
2026-07-14 19:45:07,016 | INFO | Buses fetched | count=6
2026-07-14 19:45:12,697 | INFO | Buses fetched | count=6
2026-07-14 19:45:12,708 | INFO | Buses fetched | count=6
2026-07-14 19:45:18,354 | INFO | Buses fetched | count=6
2026-07-14 19:45:18,381 | INFO | Buses fetched | count=6
2026-07-14 19:45:23,852 | INFO | Buses fetched | count=6
2026-07-14 19:45:23,862 | INFO | Buses fetched | count=6
2026-07-14 19:45:29,340 | INFO | Buses fetched | count=6
2026-07-14 19:45:29,350 | INFO | Buses fetched | count=6
2026-07-14 19:45:34,810 | INFO | Buses fetched | count=6
2026-07-14 19:45:34,822 | INFO | Buses fetched | count=6
2026-07-14 19:45:40,423 | INFO | Buses fetched | count=6
2026-07-14 19:45:40,433 | INFO | Buses fetched | count=6
2026-07-14 19:45:42,710 | INFO | Buses fetched | count=6
2026-07-14 19:45:42,723 | INFO | Buses fetched | count=6
2026-07-14 19:45:46,072 | INFO | Bus booking request received | user=Playwright User | bus_id=1 | passengers=1
2026-07-14 19:45:46,084 | INFO | Bus booked successfully | booking_id=BUSBK3591 | pnr=BUS53136 | remaining_seats=17
2026-07-14 19:45:46,096 | INFO | Buses fetched | count=6
2026-07-14 19:45:49,216 | INFO | Bookings fetched | count=0
2026-07-14 19:45:49,225 | INFO | Bookings fetched | count=0
2026-07-14 19:45:49,253 | INFO | Hotel bookings fetched | count=0
2026-07-14 19:45:49,259 | INFO | Hotel bookings fetched | count=0
2026-07-14 19:45:52,344 | INFO | Buses fetched | count=6
2026-07-14 19:45:52,352 | INFO | Buses fetched | count=6
2026-07-14 19:45:54,602 | INFO | Buses fetched | count=6
2026-07-14 19:45:54,607 | INFO | Buses fetched | count=6
2026-07-14 19:45:57,010 | INFO | Buses fetched | count=6
2026-07-14 19:45:57,016 | INFO | Buses fetched | count=6
2026-07-14 19:45:59,275 | INFO | Bookings fetched | count=0
2026-07-14 19:45:59,283 | INFO | Bookings fetched | count=0
2026-07-14 19:45:59,319 | INFO | Hotel bookings fetched | count=0
2026-07-14 19:45:59,326 | INFO | Hotel bookings fetched | count=0
2026-07-14 19:46:02,662 | INFO | Bookings fetched | count=0
2026-07-14 19:46:02,697 | INFO | Hotel bookings fetched | count=0
2026-07-14 19:46:04,754 | INFO | Buses fetched | count=6
2026-07-14 19:46:04,763 | INFO | Buses fetched | count=6
2026-07-14 19:46:10,361 | INFO | Trains fetched | count=10
2026-07-14 19:46:10,372 | INFO | Trains fetched | count=10
2026-07-14 19:46:15,777 | INFO | Trains fetched | count=10
2026-07-14 19:46:15,786 | INFO | Trains fetched | count=10
2026-07-14 19:46:18,059 | INFO | Trains fetched | count=10
2026-07-14 19:46:18,068 | INFO | Trains fetched | count=10
2026-07-14 19:46:39,160 | INFO | Train booking request received | user=Playwright User | train_id=1 | passengers=1
2026-07-14 19:46:39,171 | INFO | Train booked successfully | booking_id=TRBK6002 | pnr=TRN75452 | remaining_seats=119
2026-07-14 19:46:39,182 | INFO | Trains fetched | count=10
2026-07-14 19:46:42,621 | INFO | Bookings fetched | count=0
2026-07-14 19:46:42,631 | INFO | Bookings fetched | count=0
2026-07-14 19:46:42,670 | INFO | Hotel bookings fetched | count=0
2026-07-14 19:46:42,678 | INFO | Hotel bookings fetched | count=0
2026-07-14 19:46:45,935 | INFO | Trains fetched | count=10
2026-07-14 19:46:45,953 | INFO | Trains fetched | count=10
2026-07-14 19:46:48,161 | INFO | Bookings fetched | count=0
2026-07-14 19:46:48,168 | INFO | Bookings fetched | count=0
2026-07-14 19:46:48,205 | INFO | Hotel bookings fetched | count=0
2026-07-14 19:46:48,211 | INFO | Hotel bookings fetched | count=0
2026-07-14 19:46:51,509 | INFO | Bookings fetched | count=0
2026-07-14 19:46:51,540 | INFO | Hotel bookings fetched | count=0
2026-07-14 19:46:53,767 | INFO | Trains fetched | count=10
2026-07-14 19:46:53,778 | INFO | Trains fetched | count=10
2026-07-14 19:46:59,259 | INFO | Trains fetched | count=10
2026-07-14 19:46:59,271 | INFO | Trains fetched | count=10
2026-07-14 19:47:04,758 | INFO | Trains fetched | count=10
2026-07-14 19:47:04,770 | INFO | Trains fetched | count=10
2026-07-14 19:47:10,316 | INFO | Trains fetched | count=10
2026-07-14 19:47:10,328 | INFO | Trains fetched | count=10
2026-07-14 19:47:15,806 | INFO | Trains fetched | count=10
2026-07-14 19:47:15,815 | INFO | Trains fetched | count=10
2026-07-14 19:47:21,789 | INFO | Trains fetched | count=10
2026-07-14 19:47:21,823 | INFO | Trains fetched | count=10
2026-07-14 19:47:27,279 | INFO | Trains fetched | count=10
2026-07-14 19:47:27,293 | INFO | Trains fetched | count=10
2026-07-14 19:47:29,585 | INFO | Trains fetched | count=10
2026-07-14 19:47:29,596 | INFO | Trains fetched | count=10
2026-07-14 19:47:33,306 | INFO | Train booking request received | user=Playwright User | train_id=1 | passengers=1
2026-07-14 19:47:33,326 | INFO | Train booked successfully | booking_id=TRBK8573 | pnr=TRN87298 | remaining_seats=119
2026-07-14 19:47:33,346 | INFO | Trains fetched | count=10
2026-07-14 19:47:36,584 | INFO | Bookings fetched | count=0
2026-07-14 19:47:36,593 | INFO | Bookings fetched | count=0
2026-07-14 19:47:36,630 | INFO | Hotel bookings fetched | count=0
2026-07-14 19:47:36,637 | INFO | Hotel bookings fetched | count=0
2026-07-14 19:47:39,786 | INFO | Trains fetched | count=10
2026-07-14 19:47:39,795 | INFO | Trains fetched | count=10
2026-07-14 19:47:42,100 | INFO | Trains fetched | count=10
2026-07-14 19:47:42,110 | INFO | Trains fetched | count=10
2026-07-14 19:47:44,562 | INFO | Trains fetched | count=10
2026-07-14 19:47:44,570 | INFO | Trains fetched | count=10
2026-07-14 19:47:46,867 | INFO | Bookings fetched | count=0
2026-07-14 19:47:46,877 | INFO | Bookings fetched | count=0
2026-07-14 19:47:46,910 | INFO | Hotel bookings fetched | count=0
2026-07-14 19:47:46,917 | INFO | Hotel bookings fetched | count=0
2026-07-14 19:47:50,203 | INFO | Bookings fetched | count=0
2026-07-14 19:47:50,230 | INFO | Hotel bookings fetched | count=0
2026-07-14 19:47:52,514 | INFO | Trains fetched | count=10
2026-07-14 19:47:52,545 | INFO | Trains fetched | count=10
2026-07-14 19:47:57,868 | INFO | Hotels fetched | count=8
2026-07-14 19:47:57,877 | INFO | Hotels fetched | count=8
2026-07-14 19:48:03,285 | INFO | Hotels fetched | count=8
2026-07-14 19:48:03,296 | INFO | Hotels fetched | count=8
2026-07-14 19:48:05,602 | INFO | Hotels fetched | count=8
2026-07-14 19:48:05,610 | INFO | Hotels fetched | count=8
2026-07-14 19:48:08,908 | INFO | Hotel booking request received | user=Playwright User | hotel_id=1 | rooms_requested=1
2026-07-14 19:48:08,921 | INFO | Hotel booked successfully | booking_id=HTBK1552 | pnr=HTL35194 | user=Playwright User | remaining_rooms=19
2026-07-14 19:48:08,930 | INFO | Hotels fetched | count=8
2026-07-14 19:48:12,496 | INFO | Bookings fetched | count=0
2026-07-14 19:48:12,523 | INFO | Bookings fetched | count=0
2026-07-14 19:48:12,600 | INFO | Hotel bookings fetched | count=1
2026-07-14 19:48:12,611 | INFO | Hotel bookings fetched | count=1
2026-07-14 19:48:15,767 | INFO | Hotels fetched | count=8
2026-07-14 19:48:15,783 | INFO | Hotels fetched | count=8
2026-07-14 19:48:17,980 | INFO | Bookings fetched | count=0
2026-07-14 19:48:17,987 | INFO | Bookings fetched | count=0
2026-07-14 19:48:18,017 | INFO | Hotel bookings fetched | count=1
2026-07-14 19:48:18,024 | INFO | Hotel bookings fetched | count=1
2026-07-14 19:48:21,069 | INFO | Hotel cancellation request received | booking_id=HTBK1552
2026-07-14 19:48:21,081 | INFO | Hotel booking cancelled | booking_id=HTBK1552 | restored_rooms=1
2026-07-14 19:48:21,090 | INFO | Bookings fetched | count=0
2026-07-14 19:48:21,120 | INFO | Hotel bookings fetched | count=0
2026-07-14 19:48:23,181 | INFO | Hotels fetched | count=8
2026-07-14 19:48:23,190 | INFO | Hotels fetched | count=8
2026-07-14 19:48:28,733 | INFO | Hotels fetched | count=8
2026-07-14 19:48:28,742 | INFO | Hotels fetched | count=8
2026-07-14 19:48:34,119 | INFO | Hotels fetched | count=8
2026-07-14 19:48:34,130 | INFO | Hotels fetched | count=8
2026-07-14 19:48:39,703 | INFO | Hotels fetched | count=8
2026-07-14 19:48:39,714 | INFO | Hotels fetched | count=8
2026-07-14 19:48:45,073 | INFO | Hotels fetched | count=8
2026-07-14 19:48:45,082 | INFO | Hotels fetched | count=8
2026-07-14 19:48:47,330 | INFO | Hotels fetched | count=8
2026-07-14 19:48:47,339 | INFO | Hotels fetched | count=8
2026-07-14 19:48:50,672 | INFO | Hotel booking request received | user=Playwright User | hotel_id=1 | rooms_requested=1
2026-07-14 19:48:50,696 | INFO | Hotel booked successfully | booking_id=HTBK4169 | pnr=HTL11175 | user=Playwright User | remaining_rooms=19
2026-07-14 19:48:50,723 | INFO | Hotels fetched | count=8
2026-07-14 19:48:53,820 | INFO | Bookings fetched | count=0
2026-07-14 19:48:53,829 | INFO | Bookings fetched | count=0
2026-07-14 19:48:53,855 | INFO | Hotel bookings fetched | count=1
2026-07-14 19:48:53,861 | INFO | Hotel bookings fetched | count=1
2026-07-14 19:48:56,949 | INFO | Hotels fetched | count=8
2026-07-14 19:48:56,955 | INFO | Hotels fetched | count=8
2026-07-14 19:48:59,160 | INFO | Hotels fetched | count=8
2026-07-14 19:48:59,168 | INFO | Hotels fetched | count=8
2026-07-14 19:49:01,363 | INFO | Hotels fetched | count=8
2026-07-14 19:49:01,371 | INFO | Hotels fetched | count=8
2026-07-14 19:49:03,707 | INFO | Bookings fetched | count=0
2026-07-14 19:49:03,713 | INFO | Bookings fetched | count=0
2026-07-14 19:49:03,741 | INFO | Hotel bookings fetched | count=1
2026-07-14 19:49:03,747 | INFO | Hotel bookings fetched | count=1
2026-07-14 19:49:07,029 | INFO | Hotel cancellation request received | booking_id=HTBK4169
2026-07-14 19:49:07,041 | INFO | Hotel booking cancelled | booking_id=HTBK4169 | restored_rooms=1
2026-07-14 19:49:07,050 | INFO | Bookings fetched | count=0
2026-07-14 19:49:07,075 | INFO | Hotel bookings fetched | count=0
2026-07-14 19:49:09,185 | INFO | Hotels fetched | count=8
2026-07-14 19:49:09,194 | INFO | Hotels fetched | count=8
2026-07-14 19:54:12,024 | INFO | Flights fetched
2026-07-14 19:54:12,032 | INFO | Flights fetched
2026-07-14 19:54:12,440 | INFO | Flights fetched
2026-07-14 19:54:12,449 | INFO | Flights fetched
2026-07-14 21:00:38,599 | INFO | Flights fetched
2026-07-14 21:00:38,629 | INFO | Flights fetched
2026-07-14 21:07:42,452 | INFO | Flights fetched
2026-07-14 21:07:42,496 | INFO | Flights fetched
2026-07-14 21:07:45,372 | INFO | Flights fetched
2026-07-14 21:07:45,669 | INFO | Flights fetched
2026-07-14 21:07:49,376 | INFO | Buses fetched | count=6
2026-07-14 21:07:49,429 | INFO | Buses fetched | count=6
2026-07-14 21:07:51,887 | INFO | Trains fetched | count=10
2026-07-14 21:07:51,913 | INFO | Trains fetched | count=10
2026-07-14 21:07:54,519 | INFO | Hotels fetched | count=8
2026-07-14 21:07:54,540 | INFO | Hotels fetched | count=8
2026-07-14 21:07:57,177 | INFO | Flights fetched
2026-07-14 21:07:57,209 | INFO | Flights fetched
2026-07-14 21:08:03,550 | INFO | Flights fetched
2026-07-14 21:08:03,568 | INFO | Flights fetched
2026-07-14 21:08:06,175 | INFO | Flights fetched
2026-07-14 21:08:06,212 | INFO | Flights fetched
2026-07-14 21:08:10,853 | INFO | Flight booking request received | user=Playwright User | flight_id=1 | passengers=1
2026-07-14 21:08:10,891 | INFO | Flight booked successfully | booking_id=BK3816 | pnr=MMT80379 | user=Playwright User | remaining_seats=39
2026-07-14 21:08:10,910 | INFO | Flights fetched
2026-07-14 21:08:14,395 | INFO | Bookings fetched | count=1
2026-07-14 21:08:14,407 | INFO | Bookings fetched | count=1
2026-07-14 21:08:14,526 | INFO | Hotel bookings fetched | count=0
2026-07-14 21:08:14,575 | INFO | Hotel bookings fetched | count=0
2026-07-14 21:08:17,748 | INFO | Flights fetched
2026-07-14 21:08:17,764 | INFO | Flights fetched
2026-07-14 21:08:20,357 | INFO | Bookings fetched | count=1
2026-07-14 21:08:20,386 | INFO | Bookings fetched | count=1
2026-07-14 21:08:20,477 | INFO | Hotel bookings fetched | count=0
2026-07-14 21:08:20,510 | INFO | Hotel bookings fetched | count=0
2026-07-14 21:08:23,698 | INFO | Flight cancellation request received | booking_id=BK3816
2026-07-14 21:08:23,721 | INFO | Flight booking cancelled | booking_id=BK3816 | restored_seats=1
2026-07-14 21:08:23,742 | INFO | Bookings fetched | count=0
2026-07-14 21:08:23,820 | INFO | Hotel bookings fetched | count=0
2026-07-14 21:08:26,027 | INFO | Flights fetched
2026-07-14 21:08:26,046 | INFO | Flights fetched
2026-07-14 21:08:32,046 | INFO | Flights fetched
2026-07-14 21:08:32,069 | INFO | Flights fetched
2026-07-14 21:08:37,967 | INFO | Flights fetched
2026-07-14 21:08:38,007 | INFO | Flights fetched
2026-07-14 21:08:43,900 | INFO | Flights fetched
2026-07-14 21:08:43,924 | INFO | Flights fetched
2026-07-14 21:08:49,894 | INFO | Flights fetched
2026-07-14 21:08:49,915 | INFO | Flights fetched
2026-07-14 21:08:55,751 | INFO | Flights fetched
2026-07-14 21:08:55,780 | INFO | Flights fetched
2026-07-14 21:09:01,698 | INFO | Flights fetched
2026-07-14 21:09:01,748 | INFO | Flights fetched
2026-07-14 21:09:04,295 | INFO | Flights fetched
2026-07-14 21:09:04,308 | INFO | Flights fetched
2026-07-14 21:09:12,605 | INFO | Flight booking request received | user=Playwright User | flight_id=1 | passengers=1
2026-07-14 21:09:12,622 | INFO | Flight booked successfully | booking_id=BK6823 | pnr=MMT51794 | user=Playwright User | remaining_seats=39
2026-07-14 21:09:12,642 | INFO | Flights fetched
2026-07-14 21:09:16,193 | INFO | Bookings fetched | count=1
2026-07-14 21:09:16,218 | INFO | Bookings fetched | count=1
2026-07-14 21:09:16,276 | INFO | Hotel bookings fetched | count=0
2026-07-14 21:09:16,297 | INFO | Hotel bookings fetched | count=0
2026-07-14 21:09:19,487 | INFO | Flights fetched
2026-07-14 21:09:19,502 | INFO | Flights fetched
2026-07-14 21:09:22,180 | INFO | Flights fetched
2026-07-14 21:09:22,211 | INFO | Flights fetched
2026-07-14 21:09:24,774 | INFO | Flights fetched
2026-07-14 21:09:24,807 | INFO | Flights fetched
2026-07-14 21:09:27,300 | INFO | Bookings fetched | count=1
2026-07-14 21:09:27,310 | INFO | Bookings fetched | count=1
2026-07-14 21:09:27,382 | INFO | Hotel bookings fetched | count=0
2026-07-14 21:09:27,400 | INFO | Hotel bookings fetched | count=0
2026-07-14 21:09:30,625 | INFO | Flight cancellation request received | booking_id=BK6823
2026-07-14 21:09:30,637 | INFO | Flight booking cancelled | booking_id=BK6823 | restored_seats=1
2026-07-14 21:09:30,651 | INFO | Bookings fetched | count=0
2026-07-14 21:09:30,704 | INFO | Hotel bookings fetched | count=0
2026-07-14 21:09:32,892 | INFO | Flights fetched
2026-07-14 21:09:32,903 | INFO | Flights fetched
2026-07-14 21:09:38,708 | INFO | Buses fetched | count=6
2026-07-14 21:09:38,733 | INFO | Buses fetched | count=6
2026-07-14 21:09:44,452 | INFO | Buses fetched | count=6
2026-07-14 21:09:44,470 | INFO | Buses fetched | count=6
2026-07-14 21:09:47,062 | INFO | Buses fetched | count=6
2026-07-14 21:09:47,121 | INFO | Buses fetched | count=6
2026-07-14 21:09:52,146 | INFO | Bus booking request received | user=Playwright User | bus_id=1 | passengers=1
2026-07-14 21:09:52,160 | INFO | Bus booked successfully | booking_id=BUSBK3915 | pnr=BUS24151 | remaining_seats=17
2026-07-14 21:09:52,175 | INFO | Buses fetched | count=6
2026-07-14 21:09:55,404 | INFO | Bookings fetched | count=0
2026-07-14 21:09:55,427 | INFO | Bookings fetched | count=0
2026-07-15 18:10:39,562 | INFO | Flights fetched
2026-07-15 18:10:39,572 | INFO | Flights fetched
2026-07-15 18:10:40,001 | INFO | Flights fetched
2026-07-15 18:10:40,015 | INFO | Flights fetched
2026-07-15 18:10:44,274 | INFO | Flights fetched
2026-07-15 18:10:44,281 | INFO | Flights fetched
2026-07-15 18:10:45,240 | INFO | Buses fetched | count=6
2026-07-15 18:10:45,248 | INFO | Buses fetched | count=6
2026-07-15 18:10:46,140 | INFO | Trains fetched | count=10
2026-07-15 18:10:46,146 | INFO | Trains fetched | count=10
2026-07-15 18:10:46,948 | INFO | Hotels fetched | count=8
2026-07-15 18:10:46,953 | INFO | Hotels fetched | count=8
2026-07-15 18:10:47,647 | INFO | Bookings fetched | count=0
2026-07-15 18:10:47,652 | INFO | Bookings fetched | count=0
2026-07-15 18:10:47,688 | INFO | Hotel bookings fetched | count=0
2026-07-15 18:10:47,694 | INFO | Hotel bookings fetched | count=0
2026-07-15 18:10:49,679 | INFO | Bookings fetched | count=0
2026-07-15 18:10:49,711 | INFO | Hotel bookings fetched | count=0
2026-07-15 18:10:51,466 | INFO | Flights fetched
2026-07-15 18:10:51,473 | INFO | Flights fetched
2026-07-15 18:13:00,332 | INFO | Flights fetched
2026-07-15 18:13:00,349 | INFO | Flights fetched
2026-07-15 18:13:00,824 | INFO | Flights fetched
2026-07-15 18:13:00,882 | INFO | Flights fetched
2026-07-15 18:13:15,155 | INFO | Flight booking request received | user=Anav Gusain | flight_id=2 | passengers=1
2026-07-15 18:13:15,175 | INFO | Flight booked successfully | booking_id=BK7696 | pnr=MMT20874 | user=Anav Gusain | remaining_seats=34
2026-07-15 18:13:15,194 | INFO | Flights fetched
2026-07-15 18:13:21,367 | INFO | Bookings fetched | count=1
2026-07-15 18:13:21,375 | INFO | Bookings fetched | count=1
2026-07-15 18:13:21,441 | INFO | Hotel bookings fetched | count=0
2026-07-15 18:13:21,452 | INFO | Hotel bookings fetched | count=0
2026-07-15 18:13:23,409 | INFO | Flight cancellation request received | booking_id=BK7696
2026-07-15 18:13:23,419 | INFO | Flight booking cancelled | booking_id=BK7696 | restored_seats=1
2026-07-15 18:13:23,431 | INFO | Bookings fetched | count=0
2026-07-15 18:13:23,475 | INFO | Hotel bookings fetched | count=0
2026-07-15 18:13:26,346 | INFO | Buses fetched | count=6
2026-07-15 18:13:26,358 | INFO | Buses fetched | count=6
2026-07-15 18:13:28,846 | INFO | Trains fetched | count=10
2026-07-15 18:13:28,857 | INFO | Trains fetched | count=10
2026-07-15 18:13:30,018 | INFO | Hotels fetched | count=8
2026-07-15 18:13:30,031 | INFO | Hotels fetched | count=8
2026-07-15 18:13:42,743 | INFO | Hotel booking request received | user=Anav Gusain | hotel_id=2 | rooms_requested=4
2026-07-15 18:13:42,755 | INFO | Hotel booked successfully | booking_id=HTBK3459 | pnr=HTL70750 | user=Anav Gusain | remaining_rooms=11
2026-07-15 18:13:42,770 | INFO | Hotels fetched | count=8
2026-07-15 18:13:48,100 | INFO | Bookings fetched | count=0
2026-07-15 18:13:48,107 | INFO | Bookings fetched | count=0
2026-07-15 18:13:48,159 | INFO | Hotel bookings fetched | count=1
2026-07-15 18:13:48,178 | INFO | Hotel bookings fetched | count=1
2026-07-15 18:13:49,216 | INFO | Hotel cancellation request received | booking_id=HTBK3459
2026-07-15 18:13:49,228 | INFO | Hotel booking cancelled | booking_id=HTBK3459 | restored_rooms=4
2026-07-15 18:13:49,240 | INFO | Bookings fetched | count=0
2026-07-15 18:13:49,279 | INFO | Hotel bookings fetched | count=0
2026-07-15 18:15:48,585 | INFO | Flights fetched
2026-07-15 18:15:48,596 | INFO | Flights fetched
2026-07-15 18:16:13,395 | INFO | Bookings fetched | count=0
2026-07-15 18:16:13,402 | INFO | Bookings fetched | count=0
2026-07-15 18:16:13,432 | INFO | Hotel bookings fetched | count=0
2026-07-15 18:16:13,438 | INFO | Hotel bookings fetched | count=0
2026-07-15 18:16:15,005 | INFO | Hotels fetched | count=8
2026-07-15 18:16:15,012 | INFO | Hotels fetched | count=8
2026-07-15 18:19:14,243 | INFO | Flights fetched
2026-07-15 18:19:14,276 | INFO | Flights fetched
2026-07-15 18:19:17,289 | INFO | Flights fetched
2026-07-15 18:19:17,297 | INFO | Flights fetched
2026-07-15 18:19:19,802 | INFO | Buses fetched | count=6
2026-07-15 18:19:19,814 | INFO | Buses fetched | count=6
2026-07-15 18:19:22,064 | INFO | Trains fetched | count=10
2026-07-15 18:19:22,076 | INFO | Trains fetched | count=10
2026-07-15 18:19:24,385 | INFO | Hotels fetched | count=8
2026-07-15 18:19:24,396 | INFO | Hotels fetched | count=8
2026-07-15 18:19:26,708 | INFO | Flights fetched
2026-07-15 18:19:26,716 | INFO | Flights fetched
2026-07-15 18:19:32,252 | INFO | Flights fetched
2026-07-15 18:19:32,273 | INFO | Flights fetched
2026-07-15 18:19:34,612 | INFO | Flights fetched
2026-07-15 18:19:34,620 | INFO | Flights fetched
2026-07-15 18:19:39,383 | INFO | Flight booking request received | user=Playwright User | flight_id=1 | passengers=1
2026-07-15 18:19:39,394 | INFO | Flight booked successfully | booking_id=BK7533 | pnr=MMT45996 | user=Playwright User | remaining_seats=39
2026-07-15 18:19:39,406 | INFO | Flights fetched
2026-07-15 18:19:42,840 | INFO | Bookings fetched | count=1
2026-07-15 18:19:42,847 | INFO | Bookings fetched | count=1
2026-07-15 18:19:42,890 | INFO | Hotel bookings fetched | count=0
2026-07-15 18:19:42,900 | INFO | Hotel bookings fetched | count=0
2026-07-15 18:19:45,993 | INFO | Flights fetched
2026-07-15 18:19:46,004 | INFO | Flights fetched
2026-07-15 18:19:48,309 | INFO | Bookings fetched | count=1
2026-07-15 18:19:48,317 | INFO | Bookings fetched | count=1
2026-07-15 18:19:48,356 | INFO | Hotel bookings fetched | count=0
2026-07-15 18:19:48,365 | INFO | Hotel bookings fetched | count=0
2026-07-15 18:19:51,576 | INFO | Flight cancellation request received | booking_id=BK7533
2026-07-15 18:19:51,586 | INFO | Flight booking cancelled | booking_id=BK7533 | restored_seats=1
2026-07-15 18:19:51,598 | INFO | Bookings fetched | count=0
2026-07-15 18:19:51,626 | INFO | Hotel bookings fetched | count=0
2026-07-15 18:19:53,726 | INFO | Flights fetched
2026-07-15 18:19:53,740 | INFO | Flights fetched
2026-07-15 18:19:59,274 | INFO | Flights fetched
2026-07-15 18:19:59,288 | INFO | Flights fetched
2026-07-15 18:20:04,816 | INFO | Flights fetched
2026-07-15 18:20:04,827 | INFO | Flights fetched
2026-07-15 18:20:10,344 | INFO | Flights fetched
2026-07-15 18:20:10,353 | INFO | Flights fetched
2026-07-15 18:20:15,895 | INFO | Flights fetched
2026-07-15 18:20:15,910 | INFO | Flights fetched
2026-07-15 18:20:23,525 | INFO | Flights fetched
2026-07-15 18:20:23,534 | INFO | Flights fetched
2026-07-15 18:20:27,161 | INFO | Flights fetched
2026-07-15 18:20:27,170 | INFO | Flights fetched
2026-07-15 18:20:29,498 | INFO | Flights fetched
2026-07-15 18:20:29,506 | INFO | Flights fetched
2026-07-15 18:20:34,735 | INFO | Flight booking request received | user=Playwright User | flight_id=1 | passengers=1
2026-07-15 18:20:34,749 | INFO | Flight booked successfully | booking_id=BK2008 | pnr=MMT44362 | user=Playwright User | remaining_seats=39
2026-07-15 18:20:34,760 | INFO | Flights fetched
2026-07-15 18:20:37,914 | INFO | Bookings fetched | count=1
2026-07-15 18:20:37,956 | INFO | Bookings fetched | count=1
2026-07-15 18:20:38,010 | INFO | Hotel bookings fetched | count=0
2026-07-15 18:20:38,017 | INFO | Hotel bookings fetched | count=0
2026-07-15 18:20:41,080 | INFO | Flights fetched
2026-07-15 18:20:41,093 | INFO | Flights fetched
2026-07-15 18:20:43,368 | INFO | Flights fetched
2026-07-15 18:20:43,382 | INFO | Flights fetched
2026-07-15 18:20:45,753 | INFO | Flights fetched
2026-07-15 18:20:45,763 | INFO | Flights fetched
2026-07-15 18:20:48,090 | INFO | Bookings fetched | count=1
2026-07-15 18:20:48,099 | INFO | Bookings fetched | count=1
2026-07-15 18:20:48,147 | INFO | Hotel bookings fetched | count=0
2026-07-15 18:20:48,153 | INFO | Hotel bookings fetched | count=0
2026-07-15 18:20:51,361 | INFO | Flight cancellation request received | booking_id=BK2008
2026-07-15 18:20:51,370 | INFO | Flight booking cancelled | booking_id=BK2008 | restored_seats=1
2026-07-15 18:20:51,382 | INFO | Bookings fetched | count=0
2026-07-15 18:20:51,412 | INFO | Hotel bookings fetched | count=0
2026-07-15 18:20:53,502 | INFO | Flights fetched
2026-07-15 18:20:53,513 | INFO | Flights fetched
2026-07-15 18:20:58,991 | INFO | Buses fetched | count=6
2026-07-15 18:20:59,010 | INFO | Buses fetched | count=6
2026-07-15 18:21:04,387 | INFO | Buses fetched | count=6
2026-07-15 18:21:04,396 | INFO | Buses fetched | count=6
2026-07-15 18:21:06,797 | INFO | Buses fetched | count=6
2026-07-15 18:21:06,805 | INFO | Buses fetched | count=6
2026-07-15 18:21:39,566 | INFO | Buses fetched | count=6
2026-07-15 18:21:39,576 | INFO | Buses fetched | count=6
2026-07-15 18:21:41,762 | INFO | Bookings fetched | count=0
2026-07-15 18:21:41,770 | INFO | Bookings fetched | count=0
2026-07-15 18:21:41,800 | INFO | Hotel bookings fetched | count=0
2026-07-15 18:21:41,805 | INFO | Hotel bookings fetched | count=0
2026-07-15 18:21:44,936 | INFO | Buses fetched | count=6
2026-07-15 18:21:44,943 | INFO | Buses fetched | count=6
2026-07-15 18:21:50,504 | INFO | Buses fetched | count=6
2026-07-15 18:21:50,514 | INFO | Buses fetched | count=6
2026-07-15 18:21:55,923 | INFO | Buses fetched | count=6
2026-07-15 18:21:55,940 | INFO | Buses fetched | count=6
2026-07-15 18:22:01,390 | INFO | Buses fetched | count=6
2026-07-15 18:22:01,405 | INFO | Buses fetched | count=6
2026-07-15 18:22:07,004 | INFO | Buses fetched | count=6
2026-07-15 18:22:07,014 | INFO | Buses fetched | count=6
2026-07-15 18:22:12,825 | INFO | Buses fetched | count=6
2026-07-15 18:22:12,844 | INFO | Buses fetched | count=6
2026-07-15 18:22:18,427 | INFO | Buses fetched | count=6
2026-07-15 18:22:18,437 | INFO | Buses fetched | count=6
2026-07-15 18:22:20,888 | INFO | Buses fetched | count=6
2026-07-15 18:22:20,896 | INFO | Buses fetched | count=6
2026-07-15 18:22:53,614 | INFO | Buses fetched | count=6
2026-07-15 18:22:53,624 | INFO | Buses fetched | count=6
2026-07-15 18:22:55,869 | INFO | Buses fetched | count=6
2026-07-15 18:22:55,879 | INFO | Buses fetched | count=6
2026-07-15 18:22:58,202 | INFO | Buses fetched | count=6
2026-07-15 18:22:58,213 | INFO | Buses fetched | count=6
2026-07-15 18:23:00,467 | INFO | Bookings fetched | count=0
2026-07-15 18:23:00,478 | INFO | Bookings fetched | count=0
2026-07-15 18:23:00,513 | INFO | Hotel bookings fetched | count=0
2026-07-15 18:23:00,521 | INFO | Hotel bookings fetched | count=0
2026-07-15 18:23:03,619 | INFO | Buses fetched | count=6
2026-07-15 18:23:03,630 | INFO | Buses fetched | count=6
2026-07-15 18:23:09,172 | INFO | Trains fetched | count=10
2026-07-15 18:23:09,186 | INFO | Trains fetched | count=10
2026-07-15 18:23:14,647 | INFO | Trains fetched | count=10
2026-07-15 18:23:14,663 | INFO | Trains fetched | count=10
2026-07-15 18:23:16,914 | INFO | Trains fetched | count=10
2026-07-15 18:23:16,922 | INFO | Trains fetched | count=10
2026-07-15 18:23:49,366 | INFO | Trains fetched | count=10
2026-07-15 18:23:49,379 | INFO | Trains fetched | count=10
2026-07-15 18:23:51,600 | INFO | Bookings fetched | count=0
2026-07-15 18:23:51,607 | INFO | Bookings fetched | count=0
2026-07-15 18:23:51,636 | INFO | Hotel bookings fetched | count=0
2026-07-15 18:23:51,642 | INFO | Hotel bookings fetched | count=0
2026-07-15 18:23:54,757 | INFO | Trains fetched | count=10
2026-07-15 18:23:54,765 | INFO | Trains fetched | count=10
2026-07-15 18:24:00,276 | INFO | Trains fetched | count=10
2026-07-15 18:24:00,290 | INFO | Trains fetched | count=10
2026-07-15 18:24:05,671 | INFO | Trains fetched | count=10
2026-07-15 18:24:05,690 | INFO | Trains fetched | count=10
2026-07-15 18:24:11,162 | INFO | Trains fetched | count=10
2026-07-15 18:24:11,177 | INFO | Trains fetched | count=10
2026-07-15 18:24:16,830 | INFO | Trains fetched | count=10
2026-07-15 18:24:16,847 | INFO | Trains fetched | count=10
2026-07-15 18:24:22,198 | INFO | Trains fetched | count=10
2026-07-15 18:24:22,208 | INFO | Trains fetched | count=10
2026-07-15 18:24:27,767 | INFO | Trains fetched | count=10
2026-07-15 18:24:27,779 | INFO | Trains fetched | count=10
2026-07-15 18:24:30,021 | INFO | Trains fetched | count=10
2026-07-15 18:24:30,030 | INFO | Trains fetched | count=10
2026-07-15 18:25:02,742 | INFO | Trains fetched | count=10
2026-07-15 18:25:02,752 | INFO | Trains fetched | count=10
2026-07-15 18:25:05,002 | INFO | Trains fetched | count=10
2026-07-15 18:25:05,011 | INFO | Trains fetched | count=10
2026-07-15 18:25:07,262 | INFO | Trains fetched | count=10
2026-07-15 18:25:07,270 | INFO | Trains fetched | count=10
2026-07-15 18:25:11,571 | INFO | Bookings fetched | count=0
2026-07-15 18:25:11,580 | INFO | Bookings fetched | count=0
2026-07-15 18:25:11,609 | INFO | Hotel bookings fetched | count=0
2026-07-15 18:25:11,615 | INFO | Hotel bookings fetched | count=0
2026-07-15 18:25:14,770 | INFO | Trains fetched | count=10
2026-07-15 18:25:14,781 | INFO | Trains fetched | count=10
2026-07-15 18:25:20,165 | INFO | Hotels fetched | count=8
2026-07-15 18:25:20,175 | INFO | Hotels fetched | count=8
2026-07-15 18:25:25,612 | INFO | Hotels fetched | count=8
2026-07-15 18:25:25,621 | INFO | Hotels fetched | count=8
2026-07-15 18:25:27,846 | INFO | Hotels fetched | count=8
2026-07-15 18:25:27,853 | INFO | Hotels fetched | count=8
2026-07-15 18:26:00,155 | INFO | Hotels fetched | count=8
2026-07-15 18:26:00,164 | INFO | Hotels fetched | count=8
2026-07-15 18:26:02,406 | INFO | Bookings fetched | count=0
2026-07-15 18:26:02,412 | INFO | Bookings fetched | count=0
2026-07-15 18:26:02,442 | INFO | Hotel bookings fetched | count=0
2026-07-15 18:26:02,449 | INFO | Hotel bookings fetched | count=0
2026-07-15 18:26:05,549 | INFO | Hotels fetched | count=8
2026-07-15 18:26:05,557 | INFO | Hotels fetched | count=8
2026-07-15 18:26:10,974 | INFO | Hotels fetched | count=8
2026-07-15 18:26:10,986 | INFO | Hotels fetched | count=8
2026-07-15 18:26:16,680 | INFO | Hotels fetched | count=8
2026-07-15 18:26:16,695 | INFO | Hotels fetched | count=8
2026-07-15 18:26:22,083 | INFO | Hotels fetched | count=8
2026-07-15 18:26:22,095 | INFO | Hotels fetched | count=8
2026-07-15 18:26:27,635 | INFO | Hotels fetched | count=8
2026-07-15 18:26:27,644 | INFO | Hotels fetched | count=8
2026-07-15 18:26:29,866 | INFO | Hotels fetched | count=8
2026-07-15 18:26:29,873 | INFO | Hotels fetched | count=8
2026-07-15 18:27:02,141 | INFO | Hotels fetched | count=8
2026-07-15 18:27:02,152 | INFO | Hotels fetched | count=8
2026-07-15 18:27:04,494 | INFO | Hotels fetched | count=8
2026-07-15 18:27:04,500 | INFO | Hotels fetched | count=8
2026-07-15 18:27:06,778 | INFO | Hotels fetched | count=8
2026-07-15 18:27:06,784 | INFO | Hotels fetched | count=8
2026-07-15 18:27:08,985 | INFO | Bookings fetched | count=0
2026-07-15 18:27:08,992 | INFO | Bookings fetched | count=0
2026-07-15 18:27:09,019 | INFO | Hotel bookings fetched | count=0
2026-07-15 18:27:09,024 | INFO | Hotel bookings fetched | count=0
2026-07-15 18:27:12,159 | INFO | Hotels fetched | count=8
2026-07-15 18:27:12,167 | INFO | Hotels fetched | count=8
